Address,Referrer,Block Number,Transaction Hash,Timestamp,Date
0xeb0a38a05b4cf356e9bfab6aecdc75d016540d0b,0x0000000000000000000000005c2379feb7e0380d,58055174,0x2d01ae4be90df7b60f07a47508e12f18135e182f7c48f66445c9066a967f293c,1755539534,2025-08-18T17:52:14.000Z
0xeb0a38a05b4cf356e9bfab6aecdc75d016540d0b,0x000000000000000000000000f3be19f07631fc43,58055174,0x2d01ae4be90df7b60f07a47508e12f18135e182f7c48f66445c9066a967f293c,1755539534,2025-08-18T17:52:14.000Z
0xeb0a38a05b4cf356e9bfab6aecdc75d016540d0b,0x0000000000000000000000000e5cd4c82f2dc41c,58055174,0x2d01ae4be90df7b60f07a47508e12f18135e182f7c48f66445c9066a967f293c,1755539534,2025-08-18T17:52:14.000Z
0xeb0a38a05b4cf356e9bfab6aecdc75d016540d0b,0x000000000000000000000000de5b54362e53ef23,58055174,0x2d01ae4be90df7b60f07a47508e12f18135e182f7c48f66445c9066a967f293c,1755539534,2025-08-18T17:52:14.000Z
0x842cdd2a6be2452ec3265628a15514d2363c0101,0x000000000000000000000000eb0a38a05b4cf356,58131057,0x6cdd823b3301b31eac424624ddabd73db64c5f47e8b341f2c29fb9223378858f,1755596453,2025-08-19T09:40:53.000Z
0x842cdd2a6be2452ec3265628a15514d2363c0101,0x0000000000000000000000005c2379feb7e0380d,58131057,0x6cdd823b3301b31eac424624ddabd73db64c5f47e8b341f2c29fb9223378858f,1755596453,2025-08-19T09:40:53.000Z
0x842cdd2a6be2452ec3265628a15514d2363c0101,0x000000000000000000000000f3be19f07631fc43,58131057,0x6cdd823b3301b31eac424624ddabd73db64c5f47e8b341f2c29fb9223378858f,1755596453,2025-08-19T09:40:53.000Z
0x842cdd2a6be2452ec3265628a15514d2363c0101,0x000000000000000000000000de5b54362e53ef23,58131057,0x6cdd823b3301b31eac424624ddabd73db64c5f47e8b341f2c29fb9223378858f,1755596453,2025-08-19T09:40:53.000Z
0xb2b98660ee73de2ea3c718c60b315c49417903aa,0x000000000000000000000000842cdd2a6be2452e,58131229,0xf92303a7bafeba422f85d527b38afe7080fc227c2a6b853423126fc84d4874ef,1755596582,2025-08-19T09:43:02.000Z
0xb2b98660ee73de2ea3c718c60b315c49417903aa,0x000000000000000000000000eb0a38a05b4cf356,58131229,0xf92303a7bafeba422f85d527b38afe7080fc227c2a6b853423126fc84d4874ef,1755596582,2025-08-19T09:43:02.000Z
0xb2b98660ee73de2ea3c718c60b315c49417903aa,0x0000000000000000000000005c2379feb7e0380d,58131229,0xf92303a7bafeba422f85d527b38afe7080fc227c2a6b853423126fc84d4874ef,1755596582,2025-08-19T09:43:02.000Z
0xb2b98660ee73de2ea3c718c60b315c49417903aa,0x000000000000000000000000de5b54362e53ef23,58131229,0xf92303a7bafeba422f85d527b38afe7080fc227c2a6b853423126fc84d4874ef,1755596582,2025-08-19T09:43:02.000Z
0x88ecbcc049b7d047b2d3f01e3470fc2c6fdda1fc,0x000000000000000000000000b2b98660ee73de2e,58148483,0x57d893255a2ad3f6ad05a6f013084bc3e97a566ae7c1d18fbc54e0055a89f988,1755609524,2025-08-19T13:18:44.000Z
0x88ecbcc049b7d047b2d3f01e3470fc2c6fdda1fc,0x000000000000000000000000842cdd2a6be2452e,58148483,0x57d893255a2ad3f6ad05a6f013084bc3e97a566ae7c1d18fbc54e0055a89f988,1755609524,2025-08-19T13:18:44.000Z
0x88ecbcc049b7d047b2d3f01e3470fc2c6fdda1fc,0x000000000000000000000000eb0a38a05b4cf356,58148483,0x57d893255a2ad3f6ad05a6f013084bc3e97a566ae7c1d18fbc54e0055a89f988,1755609524,2025-08-19T13:18:44.000Z
0x88ecbcc049b7d047b2d3f01e3470fc2c6fdda1fc,0x000000000000000000000000de5b54362e53ef23,58148483,0x57d893255a2ad3f6ad05a6f013084bc3e97a566ae7c1d18fbc54e0055a89f988,1755609524,2025-08-19T13:18:44.000Z
0xbfc98b74262ab23245706882d6c8faf4cad484d7,0x000000000000000000000000b2b98660ee73de2e,58151669,0xa92149f3994732ccaabfdc2fc06b3586d4aa8af276e94638ced945713e91c466,1755611913,2025-08-19T13:58:33.000Z
0xbfc98b74262ab23245706882d6c8faf4cad484d7,0x000000000000000000000000842cdd2a6be2452e,58151669,0xa92149f3994732ccaabfdc2fc06b3586d4aa8af276e94638ced945713e91c466,1755611913,2025-08-19T13:58:33.000Z
0xbfc98b74262ab23245706882d6c8faf4cad484d7,0x000000000000000000000000eb0a38a05b4cf356,58151669,0xa92149f3994732ccaabfdc2fc06b3586d4aa8af276e94638ced945713e91c466,1755611913,2025-08-19T13:58:33.000Z
0xbfc98b74262ab23245706882d6c8faf4cad484d7,0x000000000000000000000000de5b54362e53ef23,58151669,0xa92149f3994732ccaabfdc2fc06b3586d4aa8af276e94638ced945713e91c466,1755611913,2025-08-19T13:58:33.000Z
0x4b4909153082445df265df63ccc80f598638363c,0x000000000000000000000000bfc98b74262ab232,58152690,0x330878127b329e647590ec191533ce4e409e146b0de28bfa18d84bf02a2be7d7,1755612679,2025-08-19T14:11:19.000Z
0x4b4909153082445df265df63ccc80f598638363c,0x000000000000000000000000b2b98660ee73de2e,58152690,0x330878127b329e647590ec191533ce4e409e146b0de28bfa18d84bf02a2be7d7,1755612679,2025-08-19T14:11:19.000Z
0x4b4909153082445df265df63ccc80f598638363c,0x000000000000000000000000842cdd2a6be2452e,58152690,0x330878127b329e647590ec191533ce4e409e146b0de28bfa18d84bf02a2be7d7,1755612679,2025-08-19T14:11:19.000Z
0x4b4909153082445df265df63ccc80f598638363c,0x000000000000000000000000de5b54362e53ef23,58152690,0x330878127b329e647590ec191533ce4e409e146b0de28bfa18d84bf02a2be7d7,1755612679,2025-08-19T14:11:19.000Z
0x66ea89ce48e54966521a538c8f02cad8684eae59,0x0000000000000000000000004b4909153082445d,58152742,0xb1345321a5eaf67ff0b319f9f2020315c29973a40194458adccabf7eab09d59d,1755612718,2025-08-19T14:11:58.000Z
0x66ea89ce48e54966521a538c8f02cad8684eae59,0x000000000000000000000000bfc98b74262ab232,58152742,0xb1345321a5eaf67ff0b319f9f2020315c29973a40194458adccabf7eab09d59d,1755612718,2025-08-19T14:11:58.000Z
0x66ea89ce48e54966521a538c8f02cad8684eae59,0x000000000000000000000000b2b98660ee73de2e,58152742,0xb1345321a5eaf67ff0b319f9f2020315c29973a40194458adccabf7eab09d59d,1755612718,2025-08-19T14:11:58.000Z
0x66ea89ce48e54966521a538c8f02cad8684eae59,0x000000000000000000000000de5b54362e53ef23,58152742,0xb1345321a5eaf67ff0b319f9f2020315c29973a40194458adccabf7eab09d59d,1755612718,2025-08-19T14:11:58.000Z
0xb2b01bd34e3df845028e66a68accc936c0081f98,0x00000000000000000000000066ea89ce48e54966,58163483,0x366259875f3304296f362747ec1cbd63631038102be83f6163ee73e75fa67a3c,1755620775,2025-08-19T16:26:15.000Z
0xb2b01bd34e3df845028e66a68accc936c0081f98,0x0000000000000000000000004b4909153082445d,58163483,0x366259875f3304296f362747ec1cbd63631038102be83f6163ee73e75fa67a3c,1755620775,2025-08-19T16:26:15.000Z
0xb2b01bd34e3df845028e66a68accc936c0081f98,0x000000000000000000000000bfc98b74262ab232,58163483,0x366259875f3304296f362747ec1cbd63631038102be83f6163ee73e75fa67a3c,1755620775,2025-08-19T16:26:15.000Z
0xb2b01bd34e3df845028e66a68accc936c0081f98,0x000000000000000000000000de5b54362e53ef23,58163483,0x366259875f3304296f362747ec1cbd63631038102be83f6163ee73e75fa67a3c,1755620775,2025-08-19T16:26:15.000Z
0x83c81a3c9292c07967cd6171a6d1562ac3166828,0x00000000000000000000000066ea89ce48e54966,58163768,0x669303e3e0188e155e1022b39b7715da37e45d1a6d49a8096ddb187fae5e77e7,1755620988,2025-08-19T16:29:48.000Z
0x83c81a3c9292c07967cd6171a6d1562ac3166828,0x0000000000000000000000004b4909153082445d,58163768,0x669303e3e0188e155e1022b39b7715da37e45d1a6d49a8096ddb187fae5e77e7,1755620988,2025-08-19T16:29:48.000Z
0x83c81a3c9292c07967cd6171a6d1562ac3166828,0x000000000000000000000000bfc98b74262ab232,58163768,0x669303e3e0188e155e1022b39b7715da37e45d1a6d49a8096ddb187fae5e77e7,1755620988,2025-08-19T16:29:48.000Z
0x83c81a3c9292c07967cd6171a6d1562ac3166828,0x000000000000000000000000de5b54362e53ef23,58163768,0x669303e3e0188e155e1022b39b7715da37e45d1a6d49a8096ddb187fae5e77e7,1755620988,2025-08-19T16:29:48.000Z
0x619899c37b476eb246e76f6105d5edeb5f3d2ce1,0x000000000000000000000000b2b01bd34e3df845,58164662,0x91ae2c1db5c5be25726f0a519df3e0d9ca64cc72f7a5ee2dfa2e8da49c97470a,1755621659,2025-08-19T16:40:59.000Z
0x619899c37b476eb246e76f6105d5edeb5f3d2ce1,0x00000000000000000000000066ea89ce48e54966,58164662,0x91ae2c1db5c5be25726f0a519df3e0d9ca64cc72f7a5ee2dfa2e8da49c97470a,1755621659,2025-08-19T16:40:59.000Z
0x619899c37b476eb246e76f6105d5edeb5f3d2ce1,0x0000000000000000000000004b4909153082445d,58164662,0x91ae2c1db5c5be25726f0a519df3e0d9ca64cc72f7a5ee2dfa2e8da49c97470a,1755621659,2025-08-19T16:40:59.000Z
0x619899c37b476eb246e76f6105d5edeb5f3d2ce1,0x000000000000000000000000de5b54362e53ef23,58164662,0x91ae2c1db5c5be25726f0a519df3e0d9ca64cc72f7a5ee2dfa2e8da49c97470a,1755621659,2025-08-19T16:40:59.000Z
0x63bd088860b980e67365aefff211b78a700249ab,0x000000000000000000000000b2b01bd34e3df845,58165904,0x8ed524815868184ab5cd43f1fadcd2d682903a0ee5369e311a8212a34d514c71,1755622590,2025-08-19T16:56:30.000Z
0x63bd088860b980e67365aefff211b78a700249ab,0x00000000000000000000000066ea89ce48e54966,58165904,0x8ed524815868184ab5cd43f1fadcd2d682903a0ee5369e311a8212a34d514c71,1755622590,2025-08-19T16:56:30.000Z
0x63bd088860b980e67365aefff211b78a700249ab,0x0000000000000000000000004b4909153082445d,58165904,0x8ed524815868184ab5cd43f1fadcd2d682903a0ee5369e311a8212a34d514c71,1755622590,2025-08-19T16:56:30.000Z
0x63bd088860b980e67365aefff211b78a700249ab,0x000000000000000000000000de5b54362e53ef23,58165904,0x8ed524815868184ab5cd43f1fadcd2d682903a0ee5369e311a8212a34d514c71,1755622590,2025-08-19T16:56:30.000Z
0x9b04f98890c6a849bf114481ea277577696e0a7e,0x000000000000000000000000b2b01bd34e3df845,58166042,0x7741b5237a38cc9ce56ad8384a322c97c3593e337704a52f79d78001a2b35ed6,1755622694,2025-08-19T16:58:14.000Z
0x9b04f98890c6a849bf114481ea277577696e0a7e,0x00000000000000000000000066ea89ce48e54966,58166042,0x7741b5237a38cc9ce56ad8384a322c97c3593e337704a52f79d78001a2b35ed6,1755622694,2025-08-19T16:58:14.000Z
0x9b04f98890c6a849bf114481ea277577696e0a7e,0x0000000000000000000000004b4909153082445d,58166042,0x7741b5237a38cc9ce56ad8384a322c97c3593e337704a52f79d78001a2b35ed6,1755622694,2025-08-19T16:58:14.000Z
0x9b04f98890c6a849bf114481ea277577696e0a7e,0x000000000000000000000000de5b54362e53ef23,58166042,0x7741b5237a38cc9ce56ad8384a322c97c3593e337704a52f79d78001a2b35ed6,1755622694,2025-08-19T16:58:14.000Z
0x5b7e21feb9c32c2b4c11e8a124c07c357b005052,0x000000000000000000000000b2b98660ee73de2e,58169389,0x876136dc8db895657abc9a829277ce5b0b7a4ca5facce65a2239ccb589289bd7,1755625204,2025-08-19T17:40:04.000Z
0x5b7e21feb9c32c2b4c11e8a124c07c357b005052,0x000000000000000000000000842cdd2a6be2452e,58169389,0x876136dc8db895657abc9a829277ce5b0b7a4ca5facce65a2239ccb589289bd7,1755625204,2025-08-19T17:40:04.000Z
0x5b7e21feb9c32c2b4c11e8a124c07c357b005052,0x000000000000000000000000eb0a38a05b4cf356,58169389,0x876136dc8db895657abc9a829277ce5b0b7a4ca5facce65a2239ccb589289bd7,1755625204,2025-08-19T17:40:04.000Z
0x5b7e21feb9c32c2b4c11e8a124c07c357b005052,0x000000000000000000000000de5b54362e53ef23,58169389,0x876136dc8db895657abc9a829277ce5b0b7a4ca5facce65a2239ccb589289bd7,1755625204,2025-08-19T17:40:04.000Z
0x88677928d919004a0711fa03a6b6c90b8e33d9f3,0x0000000000000000000000005b7e21feb9c32c2b,58169521,0x4d010317474f8cea058b6872c60ea8f49f8ab6640ff8d736e5292b723181d467,1755625303,2025-08-19T17:41:43.000Z
0x88677928d919004a0711fa03a6b6c90b8e33d9f3,0x000000000000000000000000b2b98660ee73de2e,58169521,0x4d010317474f8cea058b6872c60ea8f49f8ab6640ff8d736e5292b723181d467,1755625303,2025-08-19T17:41:43.000Z
0x88677928d919004a0711fa03a6b6c90b8e33d9f3,0x000000000000000000000000842cdd2a6be2452e,58169521,0x4d010317474f8cea058b6872c60ea8f49f8ab6640ff8d736e5292b723181d467,1755625303,2025-08-19T17:41:43.000Z
0x88677928d919004a0711fa03a6b6c90b8e33d9f3,0x000000000000000000000000de5b54362e53ef23,58169521,0x4d010317474f8cea058b6872c60ea8f49f8ab6640ff8d736e5292b723181d467,1755625303,2025-08-19T17:41:43.000Z
0xd3670aab76fa2fe40f23097db05469cd093f1728,0x00000000000000000000000088677928d919004a,58170425,0x99dfa5c03d26fd2b6749c85895e7f8c64c4b195783a5383bbc88ebe512355a03,1755625981,2025-08-19T17:53:01.000Z
0xd3670aab76fa2fe40f23097db05469cd093f1728,0x0000000000000000000000005b7e21feb9c32c2b,58170425,0x99dfa5c03d26fd2b6749c85895e7f8c64c4b195783a5383bbc88ebe512355a03,1755625981,2025-08-19T17:53:01.000Z
0xd3670aab76fa2fe40f23097db05469cd093f1728,0x000000000000000000000000b2b98660ee73de2e,58170425,0x99dfa5c03d26fd2b6749c85895e7f8c64c4b195783a5383bbc88ebe512355a03,1755625981,2025-08-19T17:53:01.000Z
0xd3670aab76fa2fe40f23097db05469cd093f1728,0x000000000000000000000000de5b54362e53ef23,58170425,0x99dfa5c03d26fd2b6749c85895e7f8c64c4b195783a5383bbc88ebe512355a03,1755625981,2025-08-19T17:53:01.000Z
0xdf9729e425c7e2be8187b6343eea47db6a3e9335,0x00000000000000000000000088677928d919004a,58170844,0x799d0ab9c7c721327a7b5539bddcc9d3371ce19d610a6d0871d11d4585e7a53c,1755626295,2025-08-19T17:58:15.000Z
0xdf9729e425c7e2be8187b6343eea47db6a3e9335,0x0000000000000000000000005b7e21feb9c32c2b,58170844,0x799d0ab9c7c721327a7b5539bddcc9d3371ce19d610a6d0871d11d4585e7a53c,1755626295,2025-08-19T17:58:15.000Z
0xdf9729e425c7e2be8187b6343eea47db6a3e9335,0x000000000000000000000000b2b98660ee73de2e,58170844,0x799d0ab9c7c721327a7b5539bddcc9d3371ce19d610a6d0871d11d4585e7a53c,1755626295,2025-08-19T17:58:15.000Z
0xdf9729e425c7e2be8187b6343eea47db6a3e9335,0x000000000000000000000000de5b54362e53ef23,58170844,0x799d0ab9c7c721327a7b5539bddcc9d3371ce19d610a6d0871d11d4585e7a53c,1755626295,2025-08-19T17:58:15.000Z
0x56b1094c199961a080da5f3f8f2523846feef3d3,0x000000000000000000000000df9729e425c7e2be,58171586,0xbe5db8ae24c90760039a2b52648647d684dd6be179bae64015888bee26ac671e,1755626852,2025-08-19T18:07:32.000Z
0x56b1094c199961a080da5f3f8f2523846feef3d3,0x00000000000000000000000088677928d919004a,58171586,0xbe5db8ae24c90760039a2b52648647d684dd6be179bae64015888bee26ac671e,1755626852,2025-08-19T18:07:32.000Z
0x56b1094c199961a080da5f3f8f2523846feef3d3,0x0000000000000000000000005b7e21feb9c32c2b,58171586,0xbe5db8ae24c90760039a2b52648647d684dd6be179bae64015888bee26ac671e,1755626852,2025-08-19T18:07:32.000Z
0x56b1094c199961a080da5f3f8f2523846feef3d3,0x000000000000000000000000de5b54362e53ef23,58171586,0xbe5db8ae24c90760039a2b52648647d684dd6be179bae64015888bee26ac671e,1755626852,2025-08-19T18:07:32.000Z
0x448c8b07bf33ea42f2ecdc8412f03499250d427f,0x000000000000000000000000d3670aab76fa2fe4,58173245,0xa2e9a4dfcc9869497e9ac54fa19e9d1950dbccba62ea2307c89c1f8e563bdf81,1755628097,2025-08-19T18:28:17.000Z
0x448c8b07bf33ea42f2ecdc8412f03499250d427f,0x00000000000000000000000088677928d919004a,58173245,0xa2e9a4dfcc9869497e9ac54fa19e9d1950dbccba62ea2307c89c1f8e563bdf81,1755628097,2025-08-19T18:28:17.000Z
0x448c8b07bf33ea42f2ecdc8412f03499250d427f,0x0000000000000000000000005b7e21feb9c32c2b,58173245,0xa2e9a4dfcc9869497e9ac54fa19e9d1950dbccba62ea2307c89c1f8e563bdf81,1755628097,2025-08-19T18:28:17.000Z
0x448c8b07bf33ea42f2ecdc8412f03499250d427f,0x000000000000000000000000de5b54362e53ef23,58173245,0xa2e9a4dfcc9869497e9ac54fa19e9d1950dbccba62ea2307c89c1f8e563bdf81,1755628097,2025-08-19T18:28:17.000Z
0xd10f420f61fb8e7c9178079a0b0683e38fbed649,0x000000000000000000000000df9729e425c7e2be,58173983,0xc3cbc24420583c91932c4a5f1b90da93241a7ebcc41b5191d57421ed89e26f9c,1755628650,2025-08-19T18:37:30.000Z
0xd10f420f61fb8e7c9178079a0b0683e38fbed649,0x00000000000000000000000088677928d919004a,58173983,0xc3cbc24420583c91932c4a5f1b90da93241a7ebcc41b5191d57421ed89e26f9c,1755628650,2025-08-19T18:37:30.000Z
0xd10f420f61fb8e7c9178079a0b0683e38fbed649,0x0000000000000000000000005b7e21feb9c32c2b,58173983,0xc3cbc24420583c91932c4a5f1b90da93241a7ebcc41b5191d57421ed89e26f9c,1755628650,2025-08-19T18:37:30.000Z
0xd10f420f61fb8e7c9178079a0b0683e38fbed649,0x000000000000000000000000de5b54362e53ef23,58173983,0xc3cbc24420583c91932c4a5f1b90da93241a7ebcc41b5191d57421ed89e26f9c,1755628650,2025-08-19T18:37:30.000Z
0x3c6f7724a562e21202bb3ae9fab50539a7fa6f6a,0x00000000000000000000000056b1094c199961a0,58174200,0x073d700dfe2064985f428aa760824c805509b198b18486f4893f0e61d37dab41,1755628813,2025-08-19T18:40:13.000Z
0x3c6f7724a562e21202bb3ae9fab50539a7fa6f6a,0x000000000000000000000000df9729e425c7e2be,58174200,0x073d700dfe2064985f428aa760824c805509b198b18486f4893f0e61d37dab41,1755628813,2025-08-19T18:40:13.000Z
0x3c6f7724a562e21202bb3ae9fab50539a7fa6f6a,0x00000000000000000000000088677928d919004a,58174200,0x073d700dfe2064985f428aa760824c805509b198b18486f4893f0e61d37dab41,1755628813,2025-08-19T18:40:13.000Z
0x3c6f7724a562e21202bb3ae9fab50539a7fa6f6a,0x000000000000000000000000de5b54362e53ef23,58174200,0x073d700dfe2064985f428aa760824c805509b198b18486f4893f0e61d37dab41,1755628813,2025-08-19T18:40:13.000Z
0x836e659a3e173a60b5b75f75292647287e86f6de,0x000000000000000000000000d10f420f61fb8e7c,58174649,0xb3569a06b31312d50ab65d4a84aec6da8930c4e6bee842cde81746f3729efd6a,1755629150,2025-08-19T18:45:50.000Z
0x836e659a3e173a60b5b75f75292647287e86f6de,0x000000000000000000000000df9729e425c7e2be,58174649,0xb3569a06b31312d50ab65d4a84aec6da8930c4e6bee842cde81746f3729efd6a,1755629150,2025-08-19T18:45:50.000Z
0x836e659a3e173a60b5b75f75292647287e86f6de,0x00000000000000000000000088677928d919004a,58174649,0xb3569a06b31312d50ab65d4a84aec6da8930c4e6bee842cde81746f3729efd6a,1755629150,2025-08-19T18:45:50.000Z
0x836e659a3e173a60b5b75f75292647287e86f6de,0x000000000000000000000000de5b54362e53ef23,58174649,0xb3569a06b31312d50ab65d4a84aec6da8930c4e6bee842cde81746f3729efd6a,1755629150,2025-08-19T18:45:50.000Z
0x4326a4441a01a4e7d030684ad6d244b69aa6c58b,0x000000000000000000000000836e659a3e173a60,58175475,0x3b6a0ca9f7953ee193f732b2691a33bb540a59a741bea4159516dcd74667a119,1755629769,2025-08-19T18:56:09.000Z
0x4326a4441a01a4e7d030684ad6d244b69aa6c58b,0x000000000000000000000000d10f420f61fb8e7c,58175475,0x3b6a0ca9f7953ee193f732b2691a33bb540a59a741bea4159516dcd74667a119,1755629769,2025-08-19T18:56:09.000Z
0x4326a4441a01a4e7d030684ad6d244b69aa6c58b,0x000000000000000000000000df9729e425c7e2be,58175475,0x3b6a0ca9f7953ee193f732b2691a33bb540a59a741bea4159516dcd74667a119,1755629769,2025-08-19T18:56:09.000Z
0x4326a4441a01a4e7d030684ad6d244b69aa6c58b,0x000000000000000000000000de5b54362e53ef23,58175475,0x3b6a0ca9f7953ee193f732b2691a33bb540a59a741bea4159516dcd74667a119,1755629769,2025-08-19T18:56:09.000Z
0x1b49e177b8dfe3fe0d74b69eee469161767c2c44,0x0000000000000000000000004326a4441a01a4e7,58175695,0xb38346b28c7980a63ae6cc72a38f7e16312989575edfa776e8413b1b52003171,1755629934,2025-08-19T18:58:54.000Z
0x1b49e177b8dfe3fe0d74b69eee469161767c2c44,0x000000000000000000000000836e659a3e173a60,58175695,0xb38346b28c7980a63ae6cc72a38f7e16312989575edfa776e8413b1b52003171,1755629934,2025-08-19T18:58:54.000Z
0x1b49e177b8dfe3fe0d74b69eee469161767c2c44,0x000000000000000000000000d10f420f61fb8e7c,58175695,0xb38346b28c7980a63ae6cc72a38f7e16312989575edfa776e8413b1b52003171,1755629934,2025-08-19T18:58:54.000Z
0x1b49e177b8dfe3fe0d74b69eee469161767c2c44,0x000000000000000000000000de5b54362e53ef23,58175695,0xb38346b28c7980a63ae6cc72a38f7e16312989575edfa776e8413b1b52003171,1755629934,2025-08-19T18:58:54.000Z
0xed316d698667c262ba989df3a392e2d9a1e1021f,0x000000000000000000000000d10f420f61fb8e7c,58175707,0xa5c826518cc8b29a4973d298935e98953961bd4d9dcb14cda001ef7a7215c216,1755629943,2025-08-19T18:59:03.000Z
0xed316d698667c262ba989df3a392e2d9a1e1021f,0x000000000000000000000000df9729e425c7e2be,58175707,0xa5c826518cc8b29a4973d298935e98953961bd4d9dcb14cda001ef7a7215c216,1755629943,2025-08-19T18:59:03.000Z
0xed316d698667c262ba989df3a392e2d9a1e1021f,0x00000000000000000000000088677928d919004a,58175707,0xa5c826518cc8b29a4973d298935e98953961bd4d9dcb14cda001ef7a7215c216,1755629943,2025-08-19T18:59:03.000Z
0xed316d698667c262ba989df3a392e2d9a1e1021f,0x000000000000000000000000de5b54362e53ef23,58175707,0xa5c826518cc8b29a4973d298935e98953961bd4d9dcb14cda001ef7a7215c216,1755629943,2025-08-19T18:59:03.000Z
0xd2dd610da3363d3fe0af4de0bee937de69653072,0x0000000000000000000000001b49e177b8dfe3fe,58176132,0x0d2495ce2ce78fee95030d5201b1004cb1bef61247e3fe98430a84bdae1bf769,1755630262,2025-08-19T19:04:22.000Z
0xd2dd610da3363d3fe0af4de0bee937de69653072,0x0000000000000000000000004326a4441a01a4e7,58176132,0x0d2495ce2ce78fee95030d5201b1004cb1bef61247e3fe98430a84bdae1bf769,1755630262,2025-08-19T19:04:22.000Z
0xd2dd610da3363d3fe0af4de0bee937de69653072,0x000000000000000000000000836e659a3e173a60,58176132,0x0d2495ce2ce78fee95030d5201b1004cb1bef61247e3fe98430a84bdae1bf769,1755630262,2025-08-19T19:04:22.000Z
0xd2dd610da3363d3fe0af4de0bee937de69653072,0x000000000000000000000000de5b54362e53ef23,58176132,0x0d2495ce2ce78fee95030d5201b1004cb1bef61247e3fe98430a84bdae1bf769,1755630262,2025-08-19T19:04:22.000Z
0xa873cfe4c4eaa4e52e1c33d8b7d0f6ca07d22726,0x0000000000000000000000003c6f7724a562e212,58176573,0x65792646ed224e3b96b4e988eebc8ca45d65a8055e118edaa26190de7ac826a8,1755630593,2025-08-19T19:09:53.000Z
0xa873cfe4c4eaa4e52e1c33d8b7d0f6ca07d22726,0x00000000000000000000000056b1094c199961a0,58176573,0x65792646ed224e3b96b4e988eebc8ca45d65a8055e118edaa26190de7ac826a8,1755630593,2025-08-19T19:09:53.000Z
0xa873cfe4c4eaa4e52e1c33d8b7d0f6ca07d22726,0x000000000000000000000000df9729e425c7e2be,58176573,0x65792646ed224e3b96b4e988eebc8ca45d65a8055e118edaa26190de7ac826a8,1755630593,2025-08-19T19:09:53.000Z
0xa873cfe4c4eaa4e52e1c33d8b7d0f6ca07d22726,0x000000000000000000000000de5b54362e53ef23,58176573,0x65792646ed224e3b96b4e988eebc8ca45d65a8055e118edaa26190de7ac826a8,1755630593,2025-08-19T19:09:53.000Z
0xf0bf1458e97d4800b051b0514dbc6682cfd0b8a9,0x000000000000000000000000a873cfe4c4eaa4e5,58176691,0xf0f58d9dd9db39f69a264e45f9dd692e3766f19f1734a76e10d49bdb74f76dde,1755630681,2025-08-19T19:11:21.000Z
0xf0bf1458e97d4800b051b0514dbc6682cfd0b8a9,0x0000000000000000000000003c6f7724a562e212,58176691,0xf0f58d9dd9db39f69a264e45f9dd692e3766f19f1734a76e10d49bdb74f76dde,1755630681,2025-08-19T19:11:21.000Z
0xf0bf1458e97d4800b051b0514dbc6682cfd0b8a9,0x00000000000000000000000056b1094c199961a0,58176691,0xf0f58d9dd9db39f69a264e45f9dd692e3766f19f1734a76e10d49bdb74f76dde,1755630681,2025-08-19T19:11:21.000Z
0xf0bf1458e97d4800b051b0514dbc6682cfd0b8a9,0x000000000000000000000000de5b54362e53ef23,58176691,0xf0f58d9dd9db39f69a264e45f9dd692e3766f19f1734a76e10d49bdb74f76dde,1755630681,2025-08-19T19:11:21.000Z
0xc22d6adc7abf937dafcce50efc7d3c7cb8f5c11c,0x000000000000000000000000ed316d698667c262,58176701,0x2797be4951a3fc6d5b2303262ff4fd6dfd9d54c00e83ca197c566da9a99fd0f8,1755630689,2025-08-19T19:11:29.000Z
0xc22d6adc7abf937dafcce50efc7d3c7cb8f5c11c,0x000000000000000000000000d10f420f61fb8e7c,58176701,0x2797be4951a3fc6d5b2303262ff4fd6dfd9d54c00e83ca197c566da9a99fd0f8,1755630689,2025-08-19T19:11:29.000Z
0xc22d6adc7abf937dafcce50efc7d3c7cb8f5c11c,0x000000000000000000000000df9729e425c7e2be,58176701,0x2797be4951a3fc6d5b2303262ff4fd6dfd9d54c00e83ca197c566da9a99fd0f8,1755630689,2025-08-19T19:11:29.000Z
0xc22d6adc7abf937dafcce50efc7d3c7cb8f5c11c,0x000000000000000000000000de5b54362e53ef23,58176701,0x2797be4951a3fc6d5b2303262ff4fd6dfd9d54c00e83ca197c566da9a99fd0f8,1755630689,2025-08-19T19:11:29.000Z
0x8d66facd7673f48c142dd1a83b93da6b46f146f0,0x000000000000000000000000d2dd610da3363d3f,58176792,0xf3fae4d48bbb78afc8bf652f37a0c0438768d0c300ff889688d6c15758f94050,1755630757,2025-08-19T19:12:37.000Z
0x8d66facd7673f48c142dd1a83b93da6b46f146f0,0x0000000000000000000000001b49e177b8dfe3fe,58176792,0xf3fae4d48bbb78afc8bf652f37a0c0438768d0c300ff889688d6c15758f94050,1755630757,2025-08-19T19:12:37.000Z
0x8d66facd7673f48c142dd1a83b93da6b46f146f0,0x0000000000000000000000004326a4441a01a4e7,58176792,0xf3fae4d48bbb78afc8bf652f37a0c0438768d0c300ff889688d6c15758f94050,1755630757,2025-08-19T19:12:37.000Z
0x8d66facd7673f48c142dd1a83b93da6b46f146f0,0x000000000000000000000000de5b54362e53ef23,58176792,0xf3fae4d48bbb78afc8bf652f37a0c0438768d0c300ff889688d6c15758f94050,1755630757,2025-08-19T19:12:37.000Z
0xf996cac6a862c5e9c1af6d7f4b936b33d6186174,0x000000000000000000000000c22d6adc7abf937d,58176946,0x37ee699c2f47689d67e8247c440aece3d4453123f5f47a10bd2b52d44b046886,1755630872,2025-08-19T19:14:32.000Z
0xf996cac6a862c5e9c1af6d7f4b936b33d6186174,0x000000000000000000000000ed316d698667c262,58176946,0x37ee699c2f47689d67e8247c440aece3d4453123f5f47a10bd2b52d44b046886,1755630872,2025-08-19T19:14:32.000Z
0xf996cac6a862c5e9c1af6d7f4b936b33d6186174,0x000000000000000000000000d10f420f61fb8e7c,58176946,0x37ee699c2f47689d67e8247c440aece3d4453123f5f47a10bd2b52d44b046886,1755630872,2025-08-19T19:14:32.000Z
0xf996cac6a862c5e9c1af6d7f4b936b33d6186174,0x000000000000000000000000de5b54362e53ef23,58176946,0x37ee699c2f47689d67e8247c440aece3d4453123f5f47a10bd2b52d44b046886,1755630872,2025-08-19T19:14:32.000Z
0xca6e0c7f0e524d4140762f58af6dd307614b189c,0x0000000000000000000000001b49e177b8dfe3fe,58177047,0xe0965ec865548834194cab3a0ba5ad57a4c28e27f7c63daaaccdb44b7f87ecb1,1755630948,2025-08-19T19:15:48.000Z
0xca6e0c7f0e524d4140762f58af6dd307614b189c,0x0000000000000000000000004326a4441a01a4e7,58177047,0xe0965ec865548834194cab3a0ba5ad57a4c28e27f7c63daaaccdb44b7f87ecb1,1755630948,2025-08-19T19:15:48.000Z
0xca6e0c7f0e524d4140762f58af6dd307614b189c,0x000000000000000000000000836e659a3e173a60,58177047,0xe0965ec865548834194cab3a0ba5ad57a4c28e27f7c63daaaccdb44b7f87ecb1,1755630948,2025-08-19T19:15:48.000Z
0xca6e0c7f0e524d4140762f58af6dd307614b189c,0x000000000000000000000000de5b54362e53ef23,58177047,0xe0965ec865548834194cab3a0ba5ad57a4c28e27f7c63daaaccdb44b7f87ecb1,1755630948,2025-08-19T19:15:48.000Z
0xba7926ab45fbb6bac7f05bb82e75d3f184190984,0x000000000000000000000000ca6e0c7f0e524d41,58177193,0xbd6a3e80bfc44fcd70704ce01058e36dbbbd3fbe6c10cf841c878f3549a9c236,1755631058,2025-08-19T19:17:38.000Z
0xba7926ab45fbb6bac7f05bb82e75d3f184190984,0x0000000000000000000000001b49e177b8dfe3fe,58177193,0xbd6a3e80bfc44fcd70704ce01058e36dbbbd3fbe6c10cf841c878f3549a9c236,1755631058,2025-08-19T19:17:38.000Z
0xba7926ab45fbb6bac7f05bb82e75d3f184190984,0x0000000000000000000000004326a4441a01a4e7,58177193,0xbd6a3e80bfc44fcd70704ce01058e36dbbbd3fbe6c10cf841c878f3549a9c236,1755631058,2025-08-19T19:17:38.000Z
0xba7926ab45fbb6bac7f05bb82e75d3f184190984,0x000000000000000000000000de5b54362e53ef23,58177193,0xbd6a3e80bfc44fcd70704ce01058e36dbbbd3fbe6c10cf841c878f3549a9c236,1755631058,2025-08-19T19:17:38.000Z
0x63e7db3741809bc1e26605b9d2b5da99ca80ed68,0x000000000000000000000000ba7926ab45fbb6ba,58177308,0x585ad124089cdbcea9ec57a255a502d5eff0733aceead858f310e9c8b26950bb,1755631144,2025-08-19T19:19:04.000Z
0x63e7db3741809bc1e26605b9d2b5da99ca80ed68,0x000000000000000000000000ca6e0c7f0e524d41,58177308,0x585ad124089cdbcea9ec57a255a502d5eff0733aceead858f310e9c8b26950bb,1755631144,2025-08-19T19:19:04.000Z
0x63e7db3741809bc1e26605b9d2b5da99ca80ed68,0x0000000000000000000000001b49e177b8dfe3fe,58177308,0x585ad124089cdbcea9ec57a255a502d5eff0733aceead858f310e9c8b26950bb,1755631144,2025-08-19T19:19:04.000Z
0x63e7db3741809bc1e26605b9d2b5da99ca80ed68,0x000000000000000000000000de5b54362e53ef23,58177308,0x585ad124089cdbcea9ec57a255a502d5eff0733aceead858f310e9c8b26950bb,1755631144,2025-08-19T19:19:04.000Z
0x27fb983849d010d6d664fded40c25a148f90e3a4,0x00000000000000000000000063e7db3741809bc1,58177474,0xfedd267d54fc2e771970dc775e84f37c90015bd89406d4ed1323640826377f12,1755631268,2025-08-19T19:21:08.000Z
0x27fb983849d010d6d664fded40c25a148f90e3a4,0x000000000000000000000000ba7926ab45fbb6ba,58177474,0xfedd267d54fc2e771970dc775e84f37c90015bd89406d4ed1323640826377f12,1755631268,2025-08-19T19:21:08.000Z
0x27fb983849d010d6d664fded40c25a148f90e3a4,0x000000000000000000000000ca6e0c7f0e524d41,58177474,0xfedd267d54fc2e771970dc775e84f37c90015bd89406d4ed1323640826377f12,1755631268,2025-08-19T19:21:08.000Z
0x27fb983849d010d6d664fded40c25a148f90e3a4,0x000000000000000000000000de5b54362e53ef23,58177474,0xfedd267d54fc2e771970dc775e84f37c90015bd89406d4ed1323640826377f12,1755631268,2025-08-19T19:21:08.000Z
0x5c8f491bc21108c3a98db89474ceb45bfc5837d1,0x00000000000000000000000027fb983849d010d6,58177576,0x641f7531dd7ccf3fa2696fc0e10c19a920d0f0ee1b74ff567c729335a1119cb9,1755631345,2025-08-19T19:22:25.000Z
0x5c8f491bc21108c3a98db89474ceb45bfc5837d1,0x00000000000000000000000063e7db3741809bc1,58177576,0x641f7531dd7ccf3fa2696fc0e10c19a920d0f0ee1b74ff567c729335a1119cb9,1755631345,2025-08-19T19:22:25.000Z
0x5c8f491bc21108c3a98db89474ceb45bfc5837d1,0x000000000000000000000000ba7926ab45fbb6ba,58177576,0x641f7531dd7ccf3fa2696fc0e10c19a920d0f0ee1b74ff567c729335a1119cb9,1755631345,2025-08-19T19:22:25.000Z
0x5c8f491bc21108c3a98db89474ceb45bfc5837d1,0x000000000000000000000000de5b54362e53ef23,58177576,0x641f7531dd7ccf3fa2696fc0e10c19a920d0f0ee1b74ff567c729335a1119cb9,1755631345,2025-08-19T19:22:25.000Z
0xd27ad3b5141e2b3c4aba61052c2932592e99df50,0x000000000000000000000000f996cac6a862c5e9,58178482,0x1d90670a2cf3dc54a52b06b553d784cbaccdcd3609f5018e293be0758fda7b26,1755632024,2025-08-19T19:33:44.000Z
0xd27ad3b5141e2b3c4aba61052c2932592e99df50,0x000000000000000000000000c22d6adc7abf937d,58178482,0x1d90670a2cf3dc54a52b06b553d784cbaccdcd3609f5018e293be0758fda7b26,1755632024,2025-08-19T19:33:44.000Z
0xd27ad3b5141e2b3c4aba61052c2932592e99df50,0x000000000000000000000000ed316d698667c262,58178482,0x1d90670a2cf3dc54a52b06b553d784cbaccdcd3609f5018e293be0758fda7b26,1755632024,2025-08-19T19:33:44.000Z
0xd27ad3b5141e2b3c4aba61052c2932592e99df50,0x000000000000000000000000de5b54362e53ef23,58178482,0x1d90670a2cf3dc54a52b06b553d784cbaccdcd3609f5018e293be0758fda7b26,1755632024,2025-08-19T19:33:44.000Z
0x6d3609a12043389b1c23b0c889b8f1c34d226cb4,0x000000000000000000000000d27ad3b5141e2b3c,58178681,0xe1b8f8f1c015199ae691bd9f039db0a0a6b102433cf0563afc1da1a2c71885f6,1755632174,2025-08-19T19:36:14.000Z
0x6d3609a12043389b1c23b0c889b8f1c34d226cb4,0x000000000000000000000000f996cac6a862c5e9,58178681,0xe1b8f8f1c015199ae691bd9f039db0a0a6b102433cf0563afc1da1a2c71885f6,1755632174,2025-08-19T19:36:14.000Z
0x6d3609a12043389b1c23b0c889b8f1c34d226cb4,0x000000000000000000000000c22d6adc7abf937d,58178681,0xe1b8f8f1c015199ae691bd9f039db0a0a6b102433cf0563afc1da1a2c71885f6,1755632174,2025-08-19T19:36:14.000Z
0x6d3609a12043389b1c23b0c889b8f1c34d226cb4,0x000000000000000000000000de5b54362e53ef23,58178681,0xe1b8f8f1c015199ae691bd9f039db0a0a6b102433cf0563afc1da1a2c71885f6,1755632174,2025-08-19T19:36:14.000Z
0x2b247f27b23464e19b9311a10f665968705b00bb,0x000000000000000000000000b2b01bd34e3df845,58179166,0x5e6f7e2dd1bd802c6368a14d78a1591915b611f398fe1d16b4ecfcf61582810a,1755632537,2025-08-19T19:42:17.000Z
0x2b247f27b23464e19b9311a10f665968705b00bb,0x00000000000000000000000066ea89ce48e54966,58179166,0x5e6f7e2dd1bd802c6368a14d78a1591915b611f398fe1d16b4ecfcf61582810a,1755632537,2025-08-19T19:42:17.000Z
0x2b247f27b23464e19b9311a10f665968705b00bb,0x0000000000000000000000004b4909153082445d,58179166,0x5e6f7e2dd1bd802c6368a14d78a1591915b611f398fe1d16b4ecfcf61582810a,1755632537,2025-08-19T19:42:17.000Z
0x2b247f27b23464e19b9311a10f665968705b00bb,0x000000000000000000000000de5b54362e53ef23,58179166,0x5e6f7e2dd1bd802c6368a14d78a1591915b611f398fe1d16b4ecfcf61582810a,1755632537,2025-08-19T19:42:17.000Z
0x4fc4b98950db0f04e1e0899a1cb57c6b2de4db69,0x0000000000000000000000001b49e177b8dfe3fe,58179228,0x26c931020c2996b338d2fc467f9472e74f9fcd55fcf37d959ecf52d22f570622,1755632584,2025-08-19T19:43:04.000Z
0x4fc4b98950db0f04e1e0899a1cb57c6b2de4db69,0x0000000000000000000000004326a4441a01a4e7,58179228,0x26c931020c2996b338d2fc467f9472e74f9fcd55fcf37d959ecf52d22f570622,1755632584,2025-08-19T19:43:04.000Z
0x4fc4b98950db0f04e1e0899a1cb57c6b2de4db69,0x000000000000000000000000836e659a3e173a60,58179228,0x26c931020c2996b338d2fc467f9472e74f9fcd55fcf37d959ecf52d22f570622,1755632584,2025-08-19T19:43:04.000Z
0x4fc4b98950db0f04e1e0899a1cb57c6b2de4db69,0x000000000000000000000000de5b54362e53ef23,58179228,0x26c931020c2996b338d2fc467f9472e74f9fcd55fcf37d959ecf52d22f570622,1755632584,2025-08-19T19:43:04.000Z
0x6ffeb2bfc1f2c9d156e68fef0801ad4423055886,0x00000000000000000000000088ecbcc049b7d047,58179759,0x2e6b228f03dc6f585e8c36a86160713a86feafe03f6f85cabdf2ab750a1828a7,1755632982,2025-08-19T19:49:42.000Z
0x6ffeb2bfc1f2c9d156e68fef0801ad4423055886,0x000000000000000000000000b2b98660ee73de2e,58179759,0x2e6b228f03dc6f585e8c36a86160713a86feafe03f6f85cabdf2ab750a1828a7,1755632982,2025-08-19T19:49:42.000Z
0x6ffeb2bfc1f2c9d156e68fef0801ad4423055886,0x000000000000000000000000842cdd2a6be2452e,58179759,0x2e6b228f03dc6f585e8c36a86160713a86feafe03f6f85cabdf2ab750a1828a7,1755632982,2025-08-19T19:49:42.000Z
0x6ffeb2bfc1f2c9d156e68fef0801ad4423055886,0x000000000000000000000000de5b54362e53ef23,58179759,0x2e6b228f03dc6f585e8c36a86160713a86feafe03f6f85cabdf2ab750a1828a7,1755632982,2025-08-19T19:49:42.000Z
0xaafda259ae041fccd421d2f2b6ee295ff63c5a65,0x0000000000000000000000004326a4441a01a4e7,58180280,0x9379a99faf91fe5b59d72fe9564030f15830b60632de98a2b8c6aeb890820529,1755633373,2025-08-19T19:56:13.000Z
0xaafda259ae041fccd421d2f2b6ee295ff63c5a65,0x000000000000000000000000836e659a3e173a60,58180280,0x9379a99faf91fe5b59d72fe9564030f15830b60632de98a2b8c6aeb890820529,1755633373,2025-08-19T19:56:13.000Z
0xaafda259ae041fccd421d2f2b6ee295ff63c5a65,0x000000000000000000000000d10f420f61fb8e7c,58180280,0x9379a99faf91fe5b59d72fe9564030f15830b60632de98a2b8c6aeb890820529,1755633373,2025-08-19T19:56:13.000Z
0xaafda259ae041fccd421d2f2b6ee295ff63c5a65,0x000000000000000000000000de5b54362e53ef23,58180280,0x9379a99faf91fe5b59d72fe9564030f15830b60632de98a2b8c6aeb890820529,1755633373,2025-08-19T19:56:13.000Z
0x92d6d3fbe4067a2f1b8ce90fb187afe3e27eb971,0x0000000000000000000000008d66facd7673f48c,58180889,0x9e7121e789c83f97ea88af0ede863176aadf1fd36e4ef507bddf8449dc2907f1,1755633830,2025-08-19T20:03:50.000Z
0x92d6d3fbe4067a2f1b8ce90fb187afe3e27eb971,0x000000000000000000000000d2dd610da3363d3f,58180889,0x9e7121e789c83f97ea88af0ede863176aadf1fd36e4ef507bddf8449dc2907f1,1755633830,2025-08-19T20:03:50.000Z
0x92d6d3fbe4067a2f1b8ce90fb187afe3e27eb971,0x0000000000000000000000001b49e177b8dfe3fe,58180889,0x9e7121e789c83f97ea88af0ede863176aadf1fd36e4ef507bddf8449dc2907f1,1755633830,2025-08-19T20:03:50.000Z
0x92d6d3fbe4067a2f1b8ce90fb187afe3e27eb971,0x000000000000000000000000de5b54362e53ef23,58180889,0x9e7121e789c83f97ea88af0ede863176aadf1fd36e4ef507bddf8449dc2907f1,1755633830,2025-08-19T20:03:50.000Z
0x66907eed388a8d13feea9309b30bc1182b51bd68,0x000000000000000000000000b2b98660ee73de2e,58183561,0x2c6c3febaac39d6b0c7ae46fd6350e9fac3110b195e944c6e232974b621f7703,1755635834,2025-08-19T20:37:14.000Z
0x66907eed388a8d13feea9309b30bc1182b51bd68,0x000000000000000000000000842cdd2a6be2452e,58183561,0x2c6c3febaac39d6b0c7ae46fd6350e9fac3110b195e944c6e232974b621f7703,1755635834,2025-08-19T20:37:14.000Z
0x66907eed388a8d13feea9309b30bc1182b51bd68,0x000000000000000000000000eb0a38a05b4cf356,58183561,0x2c6c3febaac39d6b0c7ae46fd6350e9fac3110b195e944c6e232974b621f7703,1755635834,2025-08-19T20:37:14.000Z
0x66907eed388a8d13feea9309b30bc1182b51bd68,0x000000000000000000000000de5b54362e53ef23,58183561,0x2c6c3febaac39d6b0c7ae46fd6350e9fac3110b195e944c6e232974b621f7703,1755635834,2025-08-19T20:37:14.000Z
0xc3f2afd7cd5f1614d8e91ffcbcc7c315d1f44825,0x0000000000000000000000006ffeb2bfc1f2c9d1,58188707,0x5864b66b68c0cf992ec8d895b7f5bd1a878b6c1a66c98a777c006e77b9ad3783,1755639694,2025-08-19T21:41:34.000Z
0xc3f2afd7cd5f1614d8e91ffcbcc7c315d1f44825,0x00000000000000000000000088ecbcc049b7d047,58188707,0x5864b66b68c0cf992ec8d895b7f5bd1a878b6c1a66c98a777c006e77b9ad3783,1755639694,2025-08-19T21:41:34.000Z
0xc3f2afd7cd5f1614d8e91ffcbcc7c315d1f44825,0x000000000000000000000000b2b98660ee73de2e,58188707,0x5864b66b68c0cf992ec8d895b7f5bd1a878b6c1a66c98a777c006e77b9ad3783,1755639694,2025-08-19T21:41:34.000Z
0xc3f2afd7cd5f1614d8e91ffcbcc7c315d1f44825,0x000000000000000000000000de5b54362e53ef23,58188707,0x5864b66b68c0cf992ec8d895b7f5bd1a878b6c1a66c98a777c006e77b9ad3783,1755639694,2025-08-19T21:41:34.000Z
0x558b135be4b95bbfa99a5e85f160096c5afbb6e7,0x0000000000000000000000006ffeb2bfc1f2c9d1,58188825,0x54c5366e1a48efa29973b515c23b27a6d6c8703be0d9515b54c184d6f3dac1a1,1755639782,2025-08-19T21:43:02.000Z
0x558b135be4b95bbfa99a5e85f160096c5afbb6e7,0x00000000000000000000000088ecbcc049b7d047,58188825,0x54c5366e1a48efa29973b515c23b27a6d6c8703be0d9515b54c184d6f3dac1a1,1755639782,2025-08-19T21:43:02.000Z
0x558b135be4b95bbfa99a5e85f160096c5afbb6e7,0x000000000000000000000000b2b98660ee73de2e,58188825,0x54c5366e1a48efa29973b515c23b27a6d6c8703be0d9515b54c184d6f3dac1a1,1755639782,2025-08-19T21:43:02.000Z
0x558b135be4b95bbfa99a5e85f160096c5afbb6e7,0x000000000000000000000000de5b54362e53ef23,58188825,0x54c5366e1a48efa29973b515c23b27a6d6c8703be0d9515b54c184d6f3dac1a1,1755639782,2025-08-19T21:43:02.000Z
0x47502465d15cba18ffdfb53df2d6ee66060ccf24,0x0000000000000000000000008d66facd7673f48c,58223480,0xd9d5ee4cf956ffa7c06f4b78c98f18a87933f63e540a0b1b8bc113efe34ede5f,1755665775,2025-08-20T04:56:15.000Z
0x47502465d15cba18ffdfb53df2d6ee66060ccf24,0x000000000000000000000000d2dd610da3363d3f,58223480,0xd9d5ee4cf956ffa7c06f4b78c98f18a87933f63e540a0b1b8bc113efe34ede5f,1755665775,2025-08-20T04:56:15.000Z
0x47502465d15cba18ffdfb53df2d6ee66060ccf24,0x0000000000000000000000001b49e177b8dfe3fe,58223480,0xd9d5ee4cf956ffa7c06f4b78c98f18a87933f63e540a0b1b8bc113efe34ede5f,1755665775,2025-08-20T04:56:15.000Z
0x47502465d15cba18ffdfb53df2d6ee66060ccf24,0x000000000000000000000000de5b54362e53ef23,58223480,0xd9d5ee4cf956ffa7c06f4b78c98f18a87933f63e540a0b1b8bc113efe34ede5f,1755665775,2025-08-20T04:56:15.000Z
0x9ef5a1dfb1c15421799d4764a1eb152182691f2a,0x000000000000000000000000a873cfe4c4eaa4e5,58226297,0x5052e860456ee862b20741a2b38dace3d382dbe46d4ad05778da9720867f05ef,1755667888,2025-08-20T05:31:28.000Z
0x9ef5a1dfb1c15421799d4764a1eb152182691f2a,0x0000000000000000000000003c6f7724a562e212,58226297,0x5052e860456ee862b20741a2b38dace3d382dbe46d4ad05778da9720867f05ef,1755667888,2025-08-20T05:31:28.000Z
0x9ef5a1dfb1c15421799d4764a1eb152182691f2a,0x00000000000000000000000056b1094c199961a0,58226297,0x5052e860456ee862b20741a2b38dace3d382dbe46d4ad05778da9720867f05ef,1755667888,2025-08-20T05:31:28.000Z
0x9ef5a1dfb1c15421799d4764a1eb152182691f2a,0x000000000000000000000000de5b54362e53ef23,58226297,0x5052e860456ee862b20741a2b38dace3d382dbe46d4ad05778da9720867f05ef,1755667888,2025-08-20T05:31:28.000Z
0x3b90d2cc2f8106a92ff2b20a0cde2e787144ba3e,0x0000000000000000000000009ef5a1dfb1c15421,58227183,0xc2b41250b339937c9e7ffc6eaf52fd0ba8480d3962292fd506c3c97ff928235d,1755668553,2025-08-20T05:42:33.000Z
0x3b90d2cc2f8106a92ff2b20a0cde2e787144ba3e,0x000000000000000000000000a873cfe4c4eaa4e5,58227183,0xc2b41250b339937c9e7ffc6eaf52fd0ba8480d3962292fd506c3c97ff928235d,1755668553,2025-08-20T05:42:33.000Z
0x3b90d2cc2f8106a92ff2b20a0cde2e787144ba3e,0x0000000000000000000000003c6f7724a562e212,58227183,0xc2b41250b339937c9e7ffc6eaf52fd0ba8480d3962292fd506c3c97ff928235d,1755668553,2025-08-20T05:42:33.000Z
0x3b90d2cc2f8106a92ff2b20a0cde2e787144ba3e,0x000000000000000000000000de5b54362e53ef23,58227183,0xc2b41250b339937c9e7ffc6eaf52fd0ba8480d3962292fd506c3c97ff928235d,1755668553,2025-08-20T05:42:33.000Z
0xbd9503dc0df91aeb4eefb57d30e0e08243354383,0x00000000000000000000000066907eed388a8d13,58229368,0xa4cad346791ac991256e23f7027aa2322fcb9ad4dea987a3684e20610c42687a,1755670191,2025-08-20T06:09:51.000Z
0xbd9503dc0df91aeb4eefb57d30e0e08243354383,0x000000000000000000000000b2b98660ee73de2e,58229368,0xa4cad346791ac991256e23f7027aa2322fcb9ad4dea987a3684e20610c42687a,1755670191,2025-08-20T06:09:51.000Z
0xbd9503dc0df91aeb4eefb57d30e0e08243354383,0x000000000000000000000000842cdd2a6be2452e,58229368,0xa4cad346791ac991256e23f7027aa2322fcb9ad4dea987a3684e20610c42687a,1755670191,2025-08-20T06:09:51.000Z
0xbd9503dc0df91aeb4eefb57d30e0e08243354383,0x000000000000000000000000de5b54362e53ef23,58229368,0xa4cad346791ac991256e23f7027aa2322fcb9ad4dea987a3684e20610c42687a,1755670191,2025-08-20T06:09:51.000Z
0x2c73dbd0367ac42bd049e3714156c7218b95ccc3,0x000000000000000000000000df9729e425c7e2be,58233707,0xa9e64f94ccc38b5b709e77ac6b671bfa69812a089964f399a3cb7b49188041dc,1755673446,2025-08-20T07:04:06.000Z
0x2c73dbd0367ac42bd049e3714156c7218b95ccc3,0x00000000000000000000000088677928d919004a,58233707,0xa9e64f94ccc38b5b709e77ac6b671bfa69812a089964f399a3cb7b49188041dc,1755673446,2025-08-20T07:04:06.000Z
0x2c73dbd0367ac42bd049e3714156c7218b95ccc3,0x0000000000000000000000005b7e21feb9c32c2b,58233707,0xa9e64f94ccc38b5b709e77ac6b671bfa69812a089964f399a3cb7b49188041dc,1755673446,2025-08-20T07:04:06.000Z
0x2c73dbd0367ac42bd049e3714156c7218b95ccc3,0x000000000000000000000000de5b54362e53ef23,58233707,0xa9e64f94ccc38b5b709e77ac6b671bfa69812a089964f399a3cb7b49188041dc,1755673446,2025-08-20T07:04:06.000Z
0xce2ba8cdbc9e1ff15b1f22126d45afa4f3203e6d,0x0000000000000000000000005c2379feb7e0380d,58237622,0x0b3e3a3302ea6517a725fa03b52a043eddf175938facc1994cb14bbe167e57b5,1755676383,2025-08-20T07:53:03.000Z
0xce2ba8cdbc9e1ff15b1f22126d45afa4f3203e6d,0x000000000000000000000000f3be19f07631fc43,58237622,0x0b3e3a3302ea6517a725fa03b52a043eddf175938facc1994cb14bbe167e57b5,1755676383,2025-08-20T07:53:03.000Z
0xce2ba8cdbc9e1ff15b1f22126d45afa4f3203e6d,0x0000000000000000000000000e5cd4c82f2dc41c,58237622,0x0b3e3a3302ea6517a725fa03b52a043eddf175938facc1994cb14bbe167e57b5,1755676383,2025-08-20T07:53:03.000Z
0xce2ba8cdbc9e1ff15b1f22126d45afa4f3203e6d,0x000000000000000000000000de5b54362e53ef23,58237622,0x0b3e3a3302ea6517a725fa03b52a043eddf175938facc1994cb14bbe167e57b5,1755676383,2025-08-20T07:53:03.000Z
0x96f622333b839d3d071f1758621fed622d063ccc,0x0000000000000000000000006d3609a12043389b,58240771,0x28c110cbe588b6db33fbc54cb3adf08e1a21c4697fb04bce9f3f9161d3436520,1755678745,2025-08-20T08:32:25.000Z
0x96f622333b839d3d071f1758621fed622d063ccc,0x000000000000000000000000d27ad3b5141e2b3c,58240771,0x28c110cbe588b6db33fbc54cb3adf08e1a21c4697fb04bce9f3f9161d3436520,1755678745,2025-08-20T08:32:25.000Z
0x96f622333b839d3d071f1758621fed622d063ccc,0x000000000000000000000000f996cac6a862c5e9,58240771,0x28c110cbe588b6db33fbc54cb3adf08e1a21c4697fb04bce9f3f9161d3436520,1755678745,2025-08-20T08:32:25.000Z
0x96f622333b839d3d071f1758621fed622d063ccc,0x000000000000000000000000de5b54362e53ef23,58240771,0x28c110cbe588b6db33fbc54cb3adf08e1a21c4697fb04bce9f3f9161d3436520,1755678745,2025-08-20T08:32:25.000Z
0x0f4f8a2bd904b44b0e74664e4e30f41e599c24ce,0x0000000000000000000000006d3609a12043389b,58241516,0x118c9d9e79ca97eeda94d0b7c583911a41ccd8da1f4390e7946606b9f66768e0,1755679303,2025-08-20T08:41:43.000Z
0x0f4f8a2bd904b44b0e74664e4e30f41e599c24ce,0x000000000000000000000000d27ad3b5141e2b3c,58241516,0x118c9d9e79ca97eeda94d0b7c583911a41ccd8da1f4390e7946606b9f66768e0,1755679303,2025-08-20T08:41:43.000Z
0x0f4f8a2bd904b44b0e74664e4e30f41e599c24ce,0x000000000000000000000000f996cac6a862c5e9,58241516,0x118c9d9e79ca97eeda94d0b7c583911a41ccd8da1f4390e7946606b9f66768e0,1755679303,2025-08-20T08:41:43.000Z
0x0f4f8a2bd904b44b0e74664e4e30f41e599c24ce,0x000000000000000000000000de5b54362e53ef23,58241516,0x118c9d9e79ca97eeda94d0b7c583911a41ccd8da1f4390e7946606b9f66768e0,1755679303,2025-08-20T08:41:43.000Z
0xdfc78ec644d80380e4656c186293114db773feb3,0x0000000000000000000000006d3609a12043389b,58241660,0xa695178642fe6e9f818dafd7b5050297df6816bf4c407ccf2152abab8fa328b1,1755679411,2025-08-20T08:43:31.000Z
0xdfc78ec644d80380e4656c186293114db773feb3,0x000000000000000000000000d27ad3b5141e2b3c,58241660,0xa695178642fe6e9f818dafd7b5050297df6816bf4c407ccf2152abab8fa328b1,1755679411,2025-08-20T08:43:31.000Z
0xdfc78ec644d80380e4656c186293114db773feb3,0x000000000000000000000000f996cac6a862c5e9,58241660,0xa695178642fe6e9f818dafd7b5050297df6816bf4c407ccf2152abab8fa328b1,1755679411,2025-08-20T08:43:31.000Z
0xdfc78ec644d80380e4656c186293114db773feb3,0x000000000000000000000000de5b54362e53ef23,58241660,0xa695178642fe6e9f818dafd7b5050297df6816bf4c407ccf2152abab8fa328b1,1755679411,2025-08-20T08:43:31.000Z
0x64c4d56fece80f9f61295724cd2a78f7053437b4,0x0000000000000000000000006d3609a12043389b,58241969,0x4422a5287797b09337862a0d59f68e2f3640c96f2de0aa95842dfb2541186b2e,1755679643,2025-08-20T08:47:23.000Z
0x64c4d56fece80f9f61295724cd2a78f7053437b4,0x000000000000000000000000d27ad3b5141e2b3c,58241969,0x4422a5287797b09337862a0d59f68e2f3640c96f2de0aa95842dfb2541186b2e,1755679643,2025-08-20T08:47:23.000Z
0x64c4d56fece80f9f61295724cd2a78f7053437b4,0x000000000000000000000000f996cac6a862c5e9,58241969,0x4422a5287797b09337862a0d59f68e2f3640c96f2de0aa95842dfb2541186b2e,1755679643,2025-08-20T08:47:23.000Z
0x64c4d56fece80f9f61295724cd2a78f7053437b4,0x000000000000000000000000de5b54362e53ef23,58241969,0x4422a5287797b09337862a0d59f68e2f3640c96f2de0aa95842dfb2541186b2e,1755679643,2025-08-20T08:47:23.000Z
0x72d5e8128529185ec9eed894a5ddc70f402f52fd,0x0000000000000000000000006d3609a12043389b,58242100,0x5678a961b2432120169f60bfaaf56648c024f3f32822ce5de4c289359c399cfc,1755679741,2025-08-20T08:49:01.000Z
0x72d5e8128529185ec9eed894a5ddc70f402f52fd,0x000000000000000000000000d27ad3b5141e2b3c,58242100,0x5678a961b2432120169f60bfaaf56648c024f3f32822ce5de4c289359c399cfc,1755679741,2025-08-20T08:49:01.000Z
0x72d5e8128529185ec9eed894a5ddc70f402f52fd,0x000000000000000000000000f996cac6a862c5e9,58242100,0x5678a961b2432120169f60bfaaf56648c024f3f32822ce5de4c289359c399cfc,1755679741,2025-08-20T08:49:01.000Z
0x72d5e8128529185ec9eed894a5ddc70f402f52fd,0x000000000000000000000000de5b54362e53ef23,58242100,0x5678a961b2432120169f60bfaaf56648c024f3f32822ce5de4c289359c399cfc,1755679741,2025-08-20T08:49:01.000Z
0xc8db9cc3f09862ef4b916c76fb5c0468f11a0261,0x000000000000000000000000b2b98660ee73de2e,58242273,0x6777836aa04e8ac323788d442bd591910f4113ba823b69d525793e25e2cb112a,1755679871,2025-08-20T08:51:11.000Z
0xc8db9cc3f09862ef4b916c76fb5c0468f11a0261,0x000000000000000000000000842cdd2a6be2452e,58242273,0x6777836aa04e8ac323788d442bd591910f4113ba823b69d525793e25e2cb112a,1755679871,2025-08-20T08:51:11.000Z
0xc8db9cc3f09862ef4b916c76fb5c0468f11a0261,0x000000000000000000000000eb0a38a05b4cf356,58242273,0x6777836aa04e8ac323788d442bd591910f4113ba823b69d525793e25e2cb112a,1755679871,2025-08-20T08:51:11.000Z
0xc8db9cc3f09862ef4b916c76fb5c0468f11a0261,0x000000000000000000000000de5b54362e53ef23,58242273,0x6777836aa04e8ac323788d442bd591910f4113ba823b69d525793e25e2cb112a,1755679871,2025-08-20T08:51:11.000Z
0x1fd013f245ab5a993906ee938855b2db4a6b1a2c,0x000000000000000000000000a873cfe4c4eaa4e5,58244675,0x0a3be3da74b6a1912a3c992c73d59849eeb0d25e4fed1c3e99d0981430c7afd5,1755681673,2025-08-20T09:21:13.000Z
0x1fd013f245ab5a993906ee938855b2db4a6b1a2c,0x0000000000000000000000003c6f7724a562e212,58244675,0x0a3be3da74b6a1912a3c992c73d59849eeb0d25e4fed1c3e99d0981430c7afd5,1755681673,2025-08-20T09:21:13.000Z
0x1fd013f245ab5a993906ee938855b2db4a6b1a2c,0x00000000000000000000000056b1094c199961a0,58244675,0x0a3be3da74b6a1912a3c992c73d59849eeb0d25e4fed1c3e99d0981430c7afd5,1755681673,2025-08-20T09:21:13.000Z
0x1fd013f245ab5a993906ee938855b2db4a6b1a2c,0x000000000000000000000000de5b54362e53ef23,58244675,0x0a3be3da74b6a1912a3c992c73d59849eeb0d25e4fed1c3e99d0981430c7afd5,1755681673,2025-08-20T09:21:13.000Z
0xbb627ba16905934ad34d844e2b03c4abdc0a150a,0x00000000000000000000000092d6d3fbe4067a2f,58247095,0x51c0115e47ca97336bec2bec5b44bfdc8b7b7c53e5d02e4f6f3cfa337eca3e8b,1755683488,2025-08-20T09:51:28.000Z
0xbb627ba16905934ad34d844e2b03c4abdc0a150a,0x0000000000000000000000008d66facd7673f48c,58247095,0x51c0115e47ca97336bec2bec5b44bfdc8b7b7c53e5d02e4f6f3cfa337eca3e8b,1755683488,2025-08-20T09:51:28.000Z
0xbb627ba16905934ad34d844e2b03c4abdc0a150a,0x000000000000000000000000d2dd610da3363d3f,58247095,0x51c0115e47ca97336bec2bec5b44bfdc8b7b7c53e5d02e4f6f3cfa337eca3e8b,1755683488,2025-08-20T09:51:28.000Z
0xbb627ba16905934ad34d844e2b03c4abdc0a150a,0x000000000000000000000000de5b54362e53ef23,58247095,0x51c0115e47ca97336bec2bec5b44bfdc8b7b7c53e5d02e4f6f3cfa337eca3e8b,1755683488,2025-08-20T09:51:28.000Z
0xc352463c8174920da6f92426f0e3b94eb35df7b1,0x0000000000000000000000004fc4b98950db0f04,58247126,0xd9af7bfb6c2b1a0e80479877850a1cab7aa930e1a8efc14cd3b386e3551ee5bd,1755683511,2025-08-20T09:51:51.000Z
0xc352463c8174920da6f92426f0e3b94eb35df7b1,0x0000000000000000000000001b49e177b8dfe3fe,58247126,0xd9af7bfb6c2b1a0e80479877850a1cab7aa930e1a8efc14cd3b386e3551ee5bd,1755683511,2025-08-20T09:51:51.000Z
0xc352463c8174920da6f92426f0e3b94eb35df7b1,0x0000000000000000000000004326a4441a01a4e7,58247126,0xd9af7bfb6c2b1a0e80479877850a1cab7aa930e1a8efc14cd3b386e3551ee5bd,1755683511,2025-08-20T09:51:51.000Z
0xc352463c8174920da6f92426f0e3b94eb35df7b1,0x000000000000000000000000de5b54362e53ef23,58247126,0xd9af7bfb6c2b1a0e80479877850a1cab7aa930e1a8efc14cd3b386e3551ee5bd,1755683511,2025-08-20T09:51:51.000Z
0xa3beed4a3ec3bbd175ab81988b6d93f7fa553e5b,0x000000000000000000000000aafda259ae041fcc,58247853,0x8f25ed592e3d1f22e0e70dc80065f3f507f3cce926640d4ddb571fbc07e8e1c2,1755684057,2025-08-20T10:00:57.000Z
0xa3beed4a3ec3bbd175ab81988b6d93f7fa553e5b,0x0000000000000000000000004326a4441a01a4e7,58247853,0x8f25ed592e3d1f22e0e70dc80065f3f507f3cce926640d4ddb571fbc07e8e1c2,1755684057,2025-08-20T10:00:57.000Z
0xa3beed4a3ec3bbd175ab81988b6d93f7fa553e5b,0x000000000000000000000000836e659a3e173a60,58247853,0x8f25ed592e3d1f22e0e70dc80065f3f507f3cce926640d4ddb571fbc07e8e1c2,1755684057,2025-08-20T10:00:57.000Z
0xa3beed4a3ec3bbd175ab81988b6d93f7fa553e5b,0x000000000000000000000000de5b54362e53ef23,58247853,0x8f25ed592e3d1f22e0e70dc80065f3f507f3cce926640d4ddb571fbc07e8e1c2,1755684057,2025-08-20T10:00:57.000Z
0xc124eadc096d1f14249e01f40394a3f73fbd5d65,0x0000000000000000000000001fd013f245ab5a99,58248613,0x58fc3fb5864c2ffd190209f6c26df21e04492a55c30afe7f4ca24f45193d67b1,1755684627,2025-08-20T10:10:27.000Z
0xc124eadc096d1f14249e01f40394a3f73fbd5d65,0x000000000000000000000000a873cfe4c4eaa4e5,58248613,0x58fc3fb5864c2ffd190209f6c26df21e04492a55c30afe7f4ca24f45193d67b1,1755684627,2025-08-20T10:10:27.000Z
0xc124eadc096d1f14249e01f40394a3f73fbd5d65,0x0000000000000000000000003c6f7724a562e212,58248613,0x58fc3fb5864c2ffd190209f6c26df21e04492a55c30afe7f4ca24f45193d67b1,1755684627,2025-08-20T10:10:27.000Z
0xc124eadc096d1f14249e01f40394a3f73fbd5d65,0x000000000000000000000000de5b54362e53ef23,58248613,0x58fc3fb5864c2ffd190209f6c26df21e04492a55c30afe7f4ca24f45193d67b1,1755684627,2025-08-20T10:10:27.000Z
0x13e32ee3c75de7866a8077cc6d0055b47433d343,0x000000000000000000000000a3beed4a3ec3bbd1,58249138,0xecb03dd0db7bca0aba81820e68a5a07397892c3fcd29a3bb0e60f5fea019afa0,1755685020,2025-08-20T10:17:00.000Z
0x13e32ee3c75de7866a8077cc6d0055b47433d343,0x000000000000000000000000aafda259ae041fcc,58249138,0xecb03dd0db7bca0aba81820e68a5a07397892c3fcd29a3bb0e60f5fea019afa0,1755685020,2025-08-20T10:17:00.000Z
0x13e32ee3c75de7866a8077cc6d0055b47433d343,0x0000000000000000000000004326a4441a01a4e7,58249138,0xecb03dd0db7bca0aba81820e68a5a07397892c3fcd29a3bb0e60f5fea019afa0,1755685020,2025-08-20T10:17:00.000Z
0x13e32ee3c75de7866a8077cc6d0055b47433d343,0x000000000000000000000000de5b54362e53ef23,58249138,0xecb03dd0db7bca0aba81820e68a5a07397892c3fcd29a3bb0e60f5fea019afa0,1755685020,2025-08-20T10:17:00.000Z
0x1e8854fdbf0ae0269c15c51e52d1419c7c2062ab,0x000000000000000000000000c22d6adc7abf937d,58249616,0x328072de4ccc690965ca4a5e8d44a3a10e55d3c315425f1b8d5a4b3f1a2d2ab9,1755685379,2025-08-20T10:22:59.000Z
0x1e8854fdbf0ae0269c15c51e52d1419c7c2062ab,0x000000000000000000000000ed316d698667c262,58249616,0x328072de4ccc690965ca4a5e8d44a3a10e55d3c315425f1b8d5a4b3f1a2d2ab9,1755685379,2025-08-20T10:22:59.000Z
0x1e8854fdbf0ae0269c15c51e52d1419c7c2062ab,0x000000000000000000000000d10f420f61fb8e7c,58249616,0x328072de4ccc690965ca4a5e8d44a3a10e55d3c315425f1b8d5a4b3f1a2d2ab9,1755685379,2025-08-20T10:22:59.000Z
0x1e8854fdbf0ae0269c15c51e52d1419c7c2062ab,0x000000000000000000000000de5b54362e53ef23,58249616,0x328072de4ccc690965ca4a5e8d44a3a10e55d3c315425f1b8d5a4b3f1a2d2ab9,1755685379,2025-08-20T10:22:59.000Z
0x029cbf1aeff35b23b52d9ef532025577e3765757,0x0000000000000000000000001e8854fdbf0ae026,58250111,0x8793ae06fb5ad75159b0274e93bb2949b3c2ec202d3b6a31899b200acb649abd,1755685750,2025-08-20T10:29:10.000Z
0x029cbf1aeff35b23b52d9ef532025577e3765757,0x000000000000000000000000c22d6adc7abf937d,58250111,0x8793ae06fb5ad75159b0274e93bb2949b3c2ec202d3b6a31899b200acb649abd,1755685750,2025-08-20T10:29:10.000Z
0x029cbf1aeff35b23b52d9ef532025577e3765757,0x000000000000000000000000ed316d698667c262,58250111,0x8793ae06fb5ad75159b0274e93bb2949b3c2ec202d3b6a31899b200acb649abd,1755685750,2025-08-20T10:29:10.000Z
0x029cbf1aeff35b23b52d9ef532025577e3765757,0x000000000000000000000000de5b54362e53ef23,58250111,0x8793ae06fb5ad75159b0274e93bb2949b3c2ec202d3b6a31899b200acb649abd,1755685750,2025-08-20T10:29:10.000Z
0x5650f8b5615715fa1dbceedffacad491049091a3,0x0000000000000000000000008d66facd7673f48c,58250390,0x037e051284eed87b35b136e14e771f2aca05e5ea14f582160d5625d32b7f1f1f,1755685959,2025-08-20T10:32:39.000Z
0x5650f8b5615715fa1dbceedffacad491049091a3,0x000000000000000000000000d2dd610da3363d3f,58250390,0x037e051284eed87b35b136e14e771f2aca05e5ea14f582160d5625d32b7f1f1f,1755685959,2025-08-20T10:32:39.000Z
0x5650f8b5615715fa1dbceedffacad491049091a3,0x0000000000000000000000001b49e177b8dfe3fe,58250390,0x037e051284eed87b35b136e14e771f2aca05e5ea14f582160d5625d32b7f1f1f,1755685959,2025-08-20T10:32:39.000Z
0x5650f8b5615715fa1dbceedffacad491049091a3,0x000000000000000000000000de5b54362e53ef23,58250390,0x037e051284eed87b35b136e14e771f2aca05e5ea14f582160d5625d32b7f1f1f,1755685959,2025-08-20T10:32:39.000Z
0x02d32f712712df82682f2d585afb7ef9f0dacc02,0x00000000000000000000000092d6d3fbe4067a2f,58250429,0xd0ef3b0492f0f9ac54eb48dce7cb675a37d562df41131d4bf32f775ec4e795a6,1755685989,2025-08-20T10:33:09.000Z
0x02d32f712712df82682f2d585afb7ef9f0dacc02,0x0000000000000000000000008d66facd7673f48c,58250429,0xd0ef3b0492f0f9ac54eb48dce7cb675a37d562df41131d4bf32f775ec4e795a6,1755685989,2025-08-20T10:33:09.000Z
0x02d32f712712df82682f2d585afb7ef9f0dacc02,0x000000000000000000000000d2dd610da3363d3f,58250429,0xd0ef3b0492f0f9ac54eb48dce7cb675a37d562df41131d4bf32f775ec4e795a6,1755685989,2025-08-20T10:33:09.000Z
0x02d32f712712df82682f2d585afb7ef9f0dacc02,0x000000000000000000000000de5b54362e53ef23,58250429,0xd0ef3b0492f0f9ac54eb48dce7cb675a37d562df41131d4bf32f775ec4e795a6,1755685989,2025-08-20T10:33:09.000Z
0x41fa7ea2c359a2f03b6f5951aa1aa41b3a3b76b6,0x00000000000000000000000002d32f712712df82,58251646,0xe67cd56a00cc0e4b02786e4ac5ff4a1abecab02316ea2bc8af413802d920afb7,1755686901,2025-08-20T10:48:21.000Z
0x41fa7ea2c359a2f03b6f5951aa1aa41b3a3b76b6,0x00000000000000000000000092d6d3fbe4067a2f,58251646,0xe67cd56a00cc0e4b02786e4ac5ff4a1abecab02316ea2bc8af413802d920afb7,1755686901,2025-08-20T10:48:21.000Z
0x41fa7ea2c359a2f03b6f5951aa1aa41b3a3b76b6,0x0000000000000000000000008d66facd7673f48c,58251646,0xe67cd56a00cc0e4b02786e4ac5ff4a1abecab02316ea2bc8af413802d920afb7,1755686901,2025-08-20T10:48:21.000Z
0x41fa7ea2c359a2f03b6f5951aa1aa41b3a3b76b6,0x000000000000000000000000de5b54362e53ef23,58251646,0xe67cd56a00cc0e4b02786e4ac5ff4a1abecab02316ea2bc8af413802d920afb7,1755686901,2025-08-20T10:48:21.000Z
0x865f6988a17d414f7e5f0f7490fa4c50b9bb5043,0x000000000000000000000000a3beed4a3ec3bbd1,58252309,0xdb985f73eabcc009333715bf487a742ae90ca4686da494f33f207958f701d2b2,1755687399,2025-08-20T10:56:39.000Z
0x865f6988a17d414f7e5f0f7490fa4c50b9bb5043,0x000000000000000000000000aafda259ae041fcc,58252309,0xdb985f73eabcc009333715bf487a742ae90ca4686da494f33f207958f701d2b2,1755687399,2025-08-20T10:56:39.000Z
0x865f6988a17d414f7e5f0f7490fa4c50b9bb5043,0x0000000000000000000000004326a4441a01a4e7,58252309,0xdb985f73eabcc009333715bf487a742ae90ca4686da494f33f207958f701d2b2,1755687399,2025-08-20T10:56:39.000Z
0x865f6988a17d414f7e5f0f7490fa4c50b9bb5043,0x000000000000000000000000de5b54362e53ef23,58252309,0xdb985f73eabcc009333715bf487a742ae90ca4686da494f33f207958f701d2b2,1755687399,2025-08-20T10:56:39.000Z
0x0b4d454e7f8d7e61d9e482b442cad14e7f01084b,0x0000000000000000000000001e8854fdbf0ae026,58252434,0x0d9ade9df9203087d15324205e18910c7666e3499f7f906dd3df2018d0163460,1755687492,2025-08-20T10:58:12.000Z
0x0b4d454e7f8d7e61d9e482b442cad14e7f01084b,0x000000000000000000000000c22d6adc7abf937d,58252434,0x0d9ade9df9203087d15324205e18910c7666e3499f7f906dd3df2018d0163460,1755687492,2025-08-20T10:58:12.000Z
0x0b4d454e7f8d7e61d9e482b442cad14e7f01084b,0x000000000000000000000000ed316d698667c262,58252434,0x0d9ade9df9203087d15324205e18910c7666e3499f7f906dd3df2018d0163460,1755687492,2025-08-20T10:58:12.000Z
0x0b4d454e7f8d7e61d9e482b442cad14e7f01084b,0x000000000000000000000000de5b54362e53ef23,58252434,0x0d9ade9df9203087d15324205e18910c7666e3499f7f906dd3df2018d0163460,1755687492,2025-08-20T10:58:12.000Z
0xbd1edfba6101b3607f3aa949706ed869733f4c10,0x0000000000000000000000001b49e177b8dfe3fe,58252519,0xfca9c8ce95818d36d86b94ec4341e86be59556af2d6b30776751fb1f4b7258f1,1755687556,2025-08-20T10:59:16.000Z
0xbd1edfba6101b3607f3aa949706ed869733f4c10,0x0000000000000000000000004326a4441a01a4e7,58252519,0xfca9c8ce95818d36d86b94ec4341e86be59556af2d6b30776751fb1f4b7258f1,1755687556,2025-08-20T10:59:16.000Z
0xbd1edfba6101b3607f3aa949706ed869733f4c10,0x000000000000000000000000836e659a3e173a60,58252519,0xfca9c8ce95818d36d86b94ec4341e86be59556af2d6b30776751fb1f4b7258f1,1755687556,2025-08-20T10:59:16.000Z
0xbd1edfba6101b3607f3aa949706ed869733f4c10,0x000000000000000000000000de5b54362e53ef23,58252519,0xfca9c8ce95818d36d86b94ec4341e86be59556af2d6b30776751fb1f4b7258f1,1755687556,2025-08-20T10:59:16.000Z
0x49776059b83322c5bcca6ce32e733f55acae1fd8,0x00000000000000000000000066907eed388a8d13,58252827,0x08bb59008fbe0454ff4d446fc102511849fbbf58c062beafdc38a3bc4e6def48,1755687787,2025-08-20T11:03:07.000Z
0x49776059b83322c5bcca6ce32e733f55acae1fd8,0x000000000000000000000000b2b98660ee73de2e,58252827,0x08bb59008fbe0454ff4d446fc102511849fbbf58c062beafdc38a3bc4e6def48,1755687787,2025-08-20T11:03:07.000Z
0x49776059b83322c5bcca6ce32e733f55acae1fd8,0x000000000000000000000000842cdd2a6be2452e,58252827,0x08bb59008fbe0454ff4d446fc102511849fbbf58c062beafdc38a3bc4e6def48,1755687787,2025-08-20T11:03:07.000Z
0x49776059b83322c5bcca6ce32e733f55acae1fd8,0x000000000000000000000000de5b54362e53ef23,58252827,0x08bb59008fbe0454ff4d446fc102511849fbbf58c062beafdc38a3bc4e6def48,1755687787,2025-08-20T11:03:07.000Z
0xcc0a49ef34e391d4c2244c4ff24b7c732c51ff30,0x0000000000000000000000008d66facd7673f48c,58253123,0xaf4b7d3a323a548a733a47169d1cf38e97e0e06611966a49d19e3e297d7b3702,1755688009,2025-08-20T11:06:49.000Z
0xcc0a49ef34e391d4c2244c4ff24b7c732c51ff30,0x000000000000000000000000d2dd610da3363d3f,58253123,0xaf4b7d3a323a548a733a47169d1cf38e97e0e06611966a49d19e3e297d7b3702,1755688009,2025-08-20T11:06:49.000Z
0xcc0a49ef34e391d4c2244c4ff24b7c732c51ff30,0x0000000000000000000000001b49e177b8dfe3fe,58253123,0xaf4b7d3a323a548a733a47169d1cf38e97e0e06611966a49d19e3e297d7b3702,1755688009,2025-08-20T11:06:49.000Z
0xcc0a49ef34e391d4c2244c4ff24b7c732c51ff30,0x000000000000000000000000de5b54362e53ef23,58253123,0xaf4b7d3a323a548a733a47169d1cf38e97e0e06611966a49d19e3e297d7b3702,1755688009,2025-08-20T11:06:49.000Z
0xa46f0d0f16221e7ae74a3c26ea1fd0eb75d2d128,0x00000000000000000000000049776059b83322c5,58254905,0x4aa7ce8a2c8e0752fb4888771c21cff398f8447c63fbe179622154d6f720a10b,1755689346,2025-08-20T11:29:06.000Z
0xa46f0d0f16221e7ae74a3c26ea1fd0eb75d2d128,0x00000000000000000000000066907eed388a8d13,58254905,0x4aa7ce8a2c8e0752fb4888771c21cff398f8447c63fbe179622154d6f720a10b,1755689346,2025-08-20T11:29:06.000Z
0xa46f0d0f16221e7ae74a3c26ea1fd0eb75d2d128,0x000000000000000000000000b2b98660ee73de2e,58254905,0x4aa7ce8a2c8e0752fb4888771c21cff398f8447c63fbe179622154d6f720a10b,1755689346,2025-08-20T11:29:06.000Z
0xa46f0d0f16221e7ae74a3c26ea1fd0eb75d2d128,0x000000000000000000000000de5b54362e53ef23,58254905,0x4aa7ce8a2c8e0752fb4888771c21cff398f8447c63fbe179622154d6f720a10b,1755689346,2025-08-20T11:29:06.000Z
0x2b3bc5a945059f77cf5219b3670295b603b5cc4f,0x000000000000000000000000a3beed4a3ec3bbd1,58255118,0x210ff6c721aff065ffd0070aa0aebc18ef02654ac21340e028c1e435cadb535b,1755689505,2025-08-20T11:31:45.000Z
0x2b3bc5a945059f77cf5219b3670295b603b5cc4f,0x000000000000000000000000aafda259ae041fcc,58255118,0x210ff6c721aff065ffd0070aa0aebc18ef02654ac21340e028c1e435cadb535b,1755689505,2025-08-20T11:31:45.000Z
0x2b3bc5a945059f77cf5219b3670295b603b5cc4f,0x0000000000000000000000004326a4441a01a4e7,58255118,0x210ff6c721aff065ffd0070aa0aebc18ef02654ac21340e028c1e435cadb535b,1755689505,2025-08-20T11:31:45.000Z
0x2b3bc5a945059f77cf5219b3670295b603b5cc4f,0x000000000000000000000000de5b54362e53ef23,58255118,0x210ff6c721aff065ffd0070aa0aebc18ef02654ac21340e028c1e435cadb535b,1755689505,2025-08-20T11:31:45.000Z
0x509aad7bc34a14743251c86e48a4bfb36aeaee72,0x0000000000000000000000005650f8b5615715fa,58255149,0x8ff64f098db2bdac94d1de59bb196ec397821e0e0e259d2ad72d38898409f1b1,1755689529,2025-08-20T11:32:09.000Z
0x509aad7bc34a14743251c86e48a4bfb36aeaee72,0x0000000000000000000000008d66facd7673f48c,58255149,0x8ff64f098db2bdac94d1de59bb196ec397821e0e0e259d2ad72d38898409f1b1,1755689529,2025-08-20T11:32:09.000Z
0x509aad7bc34a14743251c86e48a4bfb36aeaee72,0x000000000000000000000000d2dd610da3363d3f,58255149,0x8ff64f098db2bdac94d1de59bb196ec397821e0e0e259d2ad72d38898409f1b1,1755689529,2025-08-20T11:32:09.000Z
0x509aad7bc34a14743251c86e48a4bfb36aeaee72,0x000000000000000000000000de5b54362e53ef23,58255149,0x8ff64f098db2bdac94d1de59bb196ec397821e0e0e259d2ad72d38898409f1b1,1755689529,2025-08-20T11:32:09.000Z
0xfb7e9dec8ae7b7be6ea0357bda985e9ccce2536a,0x000000000000000000000000a46f0d0f16221e7a,58255551,0x117cd063e47d5c413beffcae86dbe18a3bac7c401a0d33786f0b13a9a59d8688,1755689830,2025-08-20T11:37:10.000Z
0xfb7e9dec8ae7b7be6ea0357bda985e9ccce2536a,0x00000000000000000000000049776059b83322c5,58255551,0x117cd063e47d5c413beffcae86dbe18a3bac7c401a0d33786f0b13a9a59d8688,1755689830,2025-08-20T11:37:10.000Z
0xfb7e9dec8ae7b7be6ea0357bda985e9ccce2536a,0x00000000000000000000000066907eed388a8d13,58255551,0x117cd063e47d5c413beffcae86dbe18a3bac7c401a0d33786f0b13a9a59d8688,1755689830,2025-08-20T11:37:10.000Z
0xfb7e9dec8ae7b7be6ea0357bda985e9ccce2536a,0x000000000000000000000000de5b54362e53ef23,58255551,0x117cd063e47d5c413beffcae86dbe18a3bac7c401a0d33786f0b13a9a59d8688,1755689830,2025-08-20T11:37:10.000Z
0x4207abb6063235ef357ec5ef38725c238f316c8a,0x0000000000000000000000008d66facd7673f48c,58255573,0xb266ee7a5c20ccc2920ce961944155984d31c6fbf404bc8c85b0f2e839b0f4a3,1755689847,2025-08-20T11:37:27.000Z
0x4207abb6063235ef357ec5ef38725c238f316c8a,0x000000000000000000000000d2dd610da3363d3f,58255573,0xb266ee7a5c20ccc2920ce961944155984d31c6fbf404bc8c85b0f2e839b0f4a3,1755689847,2025-08-20T11:37:27.000Z
0x4207abb6063235ef357ec5ef38725c238f316c8a,0x0000000000000000000000001b49e177b8dfe3fe,58255573,0xb266ee7a5c20ccc2920ce961944155984d31c6fbf404bc8c85b0f2e839b0f4a3,1755689847,2025-08-20T11:37:27.000Z
0x4207abb6063235ef357ec5ef38725c238f316c8a,0x000000000000000000000000de5b54362e53ef23,58255573,0xb266ee7a5c20ccc2920ce961944155984d31c6fbf404bc8c85b0f2e839b0f4a3,1755689847,2025-08-20T11:37:27.000Z
0xee361c1a83ddd6492254f36b12a1809d4dece700,0x0000000000000000000000001e8854fdbf0ae026,58256564,0x5793b7b8ab0c9e571e3f029f709118f354e991fb16bcff979207752805307826,1755690590,2025-08-20T11:49:50.000Z
0xee361c1a83ddd6492254f36b12a1809d4dece700,0x000000000000000000000000c22d6adc7abf937d,58256564,0x5793b7b8ab0c9e571e3f029f709118f354e991fb16bcff979207752805307826,1755690590,2025-08-20T11:49:50.000Z
0xee361c1a83ddd6492254f36b12a1809d4dece700,0x000000000000000000000000ed316d698667c262,58256564,0x5793b7b8ab0c9e571e3f029f709118f354e991fb16bcff979207752805307826,1755690590,2025-08-20T11:49:50.000Z
0xee361c1a83ddd6492254f36b12a1809d4dece700,0x000000000000000000000000de5b54362e53ef23,58256564,0x5793b7b8ab0c9e571e3f029f709118f354e991fb16bcff979207752805307826,1755690590,2025-08-20T11:49:50.000Z
0x0efb7036daeb1c652d2d72d2a5162242c07e635a,0x000000000000000000000000d3670aab76fa2fe4,58260123,0xf0199bc0a365272cb2e9fa4c4e7c6de7415c3c09071ea67efb4c2222d2d006a0,1755693259,2025-08-20T12:34:19.000Z
0x0efb7036daeb1c652d2d72d2a5162242c07e635a,0x00000000000000000000000088677928d919004a,58260123,0xf0199bc0a365272cb2e9fa4c4e7c6de7415c3c09071ea67efb4c2222d2d006a0,1755693259,2025-08-20T12:34:19.000Z
0x0efb7036daeb1c652d2d72d2a5162242c07e635a,0x0000000000000000000000005b7e21feb9c32c2b,58260123,0xf0199bc0a365272cb2e9fa4c4e7c6de7415c3c09071ea67efb4c2222d2d006a0,1755693259,2025-08-20T12:34:19.000Z
0x0efb7036daeb1c652d2d72d2a5162242c07e635a,0x000000000000000000000000de5b54362e53ef23,58260123,0xf0199bc0a365272cb2e9fa4c4e7c6de7415c3c09071ea67efb4c2222d2d006a0,1755693259,2025-08-20T12:34:19.000Z
0xacc920fe82b4d4f17984e405a0b475e4b70e1ec8,0x0000000000000000000000000efb7036daeb1c65,58260938,0xb2ba0752846eb8ef0fb46e3363d66a3c6e3c4d72bd4581d5de56a97ec0a0fd14,1755693870,2025-08-20T12:44:30.000Z
0xacc920fe82b4d4f17984e405a0b475e4b70e1ec8,0x000000000000000000000000d3670aab76fa2fe4,58260938,0xb2ba0752846eb8ef0fb46e3363d66a3c6e3c4d72bd4581d5de56a97ec0a0fd14,1755693870,2025-08-20T12:44:30.000Z
0xacc920fe82b4d4f17984e405a0b475e4b70e1ec8,0x00000000000000000000000088677928d919004a,58260938,0xb2ba0752846eb8ef0fb46e3363d66a3c6e3c4d72bd4581d5de56a97ec0a0fd14,1755693870,2025-08-20T12:44:30.000Z
0xacc920fe82b4d4f17984e405a0b475e4b70e1ec8,0x000000000000000000000000de5b54362e53ef23,58260938,0xb2ba0752846eb8ef0fb46e3363d66a3c6e3c4d72bd4581d5de56a97ec0a0fd14,1755693870,2025-08-20T12:44:30.000Z
0xfdced4b8fd96eda2a1957cffd3b2e60c6da25c80,0x000000000000000000000000acc920fe82b4d4f1,58261628,0x6c8da20ab3f60463b214f9b12e0ffee74b7838ccd7fcc40a3ba35995db926a55,1755694388,2025-08-20T12:53:08.000Z
0xfdced4b8fd96eda2a1957cffd3b2e60c6da25c80,0x0000000000000000000000000efb7036daeb1c65,58261628,0x6c8da20ab3f60463b214f9b12e0ffee74b7838ccd7fcc40a3ba35995db926a55,1755694388,2025-08-20T12:53:08.000Z
0xfdced4b8fd96eda2a1957cffd3b2e60c6da25c80,0x000000000000000000000000d3670aab76fa2fe4,58261628,0x6c8da20ab3f60463b214f9b12e0ffee74b7838ccd7fcc40a3ba35995db926a55,1755694388,2025-08-20T12:53:08.000Z
0xfdced4b8fd96eda2a1957cffd3b2e60c6da25c80,0x000000000000000000000000de5b54362e53ef23,58261628,0x6c8da20ab3f60463b214f9b12e0ffee74b7838ccd7fcc40a3ba35995db926a55,1755694388,2025-08-20T12:53:08.000Z
0xd4c3ee466e2b3a2d04a644898d54484066d0f2e5,0x000000000000000000000000fdced4b8fd96eda2,58261944,0x63c0edcab32c28545c051cc18d2c83545a76ea8f8ee3caa06ed9d85fd07ee9d3,1755694625,2025-08-20T12:57:05.000Z
0xd4c3ee466e2b3a2d04a644898d54484066d0f2e5,0x000000000000000000000000acc920fe82b4d4f1,58261944,0x63c0edcab32c28545c051cc18d2c83545a76ea8f8ee3caa06ed9d85fd07ee9d3,1755694625,2025-08-20T12:57:05.000Z
0xd4c3ee466e2b3a2d04a644898d54484066d0f2e5,0x0000000000000000000000000efb7036daeb1c65,58261944,0x63c0edcab32c28545c051cc18d2c83545a76ea8f8ee3caa06ed9d85fd07ee9d3,1755694625,2025-08-20T12:57:05.000Z
0xd4c3ee466e2b3a2d04a644898d54484066d0f2e5,0x000000000000000000000000de5b54362e53ef23,58261944,0x63c0edcab32c28545c051cc18d2c83545a76ea8f8ee3caa06ed9d85fd07ee9d3,1755694625,2025-08-20T12:57:05.000Z
0x3c9846bc8e3401a1c8e81ea17fa85b989cd0510d,0x000000000000000000000000d4c3ee466e2b3a2d,58262303,0xb51b3d4f6bb775315d01404d8102af8e88355c2facbcbd7d4f79384fee1cf4bd,1755694894,2025-08-20T13:01:34.000Z
0x3c9846bc8e3401a1c8e81ea17fa85b989cd0510d,0x000000000000000000000000fdced4b8fd96eda2,58262303,0xb51b3d4f6bb775315d01404d8102af8e88355c2facbcbd7d4f79384fee1cf4bd,1755694894,2025-08-20T13:01:34.000Z
0x3c9846bc8e3401a1c8e81ea17fa85b989cd0510d,0x000000000000000000000000acc920fe82b4d4f1,58262303,0xb51b3d4f6bb775315d01404d8102af8e88355c2facbcbd7d4f79384fee1cf4bd,1755694894,2025-08-20T13:01:34.000Z
0x3c9846bc8e3401a1c8e81ea17fa85b989cd0510d,0x000000000000000000000000de5b54362e53ef23,58262303,0xb51b3d4f6bb775315d01404d8102af8e88355c2facbcbd7d4f79384fee1cf4bd,1755694894,2025-08-20T13:01:34.000Z
0x343b54a121d1080607c1c1dde59e39c37b182574,0x0000000000000000000000003c9846bc8e3401a1,58262659,0x0d398270e2c3c2606b2e0a4b5458c934c271e054163ce3320ecaaf0d0ac4317e,1755695161,2025-08-20T13:06:01.000Z
0x343b54a121d1080607c1c1dde59e39c37b182574,0x000000000000000000000000d4c3ee466e2b3a2d,58262659,0x0d398270e2c3c2606b2e0a4b5458c934c271e054163ce3320ecaaf0d0ac4317e,1755695161,2025-08-20T13:06:01.000Z
0x343b54a121d1080607c1c1dde59e39c37b182574,0x000000000000000000000000fdced4b8fd96eda2,58262659,0x0d398270e2c3c2606b2e0a4b5458c934c271e054163ce3320ecaaf0d0ac4317e,1755695161,2025-08-20T13:06:01.000Z
0x343b54a121d1080607c1c1dde59e39c37b182574,0x000000000000000000000000de5b54362e53ef23,58262659,0x0d398270e2c3c2606b2e0a4b5458c934c271e054163ce3320ecaaf0d0ac4317e,1755695161,2025-08-20T13:06:01.000Z
0x21af484ac218e322db4e3fd0da47ea6e81e0fc77,0x000000000000000000000000a3beed4a3ec3bbd1,58263244,0x583113d485c22a4760f58b7d4b8101baadd220ec3b5fd916a2b18d13a72e24f0,1755695600,2025-08-20T13:13:20.000Z
0x21af484ac218e322db4e3fd0da47ea6e81e0fc77,0x000000000000000000000000aafda259ae041fcc,58263244,0x583113d485c22a4760f58b7d4b8101baadd220ec3b5fd916a2b18d13a72e24f0,1755695600,2025-08-20T13:13:20.000Z
0x21af484ac218e322db4e3fd0da47ea6e81e0fc77,0x0000000000000000000000004326a4441a01a4e7,58263244,0x583113d485c22a4760f58b7d4b8101baadd220ec3b5fd916a2b18d13a72e24f0,1755695600,2025-08-20T13:13:20.000Z
0x21af484ac218e322db4e3fd0da47ea6e81e0fc77,0x000000000000000000000000de5b54362e53ef23,58263244,0x583113d485c22a4760f58b7d4b8101baadd220ec3b5fd916a2b18d13a72e24f0,1755695600,2025-08-20T13:13:20.000Z
0xc6c523037dc0d2ec3766c56c627cc1257288d4dc,0x000000000000000000000000343b54a121d10806,58264528,0x3d0be1f7401f4b1ac4f21812c1918ce7f150eefe1fe6502c445d0f2557d61e9a,1755696563,2025-08-20T13:29:23.000Z
0xc6c523037dc0d2ec3766c56c627cc1257288d4dc,0x0000000000000000000000003c9846bc8e3401a1,58264528,0x3d0be1f7401f4b1ac4f21812c1918ce7f150eefe1fe6502c445d0f2557d61e9a,1755696563,2025-08-20T13:29:23.000Z
0xc6c523037dc0d2ec3766c56c627cc1257288d4dc,0x000000000000000000000000d4c3ee466e2b3a2d,58264528,0x3d0be1f7401f4b1ac4f21812c1918ce7f150eefe1fe6502c445d0f2557d61e9a,1755696563,2025-08-20T13:29:23.000Z
0xc6c523037dc0d2ec3766c56c627cc1257288d4dc,0x000000000000000000000000de5b54362e53ef23,58264528,0x3d0be1f7401f4b1ac4f21812c1918ce7f150eefe1fe6502c445d0f2557d61e9a,1755696563,2025-08-20T13:29:23.000Z
0x02c2a94d6e6779c9b20d750299fab5ac102beae1,0x000000000000000000000000343b54a121d10806,58264766,0x2e64c84f04a56e6cb54a478d0edf6258ce56eb365e87376aff3d2e4764e911fb,1755696741,2025-08-20T13:32:21.000Z
0x02c2a94d6e6779c9b20d750299fab5ac102beae1,0x0000000000000000000000003c9846bc8e3401a1,58264766,0x2e64c84f04a56e6cb54a478d0edf6258ce56eb365e87376aff3d2e4764e911fb,1755696741,2025-08-20T13:32:21.000Z
0x02c2a94d6e6779c9b20d750299fab5ac102beae1,0x000000000000000000000000d4c3ee466e2b3a2d,58264766,0x2e64c84f04a56e6cb54a478d0edf6258ce56eb365e87376aff3d2e4764e911fb,1755696741,2025-08-20T13:32:21.000Z
0x02c2a94d6e6779c9b20d750299fab5ac102beae1,0x000000000000000000000000de5b54362e53ef23,58264766,0x2e64c84f04a56e6cb54a478d0edf6258ce56eb365e87376aff3d2e4764e911fb,1755696741,2025-08-20T13:32:21.000Z
0xebb572059363fa4fff24781b24650dc8ea74d33f,0x000000000000000000000000b2b98660ee73de2e,58265596,0x0ee824b072b298237c91c034a943eeae529c4dad1776f547c217faf413386469,1755697364,2025-08-20T13:42:44.000Z
0xebb572059363fa4fff24781b24650dc8ea74d33f,0x000000000000000000000000842cdd2a6be2452e,58265596,0x0ee824b072b298237c91c034a943eeae529c4dad1776f547c217faf413386469,1755697364,2025-08-20T13:42:44.000Z
0xebb572059363fa4fff24781b24650dc8ea74d33f,0x000000000000000000000000eb0a38a05b4cf356,58265596,0x0ee824b072b298237c91c034a943eeae529c4dad1776f547c217faf413386469,1755697364,2025-08-20T13:42:44.000Z
0xebb572059363fa4fff24781b24650dc8ea74d33f,0x000000000000000000000000de5b54362e53ef23,58265596,0x0ee824b072b298237c91c034a943eeae529c4dad1776f547c217faf413386469,1755697364,2025-08-20T13:42:44.000Z
0xc0e863a662ee343d8d889897260dcbfb6d4e1c73,0x0000000000000000000000001b49e177b8dfe3fe,58272534,0xeaced23e056053702582ef7329b32ffca0b309e745b805561fa93b8da9cecbb8,1755702567,2025-08-20T15:09:27.000Z
0xc0e863a662ee343d8d889897260dcbfb6d4e1c73,0x0000000000000000000000004326a4441a01a4e7,58272534,0xeaced23e056053702582ef7329b32ffca0b309e745b805561fa93b8da9cecbb8,1755702567,2025-08-20T15:09:27.000Z
0xc0e863a662ee343d8d889897260dcbfb6d4e1c73,0x000000000000000000000000836e659a3e173a60,58272534,0xeaced23e056053702582ef7329b32ffca0b309e745b805561fa93b8da9cecbb8,1755702567,2025-08-20T15:09:27.000Z
0xc0e863a662ee343d8d889897260dcbfb6d4e1c73,0x000000000000000000000000de5b54362e53ef23,58272534,0xeaced23e056053702582ef7329b32ffca0b309e745b805561fa93b8da9cecbb8,1755702567,2025-08-20T15:09:27.000Z
0x872e14038f550ad2d1ba4e6c866da84fdcd5a37a,0x00000000000000000000000092d6d3fbe4067a2f,58282123,0x279c52323a5f57edf5b27230ae055a5342f5d1030e9c25d6017840708065c053,1755709761,2025-08-20T17:09:21.000Z
0x872e14038f550ad2d1ba4e6c866da84fdcd5a37a,0x0000000000000000000000008d66facd7673f48c,58282123,0x279c52323a5f57edf5b27230ae055a5342f5d1030e9c25d6017840708065c053,1755709761,2025-08-20T17:09:21.000Z
0x872e14038f550ad2d1ba4e6c866da84fdcd5a37a,0x000000000000000000000000d2dd610da3363d3f,58282123,0x279c52323a5f57edf5b27230ae055a5342f5d1030e9c25d6017840708065c053,1755709761,2025-08-20T17:09:21.000Z
0x872e14038f550ad2d1ba4e6c866da84fdcd5a37a,0x000000000000000000000000de5b54362e53ef23,58282123,0x279c52323a5f57edf5b27230ae055a5342f5d1030e9c25d6017840708065c053,1755709761,2025-08-20T17:09:21.000Z
0xc77019b42001e54dda1e810b1411e6e244ad63d4,0x000000000000000000000000b2b01bd34e3df845,58282125,0x78455e73073c6be30f38869244c416431a2c10ee7d395963c1902b03be634516,1755709762,2025-08-20T17:09:22.000Z
0xc77019b42001e54dda1e810b1411e6e244ad63d4,0x00000000000000000000000066ea89ce48e54966,58282125,0x78455e73073c6be30f38869244c416431a2c10ee7d395963c1902b03be634516,1755709762,2025-08-20T17:09:22.000Z
0xc77019b42001e54dda1e810b1411e6e244ad63d4,0x0000000000000000000000004b4909153082445d,58282125,0x78455e73073c6be30f38869244c416431a2c10ee7d395963c1902b03be634516,1755709762,2025-08-20T17:09:22.000Z
0xc77019b42001e54dda1e810b1411e6e244ad63d4,0x000000000000000000000000de5b54362e53ef23,58282125,0x78455e73073c6be30f38869244c416431a2c10ee7d395963c1902b03be634516,1755709762,2025-08-20T17:09:22.000Z
0x28d9547c676b7171fb93307b2b7b593ef6fbdb5a,0x000000000000000000000000872e14038f550ad2,58282948,0xe32d69c0398b371f4ad7c66703afcbd4272ff87f5f7af314707f8970d8816702,1755710380,2025-08-20T17:19:40.000Z
0x28d9547c676b7171fb93307b2b7b593ef6fbdb5a,0x00000000000000000000000092d6d3fbe4067a2f,58282948,0xe32d69c0398b371f4ad7c66703afcbd4272ff87f5f7af314707f8970d8816702,1755710380,2025-08-20T17:19:40.000Z
0x28d9547c676b7171fb93307b2b7b593ef6fbdb5a,0x0000000000000000000000008d66facd7673f48c,58282948,0xe32d69c0398b371f4ad7c66703afcbd4272ff87f5f7af314707f8970d8816702,1755710380,2025-08-20T17:19:40.000Z
0x28d9547c676b7171fb93307b2b7b593ef6fbdb5a,0x000000000000000000000000de5b54362e53ef23,58282948,0xe32d69c0398b371f4ad7c66703afcbd4272ff87f5f7af314707f8970d8816702,1755710380,2025-08-20T17:19:40.000Z
0x1c7a6b7a7b93d23180d07cec97ce87627e22ed8a,0x00000000000000000000000056b1094c199961a0,58285297,0xe11a547b851f356d0231dfe9c6fb7290addecc4e16e47b697c8235f0d8420883,1755712141,2025-08-20T17:49:01.000Z
0x1c7a6b7a7b93d23180d07cec97ce87627e22ed8a,0x000000000000000000000000df9729e425c7e2be,58285297,0xe11a547b851f356d0231dfe9c6fb7290addecc4e16e47b697c8235f0d8420883,1755712141,2025-08-20T17:49:01.000Z
0x1c7a6b7a7b93d23180d07cec97ce87627e22ed8a,0x00000000000000000000000088677928d919004a,58285297,0xe11a547b851f356d0231dfe9c6fb7290addecc4e16e47b697c8235f0d8420883,1755712141,2025-08-20T17:49:01.000Z
0x1c7a6b7a7b93d23180d07cec97ce87627e22ed8a,0x000000000000000000000000de5b54362e53ef23,58285297,0xe11a547b851f356d0231dfe9c6fb7290addecc4e16e47b697c8235f0d8420883,1755712141,2025-08-20T17:49:01.000Z
0xa872fbe1ccb1f673fa6273756ae08cca0fe2e19c,0x0000000000000000000000001c7a6b7a7b93d231,58286190,0x2b5a8590791b3688a833729b06ff1153747fe05ae6d93f1814cad2b63d311f40,1755712811,2025-08-20T18:00:11.000Z
0xa872fbe1ccb1f673fa6273756ae08cca0fe2e19c,0x00000000000000000000000056b1094c199961a0,58286190,0x2b5a8590791b3688a833729b06ff1153747fe05ae6d93f1814cad2b63d311f40,1755712811,2025-08-20T18:00:11.000Z
0xa872fbe1ccb1f673fa6273756ae08cca0fe2e19c,0x000000000000000000000000df9729e425c7e2be,58286190,0x2b5a8590791b3688a833729b06ff1153747fe05ae6d93f1814cad2b63d311f40,1755712811,2025-08-20T18:00:11.000Z
0xa872fbe1ccb1f673fa6273756ae08cca0fe2e19c,0x000000000000000000000000de5b54362e53ef23,58286190,0x2b5a8590791b3688a833729b06ff1153747fe05ae6d93f1814cad2b63d311f40,1755712811,2025-08-20T18:00:11.000Z
0x2c214e73f55a73f1c3a27aa063f3237872c11658,0x0000000000000000000000001c7a6b7a7b93d231,58287442,0x7e21318cc47a2647f8b77a116b3f795e0f3b4a147dab0086eccb5c3a9dc85c58,1755713750,2025-08-20T18:15:50.000Z
0x2c214e73f55a73f1c3a27aa063f3237872c11658,0x00000000000000000000000056b1094c199961a0,58287442,0x7e21318cc47a2647f8b77a116b3f795e0f3b4a147dab0086eccb5c3a9dc85c58,1755713750,2025-08-20T18:15:50.000Z
0x2c214e73f55a73f1c3a27aa063f3237872c11658,0x000000000000000000000000df9729e425c7e2be,58287442,0x7e21318cc47a2647f8b77a116b3f795e0f3b4a147dab0086eccb5c3a9dc85c58,1755713750,2025-08-20T18:15:50.000Z
0x2c214e73f55a73f1c3a27aa063f3237872c11658,0x000000000000000000000000de5b54362e53ef23,58287442,0x7e21318cc47a2647f8b77a116b3f795e0f3b4a147dab0086eccb5c3a9dc85c58,1755713750,2025-08-20T18:15:50.000Z
0xbdcbc9404fd1d5c811506e89eb50c257a3110282,0x00000000000000000000000028d9547c676b7171,58288097,0xac60f6f2105f1b60b475aa840f24eff8a3965419ca3b9467c9d93dd54d529761,1755714241,2025-08-20T18:24:01.000Z
0xbdcbc9404fd1d5c811506e89eb50c257a3110282,0x000000000000000000000000872e14038f550ad2,58288097,0xac60f6f2105f1b60b475aa840f24eff8a3965419ca3b9467c9d93dd54d529761,1755714241,2025-08-20T18:24:01.000Z
0xbdcbc9404fd1d5c811506e89eb50c257a3110282,0x00000000000000000000000092d6d3fbe4067a2f,58288097,0xac60f6f2105f1b60b475aa840f24eff8a3965419ca3b9467c9d93dd54d529761,1755714241,2025-08-20T18:24:01.000Z
0xbdcbc9404fd1d5c811506e89eb50c257a3110282,0x000000000000000000000000de5b54362e53ef23,58288097,0xac60f6f2105f1b60b475aa840f24eff8a3965419ca3b9467c9d93dd54d529761,1755714241,2025-08-20T18:24:01.000Z
0xbd3a2115cd56b1c265d2dfe5574f344e4edf68b9,0x0000000000000000000000003b90d2cc2f8106a9,58288141,0x8a4bf06c925819ad3bf373e012879d4371d175b691b74fa16b04f67acd8e1b13,1755714274,2025-08-20T18:24:34.000Z
0xbd3a2115cd56b1c265d2dfe5574f344e4edf68b9,0x0000000000000000000000009ef5a1dfb1c15421,58288141,0x8a4bf06c925819ad3bf373e012879d4371d175b691b74fa16b04f67acd8e1b13,1755714274,2025-08-20T18:24:34.000Z
0xbd3a2115cd56b1c265d2dfe5574f344e4edf68b9,0x000000000000000000000000a873cfe4c4eaa4e5,58288141,0x8a4bf06c925819ad3bf373e012879d4371d175b691b74fa16b04f67acd8e1b13,1755714274,2025-08-20T18:24:34.000Z
0xbd3a2115cd56b1c265d2dfe5574f344e4edf68b9,0x000000000000000000000000de5b54362e53ef23,58288141,0x8a4bf06c925819ad3bf373e012879d4371d175b691b74fa16b04f67acd8e1b13,1755714274,2025-08-20T18:24:34.000Z
0xbf0a4c6dacfccbce115700faf1a65633cfb3a83a,0x000000000000000000000000bd3a2115cd56b1c2,58288925,0xb4152b9ae48921916e4aac4afb823f720e9f2390668ed60c13aa0b1132a44d9b,1755714862,2025-08-20T18:34:22.000Z
0xbf0a4c6dacfccbce115700faf1a65633cfb3a83a,0x0000000000000000000000003b90d2cc2f8106a9,58288925,0xb4152b9ae48921916e4aac4afb823f720e9f2390668ed60c13aa0b1132a44d9b,1755714862,2025-08-20T18:34:22.000Z
0xbf0a4c6dacfccbce115700faf1a65633cfb3a83a,0x0000000000000000000000009ef5a1dfb1c15421,58288925,0xb4152b9ae48921916e4aac4afb823f720e9f2390668ed60c13aa0b1132a44d9b,1755714862,2025-08-20T18:34:22.000Z
0xbf0a4c6dacfccbce115700faf1a65633cfb3a83a,0x000000000000000000000000de5b54362e53ef23,58288925,0xb4152b9ae48921916e4aac4afb823f720e9f2390668ed60c13aa0b1132a44d9b,1755714862,2025-08-20T18:34:22.000Z
0x9221dca4d23120c6a0efc57eb34977a41cac6474,0x000000000000000000000000bdcbc9404fd1d5c8,58289014,0x5552d92888a94f053f9e25f1b4afe5fa3df6b2a778088df5ced1817fa82bbb96,1755714929,2025-08-20T18:35:29.000Z
0x9221dca4d23120c6a0efc57eb34977a41cac6474,0x00000000000000000000000028d9547c676b7171,58289014,0x5552d92888a94f053f9e25f1b4afe5fa3df6b2a778088df5ced1817fa82bbb96,1755714929,2025-08-20T18:35:29.000Z
0x9221dca4d23120c6a0efc57eb34977a41cac6474,0x000000000000000000000000872e14038f550ad2,58289014,0x5552d92888a94f053f9e25f1b4afe5fa3df6b2a778088df5ced1817fa82bbb96,1755714929,2025-08-20T18:35:29.000Z
0x9221dca4d23120c6a0efc57eb34977a41cac6474,0x000000000000000000000000de5b54362e53ef23,58289014,0x5552d92888a94f053f9e25f1b4afe5fa3df6b2a778088df5ced1817fa82bbb96,1755714929,2025-08-20T18:35:29.000Z
0xafc5348925afe255aa0ae7de7c4658c7062da603,0x000000000000000000000000bf0a4c6dacfccbce,58289344,0xc6d2d0ebf2d85c2e5d8be76c2317c03dd08159b369d92c1d6d0c2092f65df0f7,1755715177,2025-08-20T18:39:37.000Z
0xafc5348925afe255aa0ae7de7c4658c7062da603,0x000000000000000000000000bd3a2115cd56b1c2,58289344,0xc6d2d0ebf2d85c2e5d8be76c2317c03dd08159b369d92c1d6d0c2092f65df0f7,1755715177,2025-08-20T18:39:37.000Z
0xafc5348925afe255aa0ae7de7c4658c7062da603,0x0000000000000000000000003b90d2cc2f8106a9,58289344,0xc6d2d0ebf2d85c2e5d8be76c2317c03dd08159b369d92c1d6d0c2092f65df0f7,1755715177,2025-08-20T18:39:37.000Z
0xafc5348925afe255aa0ae7de7c4658c7062da603,0x000000000000000000000000de5b54362e53ef23,58289344,0xc6d2d0ebf2d85c2e5d8be76c2317c03dd08159b369d92c1d6d0c2092f65df0f7,1755715177,2025-08-20T18:39:37.000Z
0x788302f3e6b6955a7f887d0be99716c2717ef237,0x0000000000000000000000009221dca4d23120c6,58291127,0x702773bf3e60d01d0fbbf13186f224102ff547d8f635fd9efa330f72293ec276,1755716514,2025-08-20T19:01:54.000Z
0x788302f3e6b6955a7f887d0be99716c2717ef237,0x000000000000000000000000bdcbc9404fd1d5c8,58291127,0x702773bf3e60d01d0fbbf13186f224102ff547d8f635fd9efa330f72293ec276,1755716514,2025-08-20T19:01:54.000Z
0x788302f3e6b6955a7f887d0be99716c2717ef237,0x00000000000000000000000028d9547c676b7171,58291127,0x702773bf3e60d01d0fbbf13186f224102ff547d8f635fd9efa330f72293ec276,1755716514,2025-08-20T19:01:54.000Z
0x788302f3e6b6955a7f887d0be99716c2717ef237,0x000000000000000000000000de5b54362e53ef23,58291127,0x702773bf3e60d01d0fbbf13186f224102ff547d8f635fd9efa330f72293ec276,1755716514,2025-08-20T19:01:54.000Z
0x7c468479ff23a86f079da6bd5e6651aed863f2a5,0x000000000000000000000000029cbf1aeff35b23,58293683,0x0f96c5c3d75fea14c4d031c024956f753cee0880d99d8b500e08a396a0cafcab,1755718431,2025-08-20T19:33:51.000Z
0x7c468479ff23a86f079da6bd5e6651aed863f2a5,0x0000000000000000000000001e8854fdbf0ae026,58293683,0x0f96c5c3d75fea14c4d031c024956f753cee0880d99d8b500e08a396a0cafcab,1755718431,2025-08-20T19:33:51.000Z
0x7c468479ff23a86f079da6bd5e6651aed863f2a5,0x000000000000000000000000c22d6adc7abf937d,58293683,0x0f96c5c3d75fea14c4d031c024956f753cee0880d99d8b500e08a396a0cafcab,1755718431,2025-08-20T19:33:51.000Z
0x7c468479ff23a86f079da6bd5e6651aed863f2a5,0x000000000000000000000000de5b54362e53ef23,58293683,0x0f96c5c3d75fea14c4d031c024956f753cee0880d99d8b500e08a396a0cafcab,1755718431,2025-08-20T19:33:51.000Z
0x637b2a53fd490479d2e89faa0b50d0143357c264,0x0000000000000000000000006d3609a12043389b,58293942,0xb5760d9423b212e1ba50de213a853f1d50ab50f0b97db2356e4bd4032e6680a3,1755718625,2025-08-20T19:37:05.000Z
0x637b2a53fd490479d2e89faa0b50d0143357c264,0x000000000000000000000000d27ad3b5141e2b3c,58293942,0xb5760d9423b212e1ba50de213a853f1d50ab50f0b97db2356e4bd4032e6680a3,1755718625,2025-08-20T19:37:05.000Z
0x637b2a53fd490479d2e89faa0b50d0143357c264,0x000000000000000000000000f996cac6a862c5e9,58293942,0xb5760d9423b212e1ba50de213a853f1d50ab50f0b97db2356e4bd4032e6680a3,1755718625,2025-08-20T19:37:05.000Z
0x637b2a53fd490479d2e89faa0b50d0143357c264,0x000000000000000000000000de5b54362e53ef23,58293942,0xb5760d9423b212e1ba50de213a853f1d50ab50f0b97db2356e4bd4032e6680a3,1755718625,2025-08-20T19:37:05.000Z
0x273525174a69a3f95712febcb109cf13f4845363,0x0000000000000000000000006d3609a12043389b,58294161,0xca8d7e6337a4632b12e0d56b59987eab38b59e9c27e6598065b9c6aaee9f388e,1755718790,2025-08-20T19:39:50.000Z
0x273525174a69a3f95712febcb109cf13f4845363,0x000000000000000000000000d27ad3b5141e2b3c,58294161,0xca8d7e6337a4632b12e0d56b59987eab38b59e9c27e6598065b9c6aaee9f388e,1755718790,2025-08-20T19:39:50.000Z
0x273525174a69a3f95712febcb109cf13f4845363,0x000000000000000000000000f996cac6a862c5e9,58294161,0xca8d7e6337a4632b12e0d56b59987eab38b59e9c27e6598065b9c6aaee9f388e,1755718790,2025-08-20T19:39:50.000Z
0x273525174a69a3f95712febcb109cf13f4845363,0x000000000000000000000000de5b54362e53ef23,58294161,0xca8d7e6337a4632b12e0d56b59987eab38b59e9c27e6598065b9c6aaee9f388e,1755718790,2025-08-20T19:39:50.000Z
0xe5a71218c3b9ba7147f760d947644068b900957b,0x0000000000000000000000006ffeb2bfc1f2c9d1,58324605,0x34045fee4f7ddbc503d42e6557e828df27f8a1f78fb9a33af45e5cfd5f936bc7,1755741626,2025-08-21T02:00:26.000Z
0xe5a71218c3b9ba7147f760d947644068b900957b,0x00000000000000000000000088ecbcc049b7d047,58324605,0x34045fee4f7ddbc503d42e6557e828df27f8a1f78fb9a33af45e5cfd5f936bc7,1755741626,2025-08-21T02:00:26.000Z
0xe5a71218c3b9ba7147f760d947644068b900957b,0x000000000000000000000000b2b98660ee73de2e,58324605,0x34045fee4f7ddbc503d42e6557e828df27f8a1f78fb9a33af45e5cfd5f936bc7,1755741626,2025-08-21T02:00:26.000Z
0xe5a71218c3b9ba7147f760d947644068b900957b,0x000000000000000000000000de5b54362e53ef23,58324605,0x34045fee4f7ddbc503d42e6557e828df27f8a1f78fb9a33af45e5cfd5f936bc7,1755741626,2025-08-21T02:00:26.000Z
0x3d83e6fa650ba958d8ec24644222f823834eab12,0x0000000000000000000000008d66facd7673f48c,58337350,0x93cee0b10855e0cab7cce219be674cf2268a3773790b488c0f61c8397521a4ab,1755751185,2025-08-21T04:39:45.000Z
0x3d83e6fa650ba958d8ec24644222f823834eab12,0x000000000000000000000000d2dd610da3363d3f,58337350,0x93cee0b10855e0cab7cce219be674cf2268a3773790b488c0f61c8397521a4ab,1755751185,2025-08-21T04:39:45.000Z
0x3d83e6fa650ba958d8ec24644222f823834eab12,0x0000000000000000000000001b49e177b8dfe3fe,58337350,0x93cee0b10855e0cab7cce219be674cf2268a3773790b488c0f61c8397521a4ab,1755751185,2025-08-21T04:39:45.000Z
0x3d83e6fa650ba958d8ec24644222f823834eab12,0x000000000000000000000000de5b54362e53ef23,58337350,0x93cee0b10855e0cab7cce219be674cf2268a3773790b488c0f61c8397521a4ab,1755751185,2025-08-21T04:39:45.000Z
0x4e8795cac2e51205e5182e147786e1977594c297,0x000000000000000000000000d10f420f61fb8e7c,58341428,0x3b94044624ec753ac68e2887d536021cf2e48c5936e38a3daea18466e9a9fdf9,1755754244,2025-08-21T05:30:44.000Z
0x4e8795cac2e51205e5182e147786e1977594c297,0x000000000000000000000000df9729e425c7e2be,58341428,0x3b94044624ec753ac68e2887d536021cf2e48c5936e38a3daea18466e9a9fdf9,1755754244,2025-08-21T05:30:44.000Z
0x4e8795cac2e51205e5182e147786e1977594c297,0x00000000000000000000000088677928d919004a,58341428,0x3b94044624ec753ac68e2887d536021cf2e48c5936e38a3daea18466e9a9fdf9,1755754244,2025-08-21T05:30:44.000Z
0x4e8795cac2e51205e5182e147786e1977594c297,0x000000000000000000000000de5b54362e53ef23,58341428,0x3b94044624ec753ac68e2887d536021cf2e48c5936e38a3daea18466e9a9fdf9,1755754244,2025-08-21T05:30:44.000Z
0x85cb6ea08d4088f3fc5b24df56796a7720983d69,0x00000000000000000000000066ea89ce48e54966,58371041,0xb637ffe85e14f1644a329adb1f5b3d53c176c68c2b1c41fb7fdd7036e9ed0d28,1755776455,2025-08-21T11:40:55.000Z
0x85cb6ea08d4088f3fc5b24df56796a7720983d69,0x0000000000000000000000004b4909153082445d,58371041,0xb637ffe85e14f1644a329adb1f5b3d53c176c68c2b1c41fb7fdd7036e9ed0d28,1755776455,2025-08-21T11:40:55.000Z
0x85cb6ea08d4088f3fc5b24df56796a7720983d69,0x000000000000000000000000bfc98b74262ab232,58371041,0xb637ffe85e14f1644a329adb1f5b3d53c176c68c2b1c41fb7fdd7036e9ed0d28,1755776455,2025-08-21T11:40:55.000Z
0x85cb6ea08d4088f3fc5b24df56796a7720983d69,0x000000000000000000000000de5b54362e53ef23,58371041,0xb637ffe85e14f1644a329adb1f5b3d53c176c68c2b1c41fb7fdd7036e9ed0d28,1755776455,2025-08-21T11:40:55.000Z
0xc0db02f3b35ee9178731b24bf42aa7300255fb7e,0x000000000000000000000000509aad7bc34a1474,58371253,0xdf1ab22d410414bde35299428f42dd7bf0036f0d6ce115ee02129526ea7b593b,1755776614,2025-08-21T11:43:34.000Z
0xc0db02f3b35ee9178731b24bf42aa7300255fb7e,0x0000000000000000000000005650f8b5615715fa,58371253,0xdf1ab22d410414bde35299428f42dd7bf0036f0d6ce115ee02129526ea7b593b,1755776614,2025-08-21T11:43:34.000Z
0xc0db02f3b35ee9178731b24bf42aa7300255fb7e,0x0000000000000000000000008d66facd7673f48c,58371253,0xdf1ab22d410414bde35299428f42dd7bf0036f0d6ce115ee02129526ea7b593b,1755776614,2025-08-21T11:43:34.000Z
0xc0db02f3b35ee9178731b24bf42aa7300255fb7e,0x000000000000000000000000de5b54362e53ef23,58371253,0xdf1ab22d410414bde35299428f42dd7bf0036f0d6ce115ee02129526ea7b593b,1755776614,2025-08-21T11:43:34.000Z
0x31c9b1f4a4244704e9618a0e67263d958d991227,0x000000000000000000000000a3beed4a3ec3bbd1,58371423,0xa1d29122a540874dbb93f6826b50392c8a66ea57e6f5b805f4d81d43f1f74a8d,1755776741,2025-08-21T11:45:41.000Z
0x31c9b1f4a4244704e9618a0e67263d958d991227,0x000000000000000000000000aafda259ae041fcc,58371423,0xa1d29122a540874dbb93f6826b50392c8a66ea57e6f5b805f4d81d43f1f74a8d,1755776741,2025-08-21T11:45:41.000Z
0x31c9b1f4a4244704e9618a0e67263d958d991227,0x0000000000000000000000004326a4441a01a4e7,58371423,0xa1d29122a540874dbb93f6826b50392c8a66ea57e6f5b805f4d81d43f1f74a8d,1755776741,2025-08-21T11:45:41.000Z
0x31c9b1f4a4244704e9618a0e67263d958d991227,0x000000000000000000000000de5b54362e53ef23,58371423,0xa1d29122a540874dbb93f6826b50392c8a66ea57e6f5b805f4d81d43f1f74a8d,1755776741,2025-08-21T11:45:41.000Z
0xceba129e0462c7e5070238391569c8db63502e49,0x000000000000000000000000c0db02f3b35ee917,58371651,0x71ef483105ce0a915782f71950c0ccf5903a7d2415411a0e8354a81a5f288d99,1755776912,2025-08-21T11:48:32.000Z
0xceba129e0462c7e5070238391569c8db63502e49,0x000000000000000000000000509aad7bc34a1474,58371651,0x71ef483105ce0a915782f71950c0ccf5903a7d2415411a0e8354a81a5f288d99,1755776912,2025-08-21T11:48:32.000Z
0xceba129e0462c7e5070238391569c8db63502e49,0x0000000000000000000000005650f8b5615715fa,58371651,0x71ef483105ce0a915782f71950c0ccf5903a7d2415411a0e8354a81a5f288d99,1755776912,2025-08-21T11:48:32.000Z
0xceba129e0462c7e5070238391569c8db63502e49,0x000000000000000000000000de5b54362e53ef23,58371651,0x71ef483105ce0a915782f71950c0ccf5903a7d2415411a0e8354a81a5f288d99,1755776912,2025-08-21T11:48:32.000Z
0x1136885934ed45c91e624e0322b541feb03191dc,0x0000000000000000000000000b4d454e7f8d7e61,58371962,0x22e4cfb94d74086e9c3d5b8f7a0ea50a7dfb3581e3bc47c1d47ccf9b759ed8ef,1755777146,2025-08-21T11:52:26.000Z
0x1136885934ed45c91e624e0322b541feb03191dc,0x0000000000000000000000001e8854fdbf0ae026,58371962,0x22e4cfb94d74086e9c3d5b8f7a0ea50a7dfb3581e3bc47c1d47ccf9b759ed8ef,1755777146,2025-08-21T11:52:26.000Z
0x1136885934ed45c91e624e0322b541feb03191dc,0x000000000000000000000000c22d6adc7abf937d,58371962,0x22e4cfb94d74086e9c3d5b8f7a0ea50a7dfb3581e3bc47c1d47ccf9b759ed8ef,1755777146,2025-08-21T11:52:26.000Z
0x1136885934ed45c91e624e0322b541feb03191dc,0x000000000000000000000000de5b54362e53ef23,58371962,0x22e4cfb94d74086e9c3d5b8f7a0ea50a7dfb3581e3bc47c1d47ccf9b759ed8ef,1755777146,2025-08-21T11:52:26.000Z
0x44383df57a24ad81ed069a89f097c51053b5ebe3,0x00000000000000000000000092d6d3fbe4067a2f,58372905,0x90acb3aad613c86723c822fb78b738ab04fc50a11e256b1dc2c6c9ff7e3af862,1755777853,2025-08-21T12:04:13.000Z
0x44383df57a24ad81ed069a89f097c51053b5ebe3,0x0000000000000000000000008d66facd7673f48c,58372905,0x90acb3aad613c86723c822fb78b738ab04fc50a11e256b1dc2c6c9ff7e3af862,1755777853,2025-08-21T12:04:13.000Z
0x44383df57a24ad81ed069a89f097c51053b5ebe3,0x000000000000000000000000d2dd610da3363d3f,58372905,0x90acb3aad613c86723c822fb78b738ab04fc50a11e256b1dc2c6c9ff7e3af862,1755777853,2025-08-21T12:04:13.000Z
0x44383df57a24ad81ed069a89f097c51053b5ebe3,0x000000000000000000000000de5b54362e53ef23,58372905,0x90acb3aad613c86723c822fb78b738ab04fc50a11e256b1dc2c6c9ff7e3af862,1755777853,2025-08-21T12:04:13.000Z
0x5afa891007fb98812697b92beea15edd9a3ade8f,0x00000000000000000000000044383df57a24ad81,58373074,0x26af129998573a1eec674f88447901d1bff79cb16b9ad5c7b01bab6f74fba818,1755777980,2025-08-21T12:06:20.000Z
0x5afa891007fb98812697b92beea15edd9a3ade8f,0x00000000000000000000000092d6d3fbe4067a2f,58373074,0x26af129998573a1eec674f88447901d1bff79cb16b9ad5c7b01bab6f74fba818,1755777980,2025-08-21T12:06:20.000Z
0x5afa891007fb98812697b92beea15edd9a3ade8f,0x0000000000000000000000008d66facd7673f48c,58373074,0x26af129998573a1eec674f88447901d1bff79cb16b9ad5c7b01bab6f74fba818,1755777980,2025-08-21T12:06:20.000Z
0x5afa891007fb98812697b92beea15edd9a3ade8f,0x000000000000000000000000de5b54362e53ef23,58373074,0x26af129998573a1eec674f88447901d1bff79cb16b9ad5c7b01bab6f74fba818,1755777980,2025-08-21T12:06:20.000Z
0xcce57151d50d0b3021a01839b63693660fb1098f,0x0000000000000000000000008d66facd7673f48c,58375532,0x6e9e9ff03a39a99cab0d54e9c238f7f8c0799990303fdf2c433b4c526d535955,1755779823,2025-08-21T12:37:03.000Z
0xcce57151d50d0b3021a01839b63693660fb1098f,0x000000000000000000000000d2dd610da3363d3f,58375532,0x6e9e9ff03a39a99cab0d54e9c238f7f8c0799990303fdf2c433b4c526d535955,1755779823,2025-08-21T12:37:03.000Z
0xcce57151d50d0b3021a01839b63693660fb1098f,0x0000000000000000000000001b49e177b8dfe3fe,58375532,0x6e9e9ff03a39a99cab0d54e9c238f7f8c0799990303fdf2c433b4c526d535955,1755779823,2025-08-21T12:37:03.000Z
0xcce57151d50d0b3021a01839b63693660fb1098f,0x000000000000000000000000de5b54362e53ef23,58375532,0x6e9e9ff03a39a99cab0d54e9c238f7f8c0799990303fdf2c433b4c526d535955,1755779823,2025-08-21T12:37:03.000Z
0xe619f1d06d8c37fefe369acb2cb82ae7433d2cc6,0x0000000000000000000000008d66facd7673f48c,58378316,0xf8d5d14c4faa8b10472b4c7d115acb81c2a5df5b61a250e709039ee22414dc57,1755781911,2025-08-21T13:11:51.000Z
0xe619f1d06d8c37fefe369acb2cb82ae7433d2cc6,0x000000000000000000000000d2dd610da3363d3f,58378316,0xf8d5d14c4faa8b10472b4c7d115acb81c2a5df5b61a250e709039ee22414dc57,1755781911,2025-08-21T13:11:51.000Z
0xe619f1d06d8c37fefe369acb2cb82ae7433d2cc6,0x0000000000000000000000001b49e177b8dfe3fe,58378316,0xf8d5d14c4faa8b10472b4c7d115acb81c2a5df5b61a250e709039ee22414dc57,1755781911,2025-08-21T13:11:51.000Z
0xe619f1d06d8c37fefe369acb2cb82ae7433d2cc6,0x000000000000000000000000de5b54362e53ef23,58378316,0xf8d5d14c4faa8b10472b4c7d115acb81c2a5df5b61a250e709039ee22414dc57,1755781911,2025-08-21T13:11:51.000Z
0xd43e7af790e15f2511483830494edbc50bf9202d,0x0000000000000000000000008d66facd7673f48c,58380161,0x45134c4e2ec78a8255e4bc9b43ec316fff7904353f27047a12c60e0118e4fc25,1755783295,2025-08-21T13:34:55.000Z
0xd43e7af790e15f2511483830494edbc50bf9202d,0x000000000000000000000000d2dd610da3363d3f,58380161,0x45134c4e2ec78a8255e4bc9b43ec316fff7904353f27047a12c60e0118e4fc25,1755783295,2025-08-21T13:34:55.000Z
0xd43e7af790e15f2511483830494edbc50bf9202d,0x0000000000000000000000001b49e177b8dfe3fe,58380161,0x45134c4e2ec78a8255e4bc9b43ec316fff7904353f27047a12c60e0118e4fc25,1755783295,2025-08-21T13:34:55.000Z
0xd43e7af790e15f2511483830494edbc50bf9202d,0x000000000000000000000000de5b54362e53ef23,58380161,0x45134c4e2ec78a8255e4bc9b43ec316fff7904353f27047a12c60e0118e4fc25,1755783295,2025-08-21T13:34:55.000Z
0x560108b6922ec25a7e339b0136868d6bc7fc28ad,0x0000000000000000000000008d66facd7673f48c,58385507,0x9044880534616fa3d30b31084da23d5e8ce71a8ed4525d2a2db78c5fdfb62934,1755787305,2025-08-21T14:41:45.000Z
0x560108b6922ec25a7e339b0136868d6bc7fc28ad,0x000000000000000000000000d2dd610da3363d3f,58385507,0x9044880534616fa3d30b31084da23d5e8ce71a8ed4525d2a2db78c5fdfb62934,1755787305,2025-08-21T14:41:45.000Z
0x560108b6922ec25a7e339b0136868d6bc7fc28ad,0x0000000000000000000000001b49e177b8dfe3fe,58385507,0x9044880534616fa3d30b31084da23d5e8ce71a8ed4525d2a2db78c5fdfb62934,1755787305,2025-08-21T14:41:45.000Z
0x560108b6922ec25a7e339b0136868d6bc7fc28ad,0x000000000000000000000000de5b54362e53ef23,58385507,0x9044880534616fa3d30b31084da23d5e8ce71a8ed4525d2a2db78c5fdfb62934,1755787305,2025-08-21T14:41:45.000Z
0x2294487a06a637063876bb7b03fa5b815aae96dc,0x000000000000000000000000b2b01bd34e3df845,58388034,0x2993c12c9b66e6e99a5fd77d0e9a2f0b729c0b8f503c5023c0cc3fb62ded19c8,1755789200,2025-08-21T15:13:20.000Z
0x2294487a06a637063876bb7b03fa5b815aae96dc,0x00000000000000000000000066ea89ce48e54966,58388034,0x2993c12c9b66e6e99a5fd77d0e9a2f0b729c0b8f503c5023c0cc3fb62ded19c8,1755789200,2025-08-21T15:13:20.000Z
0x2294487a06a637063876bb7b03fa5b815aae96dc,0x0000000000000000000000004b4909153082445d,58388034,0x2993c12c9b66e6e99a5fd77d0e9a2f0b729c0b8f503c5023c0cc3fb62ded19c8,1755789200,2025-08-21T15:13:20.000Z
0x2294487a06a637063876bb7b03fa5b815aae96dc,0x000000000000000000000000de5b54362e53ef23,58388034,0x2993c12c9b66e6e99a5fd77d0e9a2f0b729c0b8f503c5023c0cc3fb62ded19c8,1755789200,2025-08-21T15:13:20.000Z
0x76d7ea149b8f9575d3aa9f2483b799e6fa01fa81,0x00000000000000000000000085cb6ea08d4088f3,58388390,0x63247c95df15b551f98b471cc8be11daf569d9937470da022b1156564952e6f8,1755789467,2025-08-21T15:17:47.000Z
0x76d7ea149b8f9575d3aa9f2483b799e6fa01fa81,0x00000000000000000000000066ea89ce48e54966,58388390,0x63247c95df15b551f98b471cc8be11daf569d9937470da022b1156564952e6f8,1755789467,2025-08-21T15:17:47.000Z
0x76d7ea149b8f9575d3aa9f2483b799e6fa01fa81,0x0000000000000000000000004b4909153082445d,58388390,0x63247c95df15b551f98b471cc8be11daf569d9937470da022b1156564952e6f8,1755789467,2025-08-21T15:17:47.000Z
0x76d7ea149b8f9575d3aa9f2483b799e6fa01fa81,0x000000000000000000000000de5b54362e53ef23,58388390,0x63247c95df15b551f98b471cc8be11daf569d9937470da022b1156564952e6f8,1755789467,2025-08-21T15:17:47.000Z
0x0b94e7187c51bb2277e74afde90e4067419a7177,0x0000000000000000000000004207abb6063235ef,58388461,0x388916c9500a3c831201b0d1dfacdd2600fdb78c00e08aea4f78b37af484b276,1755789520,2025-08-21T15:18:40.000Z
0x0b94e7187c51bb2277e74afde90e4067419a7177,0x0000000000000000000000008d66facd7673f48c,58388461,0x388916c9500a3c831201b0d1dfacdd2600fdb78c00e08aea4f78b37af484b276,1755789520,2025-08-21T15:18:40.000Z
0x0b94e7187c51bb2277e74afde90e4067419a7177,0x000000000000000000000000d2dd610da3363d3f,58388461,0x388916c9500a3c831201b0d1dfacdd2600fdb78c00e08aea4f78b37af484b276,1755789520,2025-08-21T15:18:40.000Z
0x0b94e7187c51bb2277e74afde90e4067419a7177,0x000000000000000000000000de5b54362e53ef23,58388461,0x388916c9500a3c831201b0d1dfacdd2600fdb78c00e08aea4f78b37af484b276,1755789520,2025-08-21T15:18:40.000Z
0xe3a0e6eb925db8a0bce90c54e88e5a3b67acb936,0x0000000000000000000000000b4d454e7f8d7e61,58388637,0xabf8ae74933752d055706f27b5a8e1cbb1815d82627b12a9fcd25d930d837b1b,1755789652,2025-08-21T15:20:52.000Z
0xe3a0e6eb925db8a0bce90c54e88e5a3b67acb936,0x0000000000000000000000001e8854fdbf0ae026,58388637,0xabf8ae74933752d055706f27b5a8e1cbb1815d82627b12a9fcd25d930d837b1b,1755789652,2025-08-21T15:20:52.000Z
0xe3a0e6eb925db8a0bce90c54e88e5a3b67acb936,0x000000000000000000000000c22d6adc7abf937d,58388637,0xabf8ae74933752d055706f27b5a8e1cbb1815d82627b12a9fcd25d930d837b1b,1755789652,2025-08-21T15:20:52.000Z
0xe3a0e6eb925db8a0bce90c54e88e5a3b67acb936,0x000000000000000000000000de5b54362e53ef23,58388637,0xabf8ae74933752d055706f27b5a8e1cbb1815d82627b12a9fcd25d930d837b1b,1755789652,2025-08-21T15:20:52.000Z
0xeb9e4a976af967d073e0774e17fd0f1afb575245,0x0000000000000000000000008d66facd7673f48c,58395110,0xd46cbb29bdc00a0c6c30252185d7a8feb61852777bf517e4933956521104ddd4,1755794508,2025-08-21T16:41:48.000Z
0xeb9e4a976af967d073e0774e17fd0f1afb575245,0x000000000000000000000000d2dd610da3363d3f,58395110,0xd46cbb29bdc00a0c6c30252185d7a8feb61852777bf517e4933956521104ddd4,1755794508,2025-08-21T16:41:48.000Z
0xeb9e4a976af967d073e0774e17fd0f1afb575245,0x0000000000000000000000001b49e177b8dfe3fe,58395110,0xd46cbb29bdc00a0c6c30252185d7a8feb61852777bf517e4933956521104ddd4,1755794508,2025-08-21T16:41:48.000Z
0xeb9e4a976af967d073e0774e17fd0f1afb575245,0x000000000000000000000000de5b54362e53ef23,58395110,0xd46cbb29bdc00a0c6c30252185d7a8feb61852777bf517e4933956521104ddd4,1755794508,2025-08-21T16:41:48.000Z
0x26c21f76e4f8a0a02bcd7ea09abcbd86dc038e6b,0x000000000000000000000000a3beed4a3ec3bbd1,58395852,0x8aa025133ea4c767e1be38c3a0486941cfd3c862dccf1928be0aef506097043c,1755795065,2025-08-21T16:51:05.000Z
0x26c21f76e4f8a0a02bcd7ea09abcbd86dc038e6b,0x000000000000000000000000aafda259ae041fcc,58395852,0x8aa025133ea4c767e1be38c3a0486941cfd3c862dccf1928be0aef506097043c,1755795065,2025-08-21T16:51:05.000Z
0x26c21f76e4f8a0a02bcd7ea09abcbd86dc038e6b,0x0000000000000000000000004326a4441a01a4e7,58395852,0x8aa025133ea4c767e1be38c3a0486941cfd3c862dccf1928be0aef506097043c,1755795065,2025-08-21T16:51:05.000Z
0x26c21f76e4f8a0a02bcd7ea09abcbd86dc038e6b,0x000000000000000000000000de5b54362e53ef23,58395852,0x8aa025133ea4c767e1be38c3a0486941cfd3c862dccf1928be0aef506097043c,1755795065,2025-08-21T16:51:05.000Z
0x0fc24de6b5216b49b92692ef261b622e37aa557e,0x000000000000000000000000ceba129e0462c7e5,58396103,0x2a8edd6c72748f1d72a0ad7899b06271935b7956e11441e54d1663882fce8cc3,1755795253,2025-08-21T16:54:13.000Z
0x0fc24de6b5216b49b92692ef261b622e37aa557e,0x000000000000000000000000c0db02f3b35ee917,58396103,0x2a8edd6c72748f1d72a0ad7899b06271935b7956e11441e54d1663882fce8cc3,1755795253,2025-08-21T16:54:13.000Z
0x0fc24de6b5216b49b92692ef261b622e37aa557e,0x000000000000000000000000509aad7bc34a1474,58396103,0x2a8edd6c72748f1d72a0ad7899b06271935b7956e11441e54d1663882fce8cc3,1755795253,2025-08-21T16:54:13.000Z
0x0fc24de6b5216b49b92692ef261b622e37aa557e,0x000000000000000000000000de5b54362e53ef23,58396103,0x2a8edd6c72748f1d72a0ad7899b06271935b7956e11441e54d1663882fce8cc3,1755795253,2025-08-21T16:54:13.000Z
0xbe00efe57c8c26c91b3766cf55751588f2155e2d,0x000000000000000000000000afc5348925afe255,58396587,0x05bc5a5f232df3035301bb279b8636bceb23c413036d05e9d747640d7e1f34ce,1755795616,2025-08-21T17:00:16.000Z
0xbe00efe57c8c26c91b3766cf55751588f2155e2d,0x000000000000000000000000bf0a4c6dacfccbce,58396587,0x05bc5a5f232df3035301bb279b8636bceb23c413036d05e9d747640d7e1f34ce,1755795616,2025-08-21T17:00:16.000Z
0xbe00efe57c8c26c91b3766cf55751588f2155e2d,0x000000000000000000000000bd3a2115cd56b1c2,58396587,0x05bc5a5f232df3035301bb279b8636bceb23c413036d05e9d747640d7e1f34ce,1755795616,2025-08-21T17:00:16.000Z
0xbe00efe57c8c26c91b3766cf55751588f2155e2d,0x000000000000000000000000de5b54362e53ef23,58396587,0x05bc5a5f232df3035301bb279b8636bceb23c413036d05e9d747640d7e1f34ce,1755795616,2025-08-21T17:00:16.000Z
0xb68a9d9fe38fe8e81d014e107b65fddd1a4da020,0x0000000000000000000000008d66facd7673f48c,58402997,0x6de495d87af93c1b59a9d9c2c29ea9ecb35072eacc40bdc0057e7e738ccec471,1755800424,2025-08-21T18:20:24.000Z
0xb68a9d9fe38fe8e81d014e107b65fddd1a4da020,0x000000000000000000000000d2dd610da3363d3f,58402997,0x6de495d87af93c1b59a9d9c2c29ea9ecb35072eacc40bdc0057e7e738ccec471,1755800424,2025-08-21T18:20:24.000Z
0xb68a9d9fe38fe8e81d014e107b65fddd1a4da020,0x0000000000000000000000001b49e177b8dfe3fe,58402997,0x6de495d87af93c1b59a9d9c2c29ea9ecb35072eacc40bdc0057e7e738ccec471,1755800424,2025-08-21T18:20:24.000Z
0xb68a9d9fe38fe8e81d014e107b65fddd1a4da020,0x000000000000000000000000de5b54362e53ef23,58402997,0x6de495d87af93c1b59a9d9c2c29ea9ecb35072eacc40bdc0057e7e738ccec471,1755800424,2025-08-21T18:20:24.000Z
0x2215a812966131b6c2f27058f9df28ee7946de72,0x0000000000000000000000001e8854fdbf0ae026,58450766,0x39185118cbef6a15d076e9f7ce9c9add59273f8e165b6494335b8d41f112f107,1755836253,2025-08-22T04:17:33.000Z
0x2215a812966131b6c2f27058f9df28ee7946de72,0x000000000000000000000000c22d6adc7abf937d,58450766,0x39185118cbef6a15d076e9f7ce9c9add59273f8e165b6494335b8d41f112f107,1755836253,2025-08-22T04:17:33.000Z
0x2215a812966131b6c2f27058f9df28ee7946de72,0x000000000000000000000000ed316d698667c262,58450766,0x39185118cbef6a15d076e9f7ce9c9add59273f8e165b6494335b8d41f112f107,1755836253,2025-08-22T04:17:33.000Z
0x2215a812966131b6c2f27058f9df28ee7946de72,0x000000000000000000000000de5b54362e53ef23,58450766,0x39185118cbef6a15d076e9f7ce9c9add59273f8e165b6494335b8d41f112f107,1755836253,2025-08-22T04:17:33.000Z
0x50069bf55a5c8cb65208f079009f60c1c808b6b1,0x000000000000000000000000b2b98660ee73de2e,58460770,0x2ed7f548570400ff507bbe0a4561838c45432036b73ae81d8b06436fda4da458,1755843758,2025-08-22T06:22:38.000Z
0x50069bf55a5c8cb65208f079009f60c1c808b6b1,0x000000000000000000000000842cdd2a6be2452e,58460770,0x2ed7f548570400ff507bbe0a4561838c45432036b73ae81d8b06436fda4da458,1755843758,2025-08-22T06:22:38.000Z
0x50069bf55a5c8cb65208f079009f60c1c808b6b1,0x000000000000000000000000eb0a38a05b4cf356,58460770,0x2ed7f548570400ff507bbe0a4561838c45432036b73ae81d8b06436fda4da458,1755843758,2025-08-22T06:22:38.000Z
0x50069bf55a5c8cb65208f079009f60c1c808b6b1,0x000000000000000000000000de5b54362e53ef23,58460770,0x2ed7f548570400ff507bbe0a4561838c45432036b73ae81d8b06436fda4da458,1755843758,2025-08-22T06:22:38.000Z
0x664e7ff92f9e47bbc169c0e289baeae0e1a0aabf,0x000000000000000000000000a3beed4a3ec3bbd1,58461269,0x18c6f7aef5a6aa41b5f4f8ca8d506fe146daafb657dd1c521e0743bf675d2801,1755844133,2025-08-22T06:28:53.000Z
0x664e7ff92f9e47bbc169c0e289baeae0e1a0aabf,0x000000000000000000000000aafda259ae041fcc,58461269,0x18c6f7aef5a6aa41b5f4f8ca8d506fe146daafb657dd1c521e0743bf675d2801,1755844133,2025-08-22T06:28:53.000Z
0x664e7ff92f9e47bbc169c0e289baeae0e1a0aabf,0x0000000000000000000000004326a4441a01a4e7,58461269,0x18c6f7aef5a6aa41b5f4f8ca8d506fe146daafb657dd1c521e0743bf675d2801,1755844133,2025-08-22T06:28:53.000Z
0x664e7ff92f9e47bbc169c0e289baeae0e1a0aabf,0x000000000000000000000000de5b54362e53ef23,58461269,0x18c6f7aef5a6aa41b5f4f8ca8d506fe146daafb657dd1c521e0743bf675d2801,1755844133,2025-08-22T06:28:53.000Z
0xe594bfcf9453d71a71fc6dea96a02460999327f5,0x000000000000000000000000d10f420f61fb8e7c,58462337,0xf61cc4be65ae3ed76eadf35d91077e60665be6d90cec05c44dccffc03e497b03,1755844934,2025-08-22T06:42:14.000Z
0xe594bfcf9453d71a71fc6dea96a02460999327f5,0x000000000000000000000000df9729e425c7e2be,58462337,0xf61cc4be65ae3ed76eadf35d91077e60665be6d90cec05c44dccffc03e497b03,1755844934,2025-08-22T06:42:14.000Z
0xe594bfcf9453d71a71fc6dea96a02460999327f5,0x00000000000000000000000088677928d919004a,58462337,0xf61cc4be65ae3ed76eadf35d91077e60665be6d90cec05c44dccffc03e497b03,1755844934,2025-08-22T06:42:14.000Z
0xe594bfcf9453d71a71fc6dea96a02460999327f5,0x000000000000000000000000de5b54362e53ef23,58462337,0xf61cc4be65ae3ed76eadf35d91077e60665be6d90cec05c44dccffc03e497b03,1755844934,2025-08-22T06:42:14.000Z
0xf4184ee47bf29e6ba27a331342b330ec7c939d63,0x000000000000000000000000e594bfcf9453d71a,58463075,0xf8f7967e416aafa21573342d1640a9075ed2add462e92bd587227cbe25dad590,1755845487,2025-08-22T06:51:27.000Z
0xf4184ee47bf29e6ba27a331342b330ec7c939d63,0x000000000000000000000000d10f420f61fb8e7c,58463075,0xf8f7967e416aafa21573342d1640a9075ed2add462e92bd587227cbe25dad590,1755845487,2025-08-22T06:51:27.000Z
0xf4184ee47bf29e6ba27a331342b330ec7c939d63,0x000000000000000000000000df9729e425c7e2be,58463075,0xf8f7967e416aafa21573342d1640a9075ed2add462e92bd587227cbe25dad590,1755845487,2025-08-22T06:51:27.000Z
0xf4184ee47bf29e6ba27a331342b330ec7c939d63,0x000000000000000000000000de5b54362e53ef23,58463075,0xf8f7967e416aafa21573342d1640a9075ed2add462e92bd587227cbe25dad590,1755845487,2025-08-22T06:51:27.000Z
0x2459ce3beec3f0fe3fdecb66ca4d0ba67f41328e,0x0000000000000000000000001b49e177b8dfe3fe,58477410,0x615eb4df3b59e33ce6ae2599d1907180745fca209fca81319d8f54baa6a84aef,1755856239,2025-08-22T09:50:39.000Z
0x2459ce3beec3f0fe3fdecb66ca4d0ba67f41328e,0x0000000000000000000000004326a4441a01a4e7,58477410,0x615eb4df3b59e33ce6ae2599d1907180745fca209fca81319d8f54baa6a84aef,1755856239,2025-08-22T09:50:39.000Z
0x2459ce3beec3f0fe3fdecb66ca4d0ba67f41328e,0x000000000000000000000000836e659a3e173a60,58477410,0x615eb4df3b59e33ce6ae2599d1907180745fca209fca81319d8f54baa6a84aef,1755856239,2025-08-22T09:50:39.000Z
0x2459ce3beec3f0fe3fdecb66ca4d0ba67f41328e,0x000000000000000000000000de5b54362e53ef23,58477410,0x615eb4df3b59e33ce6ae2599d1907180745fca209fca81319d8f54baa6a84aef,1755856239,2025-08-22T09:50:39.000Z
0xafc9bc14fc8c20be2597f11b301499bd12414125,0x0000000000000000000000001b49e177b8dfe3fe,58478334,0x8e1911d4f4124fa0ca9f20258ec915b650e0393036c5174febf4da770f81c78a,1755856932,2025-08-22T10:02:12.000Z
0xafc9bc14fc8c20be2597f11b301499bd12414125,0x0000000000000000000000004326a4441a01a4e7,58478334,0x8e1911d4f4124fa0ca9f20258ec915b650e0393036c5174febf4da770f81c78a,1755856932,2025-08-22T10:02:12.000Z
0xafc9bc14fc8c20be2597f11b301499bd12414125,0x000000000000000000000000836e659a3e173a60,58478334,0x8e1911d4f4124fa0ca9f20258ec915b650e0393036c5174febf4da770f81c78a,1755856932,2025-08-22T10:02:12.000Z
0xafc9bc14fc8c20be2597f11b301499bd12414125,0x000000000000000000000000de5b54362e53ef23,58478334,0x8e1911d4f4124fa0ca9f20258ec915b650e0393036c5174febf4da770f81c78a,1755856932,2025-08-22T10:02:12.000Z
0xc6ac3aad8ea4986f7fecab45b59c5c71dc00f55e,0x00000000000000000000000047502465d15cba18,58481970,0x6f746a86d36ee958b6447fd6d48d8c1d2adc0013e32bb64c021eb375f1c59174,1755859660,2025-08-22T10:47:40.000Z
0xc6ac3aad8ea4986f7fecab45b59c5c71dc00f55e,0x0000000000000000000000008d66facd7673f48c,58481970,0x6f746a86d36ee958b6447fd6d48d8c1d2adc0013e32bb64c021eb375f1c59174,1755859660,2025-08-22T10:47:40.000Z
0xc6ac3aad8ea4986f7fecab45b59c5c71dc00f55e,0x000000000000000000000000d2dd610da3363d3f,58481970,0x6f746a86d36ee958b6447fd6d48d8c1d2adc0013e32bb64c021eb375f1c59174,1755859660,2025-08-22T10:47:40.000Z
0xc6ac3aad8ea4986f7fecab45b59c5c71dc00f55e,0x000000000000000000000000de5b54362e53ef23,58481970,0x6f746a86d36ee958b6447fd6d48d8c1d2adc0013e32bb64c021eb375f1c59174,1755859660,2025-08-22T10:47:40.000Z
0x84ed05212b1b68624186f5ec91921907d8f092f9,0x00000000000000000000000047502465d15cba18,58482820,0x1ac332342f6d81b789fc24b275f80cb1a2088c90fca429857d5827b454393075,1755860297,2025-08-22T10:58:17.000Z
0x84ed05212b1b68624186f5ec91921907d8f092f9,0x0000000000000000000000008d66facd7673f48c,58482820,0x1ac332342f6d81b789fc24b275f80cb1a2088c90fca429857d5827b454393075,1755860297,2025-08-22T10:58:17.000Z
0x84ed05212b1b68624186f5ec91921907d8f092f9,0x000000000000000000000000d2dd610da3363d3f,58482820,0x1ac332342f6d81b789fc24b275f80cb1a2088c90fca429857d5827b454393075,1755860297,2025-08-22T10:58:17.000Z
0x84ed05212b1b68624186f5ec91921907d8f092f9,0x000000000000000000000000de5b54362e53ef23,58482820,0x1ac332342f6d81b789fc24b275f80cb1a2088c90fca429857d5827b454393075,1755860297,2025-08-22T10:58:17.000Z
0x3a54a77d84cd802d4c8e71e05b1b9f95650473df,0x0000000000000000000000008d66facd7673f48c,58483796,0x9c6f3535aa959bdf3f92c3cd62c94d3362101dcf7b9ff3647ec640a3ad6c8712,1755861029,2025-08-22T11:10:29.000Z
0x3a54a77d84cd802d4c8e71e05b1b9f95650473df,0x000000000000000000000000d2dd610da3363d3f,58483796,0x9c6f3535aa959bdf3f92c3cd62c94d3362101dcf7b9ff3647ec640a3ad6c8712,1755861029,2025-08-22T11:10:29.000Z
0x3a54a77d84cd802d4c8e71e05b1b9f95650473df,0x0000000000000000000000001b49e177b8dfe3fe,58483796,0x9c6f3535aa959bdf3f92c3cd62c94d3362101dcf7b9ff3647ec640a3ad6c8712,1755861029,2025-08-22T11:10:29.000Z
0x3a54a77d84cd802d4c8e71e05b1b9f95650473df,0x000000000000000000000000de5b54362e53ef23,58483796,0x9c6f3535aa959bdf3f92c3cd62c94d3362101dcf7b9ff3647ec640a3ad6c8712,1755861029,2025-08-22T11:10:29.000Z
0x936bdd72056bf5745231589f91a1a1cf0eaad100,0x00000000000000000000000047502465d15cba18,58484361,0xd7b32144738ee640ddb41e27de3d56db7882b6e18a90ce925d16e1105f07dfb2,1755861453,2025-08-22T11:17:33.000Z
0x936bdd72056bf5745231589f91a1a1cf0eaad100,0x0000000000000000000000008d66facd7673f48c,58484361,0xd7b32144738ee640ddb41e27de3d56db7882b6e18a90ce925d16e1105f07dfb2,1755861453,2025-08-22T11:17:33.000Z
0x936bdd72056bf5745231589f91a1a1cf0eaad100,0x000000000000000000000000d2dd610da3363d3f,58484361,0xd7b32144738ee640ddb41e27de3d56db7882b6e18a90ce925d16e1105f07dfb2,1755861453,2025-08-22T11:17:33.000Z
0x936bdd72056bf5745231589f91a1a1cf0eaad100,0x000000000000000000000000de5b54362e53ef23,58484361,0xd7b32144738ee640ddb41e27de3d56db7882b6e18a90ce925d16e1105f07dfb2,1755861453,2025-08-22T11:17:33.000Z
0x193d8ccb42fbb846dbd7a80d7b830396b090c105,0x000000000000000000000000a3beed4a3ec3bbd1,58485935,0x00e988bc22567b8dcfc841f220799dda686b6d97d898764a9d0194afc6710d1e,1755862633,2025-08-22T11:37:13.000Z
0x193d8ccb42fbb846dbd7a80d7b830396b090c105,0x000000000000000000000000aafda259ae041fcc,58485935,0x00e988bc22567b8dcfc841f220799dda686b6d97d898764a9d0194afc6710d1e,1755862633,2025-08-22T11:37:13.000Z
0x193d8ccb42fbb846dbd7a80d7b830396b090c105,0x0000000000000000000000004326a4441a01a4e7,58485935,0x00e988bc22567b8dcfc841f220799dda686b6d97d898764a9d0194afc6710d1e,1755862633,2025-08-22T11:37:13.000Z
0x193d8ccb42fbb846dbd7a80d7b830396b090c105,0x000000000000000000000000de5b54362e53ef23,58485935,0x00e988bc22567b8dcfc841f220799dda686b6d97d898764a9d0194afc6710d1e,1755862633,2025-08-22T11:37:13.000Z
0x62b3bed96199d0d1c93675f8990d984c5847078d,0x000000000000000000000000193d8ccb42fbb846,58486274,0xa36af4028c4774ac35f2d67fa48771acd30317d9f5e267ae2832fa97d9dec97f,1755862888,2025-08-22T11:41:28.000Z
0x62b3bed96199d0d1c93675f8990d984c5847078d,0x000000000000000000000000a3beed4a3ec3bbd1,58486274,0xa36af4028c4774ac35f2d67fa48771acd30317d9f5e267ae2832fa97d9dec97f,1755862888,2025-08-22T11:41:28.000Z
0x62b3bed96199d0d1c93675f8990d984c5847078d,0x000000000000000000000000aafda259ae041fcc,58486274,0xa36af4028c4774ac35f2d67fa48771acd30317d9f5e267ae2832fa97d9dec97f,1755862888,2025-08-22T11:41:28.000Z
0x62b3bed96199d0d1c93675f8990d984c5847078d,0x000000000000000000000000de5b54362e53ef23,58486274,0xa36af4028c4774ac35f2d67fa48771acd30317d9f5e267ae2832fa97d9dec97f,1755862888,2025-08-22T11:41:28.000Z
0x8a7c4926d498128ad10848522506806748ee2ecf,0x0000000000000000000000008d66facd7673f48c,58487048,0x27ecef1040185602641c435d3a1eabff726a6c991139cc0023f8657b13110d66,1755863469,2025-08-22T11:51:09.000Z
0x8a7c4926d498128ad10848522506806748ee2ecf,0x000000000000000000000000d2dd610da3363d3f,58487048,0x27ecef1040185602641c435d3a1eabff726a6c991139cc0023f8657b13110d66,1755863469,2025-08-22T11:51:09.000Z
0x8a7c4926d498128ad10848522506806748ee2ecf,0x0000000000000000000000001b49e177b8dfe3fe,58487048,0x27ecef1040185602641c435d3a1eabff726a6c991139cc0023f8657b13110d66,1755863469,2025-08-22T11:51:09.000Z
0x8a7c4926d498128ad10848522506806748ee2ecf,0x000000000000000000000000de5b54362e53ef23,58487048,0x27ecef1040185602641c435d3a1eabff726a6c991139cc0023f8657b13110d66,1755863469,2025-08-22T11:51:09.000Z
0xc20937d0a2e11abc1087dbb69055f91aead48ac6,0x00000000000000000000000062b3bed96199d0d1,58488590,0x55b03bab7528d455d69cdb000f108528fb1ea8ef7988ffa02315551ee07208bc,1755864626,2025-08-22T12:10:26.000Z
0xc20937d0a2e11abc1087dbb69055f91aead48ac6,0x000000000000000000000000193d8ccb42fbb846,58488590,0x55b03bab7528d455d69cdb000f108528fb1ea8ef7988ffa02315551ee07208bc,1755864626,2025-08-22T12:10:26.000Z
0xc20937d0a2e11abc1087dbb69055f91aead48ac6,0x000000000000000000000000a3beed4a3ec3bbd1,58488590,0x55b03bab7528d455d69cdb000f108528fb1ea8ef7988ffa02315551ee07208bc,1755864626,2025-08-22T12:10:26.000Z
0xc20937d0a2e11abc1087dbb69055f91aead48ac6,0x000000000000000000000000de5b54362e53ef23,58488590,0x55b03bab7528d455d69cdb000f108528fb1ea8ef7988ffa02315551ee07208bc,1755864626,2025-08-22T12:10:26.000Z
0xf13dc17b591a7c672a1bd88f7964bd4be6165b85,0x000000000000000000000000c20937d0a2e11abc,58490575,0xa3ce886fc332742095ca2e4ad14e077d4d13ff13bdaf41ba2fa89f6aa9e116c8,1755866115,2025-08-22T12:35:15.000Z
0xf13dc17b591a7c672a1bd88f7964bd4be6165b85,0x00000000000000000000000062b3bed96199d0d1,58490575,0xa3ce886fc332742095ca2e4ad14e077d4d13ff13bdaf41ba2fa89f6aa9e116c8,1755866115,2025-08-22T12:35:15.000Z
0xf13dc17b591a7c672a1bd88f7964bd4be6165b85,0x000000000000000000000000193d8ccb42fbb846,58490575,0xa3ce886fc332742095ca2e4ad14e077d4d13ff13bdaf41ba2fa89f6aa9e116c8,1755866115,2025-08-22T12:35:15.000Z
0xf13dc17b591a7c672a1bd88f7964bd4be6165b85,0x000000000000000000000000de5b54362e53ef23,58490575,0xa3ce886fc332742095ca2e4ad14e077d4d13ff13bdaf41ba2fa89f6aa9e116c8,1755866115,2025-08-22T12:35:15.000Z
0x9648c27d2553699c49b620a05d1994403d1d408e,0x000000000000000000000000e594bfcf9453d71a,58494968,0xe1f4245c32641b90820422579cb8887147ce9a2bfdba27dc3ad88db62eea570d,1755869409,2025-08-22T13:30:09.000Z
0x9648c27d2553699c49b620a05d1994403d1d408e,0x000000000000000000000000d10f420f61fb8e7c,58494968,0xe1f4245c32641b90820422579cb8887147ce9a2bfdba27dc3ad88db62eea570d,1755869409,2025-08-22T13:30:09.000Z
0x9648c27d2553699c49b620a05d1994403d1d408e,0x000000000000000000000000df9729e425c7e2be,58494968,0xe1f4245c32641b90820422579cb8887147ce9a2bfdba27dc3ad88db62eea570d,1755869409,2025-08-22T13:30:09.000Z
0x9648c27d2553699c49b620a05d1994403d1d408e,0x000000000000000000000000de5b54362e53ef23,58494968,0xe1f4245c32641b90820422579cb8887147ce9a2bfdba27dc3ad88db62eea570d,1755869409,2025-08-22T13:30:09.000Z
0xecbead5fb96c3ef545548b97e032c821657cc23c,0x000000000000000000000000e594bfcf9453d71a,58497951,0x5d80db7ca713076591a354fb95c521f67fdfd06d71b03b052d4903ec818d0fe4,1755871648,2025-08-22T14:07:28.000Z
0xecbead5fb96c3ef545548b97e032c821657cc23c,0x000000000000000000000000d10f420f61fb8e7c,58497951,0x5d80db7ca713076591a354fb95c521f67fdfd06d71b03b052d4903ec818d0fe4,1755871648,2025-08-22T14:07:28.000Z
0xecbead5fb96c3ef545548b97e032c821657cc23c,0x000000000000000000000000df9729e425c7e2be,58497951,0x5d80db7ca713076591a354fb95c521f67fdfd06d71b03b052d4903ec818d0fe4,1755871648,2025-08-22T14:07:28.000Z
0xecbead5fb96c3ef545548b97e032c821657cc23c,0x000000000000000000000000de5b54362e53ef23,58497951,0x5d80db7ca713076591a354fb95c521f67fdfd06d71b03b052d4903ec818d0fe4,1755871648,2025-08-22T14:07:28.000Z
0xb7eb9e5a669fa46116930787b9c78b14823c43f4,0x000000000000000000000000ceba129e0462c7e5,58498097,0xaed328a9ce2552411043b099a067ab6cf81695bcefe26e03cd6a79a60ae06835,1755871757,2025-08-22T14:09:17.000Z
0xb7eb9e5a669fa46116930787b9c78b14823c43f4,0x000000000000000000000000c0db02f3b35ee917,58498097,0xaed328a9ce2552411043b099a067ab6cf81695bcefe26e03cd6a79a60ae06835,1755871757,2025-08-22T14:09:17.000Z
0xb7eb9e5a669fa46116930787b9c78b14823c43f4,0x000000000000000000000000509aad7bc34a1474,58498097,0xaed328a9ce2552411043b099a067ab6cf81695bcefe26e03cd6a79a60ae06835,1755871757,2025-08-22T14:09:17.000Z
0xb7eb9e5a669fa46116930787b9c78b14823c43f4,0x000000000000000000000000de5b54362e53ef23,58498097,0xaed328a9ce2552411043b099a067ab6cf81695bcefe26e03cd6a79a60ae06835,1755871757,2025-08-22T14:09:17.000Z
0xd46497a37fcf1cdafc463c87acab855c1e6ca105,0x000000000000000000000000e594bfcf9453d71a,58498747,0x0f15c76c1e526d2811306d875324771df7e184e480896649643997aed77f3a41,1755872245,2025-08-22T14:17:25.000Z
0xd46497a37fcf1cdafc463c87acab855c1e6ca105,0x000000000000000000000000d10f420f61fb8e7c,58498747,0x0f15c76c1e526d2811306d875324771df7e184e480896649643997aed77f3a41,1755872245,2025-08-22T14:17:25.000Z
0xd46497a37fcf1cdafc463c87acab855c1e6ca105,0x000000000000000000000000df9729e425c7e2be,58498747,0x0f15c76c1e526d2811306d875324771df7e184e480896649643997aed77f3a41,1755872245,2025-08-22T14:17:25.000Z
0xd46497a37fcf1cdafc463c87acab855c1e6ca105,0x000000000000000000000000de5b54362e53ef23,58498747,0x0f15c76c1e526d2811306d875324771df7e184e480896649643997aed77f3a41,1755872245,2025-08-22T14:17:25.000Z
0xfcea48d87b52263023786d88cb4a507bc30e32c8,0x000000000000000000000000a3beed4a3ec3bbd1,58503375,0xddfd88cf4b650880c598fb28da2e421c0e9532cb87c98fa7a19da501ee95c07d,1755875716,2025-08-22T15:15:16.000Z
0xfcea48d87b52263023786d88cb4a507bc30e32c8,0x000000000000000000000000aafda259ae041fcc,58503375,0xddfd88cf4b650880c598fb28da2e421c0e9532cb87c98fa7a19da501ee95c07d,1755875716,2025-08-22T15:15:16.000Z
0xfcea48d87b52263023786d88cb4a507bc30e32c8,0x0000000000000000000000004326a4441a01a4e7,58503375,0xddfd88cf4b650880c598fb28da2e421c0e9532cb87c98fa7a19da501ee95c07d,1755875716,2025-08-22T15:15:16.000Z
0xfcea48d87b52263023786d88cb4a507bc30e32c8,0x000000000000000000000000de5b54362e53ef23,58503375,0xddfd88cf4b650880c598fb28da2e421c0e9532cb87c98fa7a19da501ee95c07d,1755875716,2025-08-22T15:15:16.000Z
0xc332f6b99642b0d12d052750d72b00afd0caf6d8,0x000000000000000000000000ceba129e0462c7e5,58503636,0x580ef0ab22fce59f823eaacb2d32a1bec466bd7598cdee6d2705d1eb30485c4d,1755875911,2025-08-22T15:18:31.000Z
0xc332f6b99642b0d12d052750d72b00afd0caf6d8,0x000000000000000000000000c0db02f3b35ee917,58503636,0x580ef0ab22fce59f823eaacb2d32a1bec466bd7598cdee6d2705d1eb30485c4d,1755875911,2025-08-22T15:18:31.000Z
0xc332f6b99642b0d12d052750d72b00afd0caf6d8,0x000000000000000000000000509aad7bc34a1474,58503636,0x580ef0ab22fce59f823eaacb2d32a1bec466bd7598cdee6d2705d1eb30485c4d,1755875911,2025-08-22T15:18:31.000Z
0xc332f6b99642b0d12d052750d72b00afd0caf6d8,0x000000000000000000000000de5b54362e53ef23,58503636,0x580ef0ab22fce59f823eaacb2d32a1bec466bd7598cdee6d2705d1eb30485c4d,1755875911,2025-08-22T15:18:31.000Z
0xdb89884892c458400c9eec7598938d8b32e16c7a,0x0000000000000000000000006d3609a12043389b,58507389,0x292272df43a8556c0842a2d6679c7d49263287f1c40948f6dd0b81e148d2b4e8,1755878726,2025-08-22T16:05:26.000Z
0xdb89884892c458400c9eec7598938d8b32e16c7a,0x000000000000000000000000d27ad3b5141e2b3c,58507389,0x292272df43a8556c0842a2d6679c7d49263287f1c40948f6dd0b81e148d2b4e8,1755878726,2025-08-22T16:05:26.000Z
0xdb89884892c458400c9eec7598938d8b32e16c7a,0x000000000000000000000000f996cac6a862c5e9,58507389,0x292272df43a8556c0842a2d6679c7d49263287f1c40948f6dd0b81e148d2b4e8,1755878726,2025-08-22T16:05:26.000Z
0xdb89884892c458400c9eec7598938d8b32e16c7a,0x000000000000000000000000de5b54362e53ef23,58507389,0x292272df43a8556c0842a2d6679c7d49263287f1c40948f6dd0b81e148d2b4e8,1755878726,2025-08-22T16:05:26.000Z
0x9f6e1a6b597da5e04b055c45ca463c2985411deb,0x0000000000000000000000006d3609a12043389b,58507628,0xd4a037b41d34a7a18031a65c96394c648a59ab59454b193b61a716a0feec4bac,1755878905,2025-08-22T16:08:25.000Z
0x9f6e1a6b597da5e04b055c45ca463c2985411deb,0x000000000000000000000000d27ad3b5141e2b3c,58507628,0xd4a037b41d34a7a18031a65c96394c648a59ab59454b193b61a716a0feec4bac,1755878905,2025-08-22T16:08:25.000Z
0x9f6e1a6b597da5e04b055c45ca463c2985411deb,0x000000000000000000000000f996cac6a862c5e9,58507628,0xd4a037b41d34a7a18031a65c96394c648a59ab59454b193b61a716a0feec4bac,1755878905,2025-08-22T16:08:25.000Z
0x9f6e1a6b597da5e04b055c45ca463c2985411deb,0x000000000000000000000000de5b54362e53ef23,58507628,0xd4a037b41d34a7a18031a65c96394c648a59ab59454b193b61a716a0feec4bac,1755878905,2025-08-22T16:08:25.000Z
0x672c70cc5e330fddc896d4eb6d5ed570c23cbef8,0x0000000000000000000000000b4d454e7f8d7e61,58507647,0x5313034ad978965b82e92d6b11d4805294d1e2cb88e690ad6c41901a89ef5233,1755878920,2025-08-22T16:08:40.000Z
0x672c70cc5e330fddc896d4eb6d5ed570c23cbef8,0x0000000000000000000000001e8854fdbf0ae026,58507647,0x5313034ad978965b82e92d6b11d4805294d1e2cb88e690ad6c41901a89ef5233,1755878920,2025-08-22T16:08:40.000Z
0x672c70cc5e330fddc896d4eb6d5ed570c23cbef8,0x000000000000000000000000c22d6adc7abf937d,58507647,0x5313034ad978965b82e92d6b11d4805294d1e2cb88e690ad6c41901a89ef5233,1755878920,2025-08-22T16:08:40.000Z
0x672c70cc5e330fddc896d4eb6d5ed570c23cbef8,0x000000000000000000000000de5b54362e53ef23,58507647,0x5313034ad978965b82e92d6b11d4805294d1e2cb88e690ad6c41901a89ef5233,1755878920,2025-08-22T16:08:40.000Z
0x4a83552c368b5be274a441138c16d80321038205,0x0000000000000000000000000b4d454e7f8d7e61,58508354,0x3704c6b45c8407acb04ff0c4c5f3e075d9311b370e6ae1cde925a118d50b3b0a,1755879451,2025-08-22T16:17:31.000Z
0x4a83552c368b5be274a441138c16d80321038205,0x0000000000000000000000001e8854fdbf0ae026,58508354,0x3704c6b45c8407acb04ff0c4c5f3e075d9311b370e6ae1cde925a118d50b3b0a,1755879451,2025-08-22T16:17:31.000Z
0x4a83552c368b5be274a441138c16d80321038205,0x000000000000000000000000c22d6adc7abf937d,58508354,0x3704c6b45c8407acb04ff0c4c5f3e075d9311b370e6ae1cde925a118d50b3b0a,1755879451,2025-08-22T16:17:31.000Z
0x4a83552c368b5be274a441138c16d80321038205,0x000000000000000000000000de5b54362e53ef23,58508354,0x3704c6b45c8407acb04ff0c4c5f3e075d9311b370e6ae1cde925a118d50b3b0a,1755879451,2025-08-22T16:17:31.000Z
0x3597311499ac16450a262973eac961454f8e61b1,0x0000000000000000000000006d3609a12043389b,58508494,0x67d43a8118880c2a394a3c882dee221684361d8e323e2f9c4c978fbb6a1696bf,1755879556,2025-08-22T16:19:16.000Z
0x3597311499ac16450a262973eac961454f8e61b1,0x000000000000000000000000d27ad3b5141e2b3c,58508494,0x67d43a8118880c2a394a3c882dee221684361d8e323e2f9c4c978fbb6a1696bf,1755879556,2025-08-22T16:19:16.000Z
0x3597311499ac16450a262973eac961454f8e61b1,0x000000000000000000000000f996cac6a862c5e9,58508494,0x67d43a8118880c2a394a3c882dee221684361d8e323e2f9c4c978fbb6a1696bf,1755879556,2025-08-22T16:19:16.000Z
0x3597311499ac16450a262973eac961454f8e61b1,0x000000000000000000000000de5b54362e53ef23,58508494,0x67d43a8118880c2a394a3c882dee221684361d8e323e2f9c4c978fbb6a1696bf,1755879556,2025-08-22T16:19:16.000Z
0xf3022cf055cd7f35a8d3252c91ba52067630e1a4,0x0000000000000000000000006d3609a12043389b,58509372,0xe329eb131c24003a0e62bfdd09401f75c6a56c6e1756838c6e8fe3ac8a775f3d,1755880214,2025-08-22T16:30:14.000Z
0xf3022cf055cd7f35a8d3252c91ba52067630e1a4,0x000000000000000000000000d27ad3b5141e2b3c,58509372,0xe329eb131c24003a0e62bfdd09401f75c6a56c6e1756838c6e8fe3ac8a775f3d,1755880214,2025-08-22T16:30:14.000Z
0xf3022cf055cd7f35a8d3252c91ba52067630e1a4,0x000000000000000000000000f996cac6a862c5e9,58509372,0xe329eb131c24003a0e62bfdd09401f75c6a56c6e1756838c6e8fe3ac8a775f3d,1755880214,2025-08-22T16:30:14.000Z
0xf3022cf055cd7f35a8d3252c91ba52067630e1a4,0x000000000000000000000000de5b54362e53ef23,58509372,0xe329eb131c24003a0e62bfdd09401f75c6a56c6e1756838c6e8fe3ac8a775f3d,1755880214,2025-08-22T16:30:14.000Z
0x8ad5af3a2d06d4f3411c0ba86f65217d36de8d20,0x0000000000000000000000006d3609a12043389b,58510341,0x7e72447adbd1c158c5a1507df0f11e79b32c937a4774fb16166bfbcd934f042d,1755880941,2025-08-22T16:42:21.000Z
0x8ad5af3a2d06d4f3411c0ba86f65217d36de8d20,0x000000000000000000000000d27ad3b5141e2b3c,58510341,0x7e72447adbd1c158c5a1507df0f11e79b32c937a4774fb16166bfbcd934f042d,1755880941,2025-08-22T16:42:21.000Z
0x8ad5af3a2d06d4f3411c0ba86f65217d36de8d20,0x000000000000000000000000f996cac6a862c5e9,58510341,0x7e72447adbd1c158c5a1507df0f11e79b32c937a4774fb16166bfbcd934f042d,1755880941,2025-08-22T16:42:21.000Z
0x8ad5af3a2d06d4f3411c0ba86f65217d36de8d20,0x000000000000000000000000de5b54362e53ef23,58510341,0x7e72447adbd1c158c5a1507df0f11e79b32c937a4774fb16166bfbcd934f042d,1755880941,2025-08-22T16:42:21.000Z
0x09da4c0395e2fb53e2a22c74d04706a27dbe84dc,0x0000000000000000000000000b4d454e7f8d7e61,58510835,0xb2dcb79f07bf882e12b90e3e29c7ebf67a5c2d588f9f37ae43fa40f71edcd161,1755881311,2025-08-22T16:48:31.000Z
0x09da4c0395e2fb53e2a22c74d04706a27dbe84dc,0x0000000000000000000000001e8854fdbf0ae026,58510835,0xb2dcb79f07bf882e12b90e3e29c7ebf67a5c2d588f9f37ae43fa40f71edcd161,1755881311,2025-08-22T16:48:31.000Z
0x09da4c0395e2fb53e2a22c74d04706a27dbe84dc,0x000000000000000000000000c22d6adc7abf937d,58510835,0xb2dcb79f07bf882e12b90e3e29c7ebf67a5c2d588f9f37ae43fa40f71edcd161,1755881311,2025-08-22T16:48:31.000Z
0x09da4c0395e2fb53e2a22c74d04706a27dbe84dc,0x000000000000000000000000de5b54362e53ef23,58510835,0xb2dcb79f07bf882e12b90e3e29c7ebf67a5c2d588f9f37ae43fa40f71edcd161,1755881311,2025-08-22T16:48:31.000Z
0x6ea07a1d24812b27f924e77ff4be7c3b80944176,0x0000000000000000000000001e8854fdbf0ae026,58516125,0xaef540914c19c87dd35029c6b7e6961430ad4b93bb774c111ccd38eef8df3e9c,1755885323,2025-08-22T17:55:23.000Z
0x6ea07a1d24812b27f924e77ff4be7c3b80944176,0x000000000000000000000000c22d6adc7abf937d,58516125,0xaef540914c19c87dd35029c6b7e6961430ad4b93bb774c111ccd38eef8df3e9c,1755885323,2025-08-22T17:55:23.000Z
0x6ea07a1d24812b27f924e77ff4be7c3b80944176,0x000000000000000000000000ed316d698667c262,58516125,0xaef540914c19c87dd35029c6b7e6961430ad4b93bb774c111ccd38eef8df3e9c,1755885323,2025-08-22T17:55:23.000Z
0x6ea07a1d24812b27f924e77ff4be7c3b80944176,0x000000000000000000000000de5b54362e53ef23,58516125,0xaef540914c19c87dd35029c6b7e6961430ad4b93bb774c111ccd38eef8df3e9c,1755885323,2025-08-22T17:55:23.000Z
0xa675d0da8907cd8fe4dab67fd6aa98544d5903e2,0x0000000000000000000000000b4d454e7f8d7e61,58547642,0x77de7ee3a7f412fd16aea5a45e54ead00be07bef15438176a44178645dd03b0d,1755908962,2025-08-23T00:29:22.000Z
0xa675d0da8907cd8fe4dab67fd6aa98544d5903e2,0x0000000000000000000000001e8854fdbf0ae026,58547642,0x77de7ee3a7f412fd16aea5a45e54ead00be07bef15438176a44178645dd03b0d,1755908962,2025-08-23T00:29:22.000Z
0xa675d0da8907cd8fe4dab67fd6aa98544d5903e2,0x000000000000000000000000c22d6adc7abf937d,58547642,0x77de7ee3a7f412fd16aea5a45e54ead00be07bef15438176a44178645dd03b0d,1755908962,2025-08-23T00:29:22.000Z
0xa675d0da8907cd8fe4dab67fd6aa98544d5903e2,0x000000000000000000000000de5b54362e53ef23,58547642,0x77de7ee3a7f412fd16aea5a45e54ead00be07bef15438176a44178645dd03b0d,1755908962,2025-08-23T00:29:22.000Z
0x7ac03bc7607293eba940e056c638996ce9b6c088,0x0000000000000000000000000b4d454e7f8d7e61,58547919,0xbc469d19430ea89be1f12c53c951096407ea133e9db66abd7dc300e86f0c5157,1755909170,2025-08-23T00:32:50.000Z
0x7ac03bc7607293eba940e056c638996ce9b6c088,0x0000000000000000000000001e8854fdbf0ae026,58547919,0xbc469d19430ea89be1f12c53c951096407ea133e9db66abd7dc300e86f0c5157,1755909170,2025-08-23T00:32:50.000Z
0x7ac03bc7607293eba940e056c638996ce9b6c088,0x000000000000000000000000c22d6adc7abf937d,58547919,0xbc469d19430ea89be1f12c53c951096407ea133e9db66abd7dc300e86f0c5157,1755909170,2025-08-23T00:32:50.000Z
0x7ac03bc7607293eba940e056c638996ce9b6c088,0x000000000000000000000000de5b54362e53ef23,58547919,0xbc469d19430ea89be1f12c53c951096407ea133e9db66abd7dc300e86f0c5157,1755909170,2025-08-23T00:32:50.000Z
0xc309462be17db6ab0a0288b2d33b70343ab1249f,0x0000000000000000000000001e8854fdbf0ae026,58548404,0x5f6f3508aac2c976749074ef702d7df2af0d443efc814f1d72d2e03062484b73,1755909534,2025-08-23T00:38:54.000Z
0xc309462be17db6ab0a0288b2d33b70343ab1249f,0x000000000000000000000000c22d6adc7abf937d,58548404,0x5f6f3508aac2c976749074ef702d7df2af0d443efc814f1d72d2e03062484b73,1755909534,2025-08-23T00:38:54.000Z
0xc309462be17db6ab0a0288b2d33b70343ab1249f,0x000000000000000000000000ed316d698667c262,58548404,0x5f6f3508aac2c976749074ef702d7df2af0d443efc814f1d72d2e03062484b73,1755909534,2025-08-23T00:38:54.000Z
0xc309462be17db6ab0a0288b2d33b70343ab1249f,0x000000000000000000000000de5b54362e53ef23,58548404,0x5f6f3508aac2c976749074ef702d7df2af0d443efc814f1d72d2e03062484b73,1755909534,2025-08-23T00:38:54.000Z
0x51f9472b63111fcb1136c675923bb5bc21eb9ae7,0x0000000000000000000000001e8854fdbf0ae026,58548774,0xb1e3f9404542cd6dfcd5dc8a4c4cae98a2ed22123015ebeee2bca6e348ce3179,1755909811,2025-08-23T00:43:31.000Z
0x51f9472b63111fcb1136c675923bb5bc21eb9ae7,0x000000000000000000000000c22d6adc7abf937d,58548774,0xb1e3f9404542cd6dfcd5dc8a4c4cae98a2ed22123015ebeee2bca6e348ce3179,1755909811,2025-08-23T00:43:31.000Z
0x51f9472b63111fcb1136c675923bb5bc21eb9ae7,0x000000000000000000000000ed316d698667c262,58548774,0xb1e3f9404542cd6dfcd5dc8a4c4cae98a2ed22123015ebeee2bca6e348ce3179,1755909811,2025-08-23T00:43:31.000Z
0x51f9472b63111fcb1136c675923bb5bc21eb9ae7,0x000000000000000000000000de5b54362e53ef23,58548774,0xb1e3f9404542cd6dfcd5dc8a4c4cae98a2ed22123015ebeee2bca6e348ce3179,1755909811,2025-08-23T00:43:31.000Z
0x23a3c5829924eaf169c5a7570271a08688b9dfed,0x0000000000000000000000008d66facd7673f48c,58572992,0x1246f585423c34ef0940419f60626a00155e7a642509fc8f2ba8b34a273718fe,1755927977,2025-08-23T05:46:17.000Z
0x23a3c5829924eaf169c5a7570271a08688b9dfed,0x000000000000000000000000d2dd610da3363d3f,58572992,0x1246f585423c34ef0940419f60626a00155e7a642509fc8f2ba8b34a273718fe,1755927977,2025-08-23T05:46:17.000Z
0x23a3c5829924eaf169c5a7570271a08688b9dfed,0x0000000000000000000000001b49e177b8dfe3fe,58572992,0x1246f585423c34ef0940419f60626a00155e7a642509fc8f2ba8b34a273718fe,1755927977,2025-08-23T05:46:17.000Z
0x23a3c5829924eaf169c5a7570271a08688b9dfed,0x000000000000000000000000de5b54362e53ef23,58572992,0x1246f585423c34ef0940419f60626a00155e7a642509fc8f2ba8b34a273718fe,1755927977,2025-08-23T05:46:17.000Z
0xd41bf689284959c6254ccf3b44cec75baf9a5274,0x0000000000000000000000008d66facd7673f48c,58576810,0x1ef815024e1c8ea56b1a528a35bf4cadf3927a208494e2a7372690ab8f2c8bd7,1755930841,2025-08-23T06:34:01.000Z
0xd41bf689284959c6254ccf3b44cec75baf9a5274,0x000000000000000000000000d2dd610da3363d3f,58576810,0x1ef815024e1c8ea56b1a528a35bf4cadf3927a208494e2a7372690ab8f2c8bd7,1755930841,2025-08-23T06:34:01.000Z
0xd41bf689284959c6254ccf3b44cec75baf9a5274,0x0000000000000000000000001b49e177b8dfe3fe,58576810,0x1ef815024e1c8ea56b1a528a35bf4cadf3927a208494e2a7372690ab8f2c8bd7,1755930841,2025-08-23T06:34:01.000Z
0xd41bf689284959c6254ccf3b44cec75baf9a5274,0x000000000000000000000000de5b54362e53ef23,58576810,0x1ef815024e1c8ea56b1a528a35bf4cadf3927a208494e2a7372690ab8f2c8bd7,1755930841,2025-08-23T06:34:01.000Z
0x107bb14cc71a278e9eb55ae89aa4887586fab6d2,0x00000000000000000000000092d6d3fbe4067a2f,58581247,0xc210e0e7e6ccccae0c44376152ce2dabf6563a3a5a016c37b739b09ae42ddc93,1755934170,2025-08-23T07:29:30.000Z
0x107bb14cc71a278e9eb55ae89aa4887586fab6d2,0x0000000000000000000000008d66facd7673f48c,58581247,0xc210e0e7e6ccccae0c44376152ce2dabf6563a3a5a016c37b739b09ae42ddc93,1755934170,2025-08-23T07:29:30.000Z
0x107bb14cc71a278e9eb55ae89aa4887586fab6d2,0x000000000000000000000000d2dd610da3363d3f,58581247,0xc210e0e7e6ccccae0c44376152ce2dabf6563a3a5a016c37b739b09ae42ddc93,1755934170,2025-08-23T07:29:30.000Z
0x107bb14cc71a278e9eb55ae89aa4887586fab6d2,0x000000000000000000000000de5b54362e53ef23,58581247,0xc210e0e7e6ccccae0c44376152ce2dabf6563a3a5a016c37b739b09ae42ddc93,1755934170,2025-08-23T07:29:30.000Z
0x2a4dfc9266cd2ba0a7d70ae3615bab325665c50a,0x0000000000000000000000001b49e177b8dfe3fe,58584712,0xf2c725f843b6ee14a1a5758fc1b6258a79351f933adaaf8beadb0e4d42150156,1755936769,2025-08-23T08:12:49.000Z
0x2a4dfc9266cd2ba0a7d70ae3615bab325665c50a,0x0000000000000000000000004326a4441a01a4e7,58584712,0xf2c725f843b6ee14a1a5758fc1b6258a79351f933adaaf8beadb0e4d42150156,1755936769,2025-08-23T08:12:49.000Z
0x2a4dfc9266cd2ba0a7d70ae3615bab325665c50a,0x000000000000000000000000836e659a3e173a60,58584712,0xf2c725f843b6ee14a1a5758fc1b6258a79351f933adaaf8beadb0e4d42150156,1755936769,2025-08-23T08:12:49.000Z
0x2a4dfc9266cd2ba0a7d70ae3615bab325665c50a,0x000000000000000000000000de5b54362e53ef23,58584712,0xf2c725f843b6ee14a1a5758fc1b6258a79351f933adaaf8beadb0e4d42150156,1755936769,2025-08-23T08:12:49.000Z
0x979e49043d325a22904f5bca7c7b442ba17b62d1,0x0000000000000000000000000fc24de6b5216b49,58587909,0x31747100ff6e0f903e59e0d7da33c0a166e5c635423bde6c5edd0df0f7bfe093,1755939167,2025-08-23T08:52:47.000Z
0x979e49043d325a22904f5bca7c7b442ba17b62d1,0x000000000000000000000000ceba129e0462c7e5,58587909,0x31747100ff6e0f903e59e0d7da33c0a166e5c635423bde6c5edd0df0f7bfe093,1755939167,2025-08-23T08:52:47.000Z
0x979e49043d325a22904f5bca7c7b442ba17b62d1,0x000000000000000000000000c0db02f3b35ee917,58587909,0x31747100ff6e0f903e59e0d7da33c0a166e5c635423bde6c5edd0df0f7bfe093,1755939167,2025-08-23T08:52:47.000Z
0x979e49043d325a22904f5bca7c7b442ba17b62d1,0x000000000000000000000000de5b54362e53ef23,58587909,0x31747100ff6e0f903e59e0d7da33c0a166e5c635423bde6c5edd0df0f7bfe093,1755939167,2025-08-23T08:52:47.000Z
0x8ccdfdb78fa3b44862bd6f55cd9fec391cea89a1,0x0000000000000000000000001b49e177b8dfe3fe,58588363,0x32d62ab52601a53bcaa9814df9d6d12f679533b5e7b301b2904ef955128d89bc,1755939507,2025-08-23T08:58:27.000Z
0x8ccdfdb78fa3b44862bd6f55cd9fec391cea89a1,0x0000000000000000000000004326a4441a01a4e7,58588363,0x32d62ab52601a53bcaa9814df9d6d12f679533b5e7b301b2904ef955128d89bc,1755939507,2025-08-23T08:58:27.000Z
0x8ccdfdb78fa3b44862bd6f55cd9fec391cea89a1,0x000000000000000000000000836e659a3e173a60,58588363,0x32d62ab52601a53bcaa9814df9d6d12f679533b5e7b301b2904ef955128d89bc,1755939507,2025-08-23T08:58:27.000Z
0x8ccdfdb78fa3b44862bd6f55cd9fec391cea89a1,0x000000000000000000000000de5b54362e53ef23,58588363,0x32d62ab52601a53bcaa9814df9d6d12f679533b5e7b301b2904ef955128d89bc,1755939507,2025-08-23T08:58:27.000Z
0x07588bd36bb84aff7d0badf8564acd6c0f4e07a3,0x00000000000000000000000041fa7ea2c359a2f0,58590983,0xabf42f9109e8beea41355dea6678280652636b60e05c1f89c7dd403ac7bc19de,1755941472,2025-08-23T09:31:12.000Z
0x07588bd36bb84aff7d0badf8564acd6c0f4e07a3,0x00000000000000000000000002d32f712712df82,58590983,0xabf42f9109e8beea41355dea6678280652636b60e05c1f89c7dd403ac7bc19de,1755941472,2025-08-23T09:31:12.000Z
0x07588bd36bb84aff7d0badf8564acd6c0f4e07a3,0x00000000000000000000000092d6d3fbe4067a2f,58590983,0xabf42f9109e8beea41355dea6678280652636b60e05c1f89c7dd403ac7bc19de,1755941472,2025-08-23T09:31:12.000Z
0x07588bd36bb84aff7d0badf8564acd6c0f4e07a3,0x000000000000000000000000de5b54362e53ef23,58590983,0xabf42f9109e8beea41355dea6678280652636b60e05c1f89c7dd403ac7bc19de,1755941472,2025-08-23T09:31:12.000Z
0xf379911da5e313dab2943734934f55176802fe11,0x000000000000000000000000c124eadc096d1f14,58595299,0xc1d9c6cd8b9a1558033e2648988b2c77c973876537847a2d806a04c30d96a99c,1755944709,2025-08-23T10:25:09.000Z
0xf379911da5e313dab2943734934f55176802fe11,0x0000000000000000000000001fd013f245ab5a99,58595299,0xc1d9c6cd8b9a1558033e2648988b2c77c973876537847a2d806a04c30d96a99c,1755944709,2025-08-23T10:25:09.000Z
0xf379911da5e313dab2943734934f55176802fe11,0x000000000000000000000000a873cfe4c4eaa4e5,58595299,0xc1d9c6cd8b9a1558033e2648988b2c77c973876537847a2d806a04c30d96a99c,1755944709,2025-08-23T10:25:09.000Z
0xf379911da5e313dab2943734934f55176802fe11,0x000000000000000000000000de5b54362e53ef23,58595299,0xc1d9c6cd8b9a1558033e2648988b2c77c973876537847a2d806a04c30d96a99c,1755944709,2025-08-23T10:25:09.000Z
0x063f5c5b9f455e813002ac5804f63910c90c87a0,0x0000000000000000000000008d66facd7673f48c,58598680,0x69807884840c051c9c2d5a760940a750651ca23f841c5cff9c8de58477461899,1755947245,2025-08-23T11:07:25.000Z
0x063f5c5b9f455e813002ac5804f63910c90c87a0,0x000000000000000000000000d2dd610da3363d3f,58598680,0x69807884840c051c9c2d5a760940a750651ca23f841c5cff9c8de58477461899,1755947245,2025-08-23T11:07:25.000Z
0x063f5c5b9f455e813002ac5804f63910c90c87a0,0x0000000000000000000000001b49e177b8dfe3fe,58598680,0x69807884840c051c9c2d5a760940a750651ca23f841c5cff9c8de58477461899,1755947245,2025-08-23T11:07:25.000Z
0x063f5c5b9f455e813002ac5804f63910c90c87a0,0x000000000000000000000000de5b54362e53ef23,58598680,0x69807884840c051c9c2d5a760940a750651ca23f841c5cff9c8de58477461899,1755947245,2025-08-23T11:07:25.000Z
0x4a6fa2ae26c9e2174ca3e87c2c9fe45e87f4b5c5,0x0000000000000000000000000b4d454e7f8d7e61,58599461,0x5a1bd17cbcccd8a75b975a487355e84f496b4d143f2fd5c8ae12bc7548870537,1755947831,2025-08-23T11:17:11.000Z
0x4a6fa2ae26c9e2174ca3e87c2c9fe45e87f4b5c5,0x0000000000000000000000001e8854fdbf0ae026,58599461,0x5a1bd17cbcccd8a75b975a487355e84f496b4d143f2fd5c8ae12bc7548870537,1755947831,2025-08-23T11:17:11.000Z
0x4a6fa2ae26c9e2174ca3e87c2c9fe45e87f4b5c5,0x000000000000000000000000c22d6adc7abf937d,58599461,0x5a1bd17cbcccd8a75b975a487355e84f496b4d143f2fd5c8ae12bc7548870537,1755947831,2025-08-23T11:17:11.000Z
0x4a6fa2ae26c9e2174ca3e87c2c9fe45e87f4b5c5,0x000000000000000000000000de5b54362e53ef23,58599461,0x5a1bd17cbcccd8a75b975a487355e84f496b4d143f2fd5c8ae12bc7548870537,1755947831,2025-08-23T11:17:11.000Z
0xeaea8b336d9227450aa76c40fdf91fea515e6f84,0x0000000000000000000000004a6fa2ae26c9e217,58599905,0x0dd8d6eb9acba0adfea1f3adf22fd363ec4395dd87d47fefdb523d52ed756b92,1755948164,2025-08-23T11:22:44.000Z
0xeaea8b336d9227450aa76c40fdf91fea515e6f84,0x0000000000000000000000000b4d454e7f8d7e61,58599905,0x0dd8d6eb9acba0adfea1f3adf22fd363ec4395dd87d47fefdb523d52ed756b92,1755948164,2025-08-23T11:22:44.000Z
0xeaea8b336d9227450aa76c40fdf91fea515e6f84,0x0000000000000000000000001e8854fdbf0ae026,58599905,0x0dd8d6eb9acba0adfea1f3adf22fd363ec4395dd87d47fefdb523d52ed756b92,1755948164,2025-08-23T11:22:44.000Z
0xeaea8b336d9227450aa76c40fdf91fea515e6f84,0x000000000000000000000000de5b54362e53ef23,58599905,0x0dd8d6eb9acba0adfea1f3adf22fd363ec4395dd87d47fefdb523d52ed756b92,1755948164,2025-08-23T11:22:44.000Z
0x7ecc2ad627cdf77725d7c7173382406781d21b2d,0x0000000000000000000000008d66facd7673f48c,58602198,0x7f3f196c644ef08cf376dcf6f13a3f524685508cc3efa50c0face156de0c9394,1755949884,2025-08-23T11:51:24.000Z
0x7ecc2ad627cdf77725d7c7173382406781d21b2d,0x000000000000000000000000d2dd610da3363d3f,58602198,0x7f3f196c644ef08cf376dcf6f13a3f524685508cc3efa50c0face156de0c9394,1755949884,2025-08-23T11:51:24.000Z
0x7ecc2ad627cdf77725d7c7173382406781d21b2d,0x0000000000000000000000001b49e177b8dfe3fe,58602198,0x7f3f196c644ef08cf376dcf6f13a3f524685508cc3efa50c0face156de0c9394,1755949884,2025-08-23T11:51:24.000Z
0x7ecc2ad627cdf77725d7c7173382406781d21b2d,0x000000000000000000000000de5b54362e53ef23,58602198,0x7f3f196c644ef08cf376dcf6f13a3f524685508cc3efa50c0face156de0c9394,1755949884,2025-08-23T11:51:24.000Z
0x1ec9a8ac0f9a19d96fc01c01949e5bd102cc22a8,0x0000000000000000000000007ecc2ad627cdf777,58603701,0x5d7c63fff7b9aa32a5cf24fef25932b7c1ea41613ade625aef07dceff7867ed8,1755951011,2025-08-23T12:10:11.000Z
0x1ec9a8ac0f9a19d96fc01c01949e5bd102cc22a8,0x0000000000000000000000008d66facd7673f48c,58603701,0x5d7c63fff7b9aa32a5cf24fef25932b7c1ea41613ade625aef07dceff7867ed8,1755951011,2025-08-23T12:10:11.000Z
0x1ec9a8ac0f9a19d96fc01c01949e5bd102cc22a8,0x000000000000000000000000d2dd610da3363d3f,58603701,0x5d7c63fff7b9aa32a5cf24fef25932b7c1ea41613ade625aef07dceff7867ed8,1755951011,2025-08-23T12:10:11.000Z
0x1ec9a8ac0f9a19d96fc01c01949e5bd102cc22a8,0x000000000000000000000000de5b54362e53ef23,58603701,0x5d7c63fff7b9aa32a5cf24fef25932b7c1ea41613ade625aef07dceff7867ed8,1755951011,2025-08-23T12:10:11.000Z
0xe1147372889c2820d378812b1b39476e397c6076,0x00000000000000000000000041fa7ea2c359a2f0,58606255,0x2e136c4e83ae05563614d6bbff2d57bbac046cf97765f18fa64e1ebff1f29353,1755952926,2025-08-23T12:42:06.000Z
0xe1147372889c2820d378812b1b39476e397c6076,0x00000000000000000000000002d32f712712df82,58606255,0x2e136c4e83ae05563614d6bbff2d57bbac046cf97765f18fa64e1ebff1f29353,1755952926,2025-08-23T12:42:06.000Z
0xe1147372889c2820d378812b1b39476e397c6076,0x00000000000000000000000092d6d3fbe4067a2f,58606255,0x2e136c4e83ae05563614d6bbff2d57bbac046cf97765f18fa64e1ebff1f29353,1755952926,2025-08-23T12:42:06.000Z
0xe1147372889c2820d378812b1b39476e397c6076,0x000000000000000000000000de5b54362e53ef23,58606255,0x2e136c4e83ae05563614d6bbff2d57bbac046cf97765f18fa64e1ebff1f29353,1755952926,2025-08-23T12:42:06.000Z
0x41b8b5bc0487664b52b17c7bff5c20f6870db64c,0x000000000000000000000000f379911da5e313da,58606364,0xa43924e66fd1871eb2b01813b233b862b2383a37c7b63d13b7791283bbd9b19c,1755953008,2025-08-23T12:43:28.000Z
0x41b8b5bc0487664b52b17c7bff5c20f6870db64c,0x000000000000000000000000c124eadc096d1f14,58606364,0xa43924e66fd1871eb2b01813b233b862b2383a37c7b63d13b7791283bbd9b19c,1755953008,2025-08-23T12:43:28.000Z
0x41b8b5bc0487664b52b17c7bff5c20f6870db64c,0x0000000000000000000000001fd013f245ab5a99,58606364,0xa43924e66fd1871eb2b01813b233b862b2383a37c7b63d13b7791283bbd9b19c,1755953008,2025-08-23T12:43:28.000Z
0x41b8b5bc0487664b52b17c7bff5c20f6870db64c,0x000000000000000000000000de5b54362e53ef23,58606364,0xa43924e66fd1871eb2b01813b233b862b2383a37c7b63d13b7791283bbd9b19c,1755953008,2025-08-23T12:43:28.000Z
0x2f698712e18253751d3f7cd318ef6ac113be17a1,0x00000000000000000000000041b8b5bc0487664b,58606951,0xbbe48178a22b6b909c7d37e650f6af1235a092263741eee521385ed698a13618,1755953448,2025-08-23T12:50:48.000Z
0x2f698712e18253751d3f7cd318ef6ac113be17a1,0x000000000000000000000000f379911da5e313da,58606951,0xbbe48178a22b6b909c7d37e650f6af1235a092263741eee521385ed698a13618,1755953448,2025-08-23T12:50:48.000Z
0x2f698712e18253751d3f7cd318ef6ac113be17a1,0x000000000000000000000000c124eadc096d1f14,58606951,0xbbe48178a22b6b909c7d37e650f6af1235a092263741eee521385ed698a13618,1755953448,2025-08-23T12:50:48.000Z
0x2f698712e18253751d3f7cd318ef6ac113be17a1,0x000000000000000000000000de5b54362e53ef23,58606951,0xbbe48178a22b6b909c7d37e650f6af1235a092263741eee521385ed698a13618,1755953448,2025-08-23T12:50:48.000Z
0x429f359fa9a4aaf0970e72f517307756c0de61b5,0x00000000000000000000000092d6d3fbe4067a2f,58607800,0x884339f0d517167b38b5ace70fde13bd4470b1d1c378a6859bac6eb4799486e3,1755954086,2025-08-23T13:01:26.000Z
0x429f359fa9a4aaf0970e72f517307756c0de61b5,0x0000000000000000000000008d66facd7673f48c,58607800,0x884339f0d517167b38b5ace70fde13bd4470b1d1c378a6859bac6eb4799486e3,1755954086,2025-08-23T13:01:26.000Z
0x429f359fa9a4aaf0970e72f517307756c0de61b5,0x000000000000000000000000d2dd610da3363d3f,58607800,0x884339f0d517167b38b5ace70fde13bd4470b1d1c378a6859bac6eb4799486e3,1755954086,2025-08-23T13:01:26.000Z
0x429f359fa9a4aaf0970e72f517307756c0de61b5,0x000000000000000000000000de5b54362e53ef23,58607800,0x884339f0d517167b38b5ace70fde13bd4470b1d1c378a6859bac6eb4799486e3,1755954086,2025-08-23T13:01:26.000Z
0x0c9035a4fc1a773b31cf1743ca5384f01348134a,0x0000000000000000000000001b49e177b8dfe3fe,58617110,0x18152565ee6ca5fbe40799fedb699d7121d2c1e2904bdda59b9532a0157c5315,1755961069,2025-08-23T14:57:49.000Z
0x0c9035a4fc1a773b31cf1743ca5384f01348134a,0x0000000000000000000000004326a4441a01a4e7,58617110,0x18152565ee6ca5fbe40799fedb699d7121d2c1e2904bdda59b9532a0157c5315,1755961069,2025-08-23T14:57:49.000Z
0x0c9035a4fc1a773b31cf1743ca5384f01348134a,0x000000000000000000000000836e659a3e173a60,58617110,0x18152565ee6ca5fbe40799fedb699d7121d2c1e2904bdda59b9532a0157c5315,1755961069,2025-08-23T14:57:49.000Z
0x0c9035a4fc1a773b31cf1743ca5384f01348134a,0x000000000000000000000000de5b54362e53ef23,58617110,0x18152565ee6ca5fbe40799fedb699d7121d2c1e2904bdda59b9532a0157c5315,1755961069,2025-08-23T14:57:49.000Z
0xc9134355da931bb6b22acac1c1fd1f1012e98ed5,0x000000000000000000000000ceba129e0462c7e5,58617249,0xf4f94d0e3ed26cca952ba93919416e6f44b3efaf52ee1ea6cfaaf87f4cee8bed,1755961173,2025-08-23T14:59:33.000Z
0xc9134355da931bb6b22acac1c1fd1f1012e98ed5,0x000000000000000000000000c0db02f3b35ee917,58617249,0xf4f94d0e3ed26cca952ba93919416e6f44b3efaf52ee1ea6cfaaf87f4cee8bed,1755961173,2025-08-23T14:59:33.000Z
0xc9134355da931bb6b22acac1c1fd1f1012e98ed5,0x000000000000000000000000509aad7bc34a1474,58617249,0xf4f94d0e3ed26cca952ba93919416e6f44b3efaf52ee1ea6cfaaf87f4cee8bed,1755961173,2025-08-23T14:59:33.000Z
0xc9134355da931bb6b22acac1c1fd1f1012e98ed5,0x000000000000000000000000de5b54362e53ef23,58617249,0xf4f94d0e3ed26cca952ba93919416e6f44b3efaf52ee1ea6cfaaf87f4cee8bed,1755961173,2025-08-23T14:59:33.000Z
0xf6775af9cf985c10c5a4795c73dfdb1bb6e67996,0x00000000000000000000000088ecbcc049b7d047,58620926,0xfc89ac6e747eefb606f055c15c37161da3ce0db0aed99d7460a0971cd6b3022f,1755963931,2025-08-23T15:45:31.000Z
0xf6775af9cf985c10c5a4795c73dfdb1bb6e67996,0x000000000000000000000000b2b98660ee73de2e,58620926,0xfc89ac6e747eefb606f055c15c37161da3ce0db0aed99d7460a0971cd6b3022f,1755963931,2025-08-23T15:45:31.000Z
0xf6775af9cf985c10c5a4795c73dfdb1bb6e67996,0x000000000000000000000000842cdd2a6be2452e,58620926,0xfc89ac6e747eefb606f055c15c37161da3ce0db0aed99d7460a0971cd6b3022f,1755963931,2025-08-23T15:45:31.000Z
0xf6775af9cf985c10c5a4795c73dfdb1bb6e67996,0x000000000000000000000000de5b54362e53ef23,58620926,0xfc89ac6e747eefb606f055c15c37161da3ce0db0aed99d7460a0971cd6b3022f,1755963931,2025-08-23T15:45:31.000Z
0x5260f7ca4093e516070147228814b43c5e57cef0,0x00000000000000000000000088ecbcc049b7d047,58624424,0xa5047082f73f0e2fd0dd215a3cecea642a9be0d1b4959c0256259d9d972a74d9,1755966554,2025-08-23T16:29:14.000Z
0x5260f7ca4093e516070147228814b43c5e57cef0,0x000000000000000000000000b2b98660ee73de2e,58624424,0xa5047082f73f0e2fd0dd215a3cecea642a9be0d1b4959c0256259d9d972a74d9,1755966554,2025-08-23T16:29:14.000Z
0x5260f7ca4093e516070147228814b43c5e57cef0,0x000000000000000000000000842cdd2a6be2452e,58624424,0xa5047082f73f0e2fd0dd215a3cecea642a9be0d1b4959c0256259d9d972a74d9,1755966554,2025-08-23T16:29:14.000Z
0x5260f7ca4093e516070147228814b43c5e57cef0,0x000000000000000000000000de5b54362e53ef23,58624424,0xa5047082f73f0e2fd0dd215a3cecea642a9be0d1b4959c0256259d9d972a74d9,1755966554,2025-08-23T16:29:14.000Z
0x7b13c7ac38a0ef9b1b7acec1da63c15e6b6355e7,0x000000000000000000000000448c8b07bf33ea42,58629746,0xfa5d1032b3e5545420c9aa9937582a5de5409478a16eb05cab4d62303029a5c6,1755970546,2025-08-23T17:35:46.000Z
0x7b13c7ac38a0ef9b1b7acec1da63c15e6b6355e7,0x000000000000000000000000d3670aab76fa2fe4,58629746,0xfa5d1032b3e5545420c9aa9937582a5de5409478a16eb05cab4d62303029a5c6,1755970546,2025-08-23T17:35:46.000Z
0x7b13c7ac38a0ef9b1b7acec1da63c15e6b6355e7,0x00000000000000000000000088677928d919004a,58629746,0xfa5d1032b3e5545420c9aa9937582a5de5409478a16eb05cab4d62303029a5c6,1755970546,2025-08-23T17:35:46.000Z
0x7b13c7ac38a0ef9b1b7acec1da63c15e6b6355e7,0x000000000000000000000000de5b54362e53ef23,58629746,0xfa5d1032b3e5545420c9aa9937582a5de5409478a16eb05cab4d62303029a5c6,1755970546,2025-08-23T17:35:46.000Z
0xf29a640490317897eb073eb5b4f3d38fa8845242,0x000000000000000000000000eaea8b336d922745,58681965,0x628cd67ee227bd71cf97dae14a2279cc67af5f4d0fc7ad153ad06cd89e33a3c4,1756009715,2025-08-24T04:28:35.000Z
0xf29a640490317897eb073eb5b4f3d38fa8845242,0x0000000000000000000000004a6fa2ae26c9e217,58681965,0x628cd67ee227bd71cf97dae14a2279cc67af5f4d0fc7ad153ad06cd89e33a3c4,1756009715,2025-08-24T04:28:35.000Z
0xf29a640490317897eb073eb5b4f3d38fa8845242,0x0000000000000000000000000b4d454e7f8d7e61,58681965,0x628cd67ee227bd71cf97dae14a2279cc67af5f4d0fc7ad153ad06cd89e33a3c4,1756009715,2025-08-24T04:28:35.000Z
0xf29a640490317897eb073eb5b4f3d38fa8845242,0x000000000000000000000000de5b54362e53ef23,58681965,0x628cd67ee227bd71cf97dae14a2279cc67af5f4d0fc7ad153ad06cd89e33a3c4,1756009715,2025-08-24T04:28:35.000Z
0xb3df6407c21bb990dbddee0f4969ca9120cbfccc,0x000000000000000000000000eaea8b336d922745,58689492,0x6e9f44121c960ee67fb7b9f95423514d61184370e0597e05b73f89c4a72aab5c,1756015361,2025-08-24T06:02:41.000Z
0xb3df6407c21bb990dbddee0f4969ca9120cbfccc,0x0000000000000000000000004a6fa2ae26c9e217,58689492,0x6e9f44121c960ee67fb7b9f95423514d61184370e0597e05b73f89c4a72aab5c,1756015361,2025-08-24T06:02:41.000Z
0xb3df6407c21bb990dbddee0f4969ca9120cbfccc,0x0000000000000000000000000b4d454e7f8d7e61,58689492,0x6e9f44121c960ee67fb7b9f95423514d61184370e0597e05b73f89c4a72aab5c,1756015361,2025-08-24T06:02:41.000Z
0xb3df6407c21bb990dbddee0f4969ca9120cbfccc,0x000000000000000000000000de5b54362e53ef23,58689492,0x6e9f44121c960ee67fb7b9f95423514d61184370e0597e05b73f89c4a72aab5c,1756015361,2025-08-24T06:02:41.000Z
0x2f4988eb181929d56c0f3a7f581d0b2063ec5df6,0x0000000000000000000000001b49e177b8dfe3fe,58692895,0x420fefa26d80dff579952c0cf357e4d3aad3a2a5e711d7a2d93fa9b79cd08690,1756017914,2025-08-24T06:45:14.000Z
0x2f4988eb181929d56c0f3a7f581d0b2063ec5df6,0x0000000000000000000000004326a4441a01a4e7,58692895,0x420fefa26d80dff579952c0cf357e4d3aad3a2a5e711d7a2d93fa9b79cd08690,1756017914,2025-08-24T06:45:14.000Z
0x2f4988eb181929d56c0f3a7f581d0b2063ec5df6,0x000000000000000000000000836e659a3e173a60,58692895,0x420fefa26d80dff579952c0cf357e4d3aad3a2a5e711d7a2d93fa9b79cd08690,1756017914,2025-08-24T06:45:14.000Z
0x2f4988eb181929d56c0f3a7f581d0b2063ec5df6,0x000000000000000000000000de5b54362e53ef23,58692895,0x420fefa26d80dff579952c0cf357e4d3aad3a2a5e711d7a2d93fa9b79cd08690,1756017914,2025-08-24T06:45:14.000Z
0xb54c417fb047075d709b39081413ed1ecf1f177a,0x000000000000000000000000eaea8b336d922745,58695733,0x6a89bfeb8632a2c5e06078d9a13dec053a442b720c8d19b750f99217d1071a74,1756020042,2025-08-24T07:20:42.000Z
0xb54c417fb047075d709b39081413ed1ecf1f177a,0x0000000000000000000000004a6fa2ae26c9e217,58695733,0x6a89bfeb8632a2c5e06078d9a13dec053a442b720c8d19b750f99217d1071a74,1756020042,2025-08-24T07:20:42.000Z
0xb54c417fb047075d709b39081413ed1ecf1f177a,0x0000000000000000000000000b4d454e7f8d7e61,58695733,0x6a89bfeb8632a2c5e06078d9a13dec053a442b720c8d19b750f99217d1071a74,1756020042,2025-08-24T07:20:42.000Z
0xb54c417fb047075d709b39081413ed1ecf1f177a,0x000000000000000000000000de5b54362e53ef23,58695733,0x6a89bfeb8632a2c5e06078d9a13dec053a442b720c8d19b750f99217d1071a74,1756020042,2025-08-24T07:20:42.000Z
0x5a2b657193412d26a21feb17328f549d0cb900cc,0x0000000000000000000000001e8854fdbf0ae026,58708416,0x1442c2a59003cf849e1285e4125098f72dcd4fa5ddd766ae639bb822e7a1c82d,1756029555,2025-08-24T09:59:15.000Z
0x5a2b657193412d26a21feb17328f549d0cb900cc,0x000000000000000000000000c22d6adc7abf937d,58708416,0x1442c2a59003cf849e1285e4125098f72dcd4fa5ddd766ae639bb822e7a1c82d,1756029555,2025-08-24T09:59:15.000Z
0x5a2b657193412d26a21feb17328f549d0cb900cc,0x000000000000000000000000ed316d698667c262,58708416,0x1442c2a59003cf849e1285e4125098f72dcd4fa5ddd766ae639bb822e7a1c82d,1756029555,2025-08-24T09:59:15.000Z
0x5a2b657193412d26a21feb17328f549d0cb900cc,0x000000000000000000000000de5b54362e53ef23,58708416,0x1442c2a59003cf849e1285e4125098f72dcd4fa5ddd766ae639bb822e7a1c82d,1756029555,2025-08-24T09:59:15.000Z
0xc2b6566c53c3e08e8f92396838ddb3d9eaaef337,0x0000000000000000000000008d66facd7673f48c,58711551,0xd6cb004d5ecada25eb37d54c3f471c39aed8b1701f86d3f72f470c5abe6129f3,1756031908,2025-08-24T10:38:28.000Z
0xc2b6566c53c3e08e8f92396838ddb3d9eaaef337,0x000000000000000000000000d2dd610da3363d3f,58711551,0xd6cb004d5ecada25eb37d54c3f471c39aed8b1701f86d3f72f470c5abe6129f3,1756031908,2025-08-24T10:38:28.000Z
0xc2b6566c53c3e08e8f92396838ddb3d9eaaef337,0x0000000000000000000000001b49e177b8dfe3fe,58711551,0xd6cb004d5ecada25eb37d54c3f471c39aed8b1701f86d3f72f470c5abe6129f3,1756031908,2025-08-24T10:38:28.000Z
0xc2b6566c53c3e08e8f92396838ddb3d9eaaef337,0x000000000000000000000000de5b54362e53ef23,58711551,0xd6cb004d5ecada25eb37d54c3f471c39aed8b1701f86d3f72f470c5abe6129f3,1756031908,2025-08-24T10:38:28.000Z
0xdbc7837efd7d94713e0cff4a774cd3f040012061,0x0000000000000000000000001e8854fdbf0ae026,58717427,0xcc44476e93f997cdcc229019090d6b15d7735d98cbdf8ae4810b0ca2f5f81d5a,1756036316,2025-08-24T11:51:56.000Z
0xdbc7837efd7d94713e0cff4a774cd3f040012061,0x000000000000000000000000c22d6adc7abf937d,58717427,0xcc44476e93f997cdcc229019090d6b15d7735d98cbdf8ae4810b0ca2f5f81d5a,1756036316,2025-08-24T11:51:56.000Z
0xdbc7837efd7d94713e0cff4a774cd3f040012061,0x000000000000000000000000ed316d698667c262,58717427,0xcc44476e93f997cdcc229019090d6b15d7735d98cbdf8ae4810b0ca2f5f81d5a,1756036316,2025-08-24T11:51:56.000Z
0xdbc7837efd7d94713e0cff4a774cd3f040012061,0x000000000000000000000000de5b54362e53ef23,58717427,0xcc44476e93f997cdcc229019090d6b15d7735d98cbdf8ae4810b0ca2f5f81d5a,1756036316,2025-08-24T11:51:56.000Z
0x4244a97ebd4590d4fdc6cf58ceaebc7da58d88ac,0x000000000000000000000000dbc7837efd7d9471,58717803,0x8b628ff5aa85ddd48741a3fdd98c9de5aceaa8c8e5022d9f696f2728af0ca3e9,1756036598,2025-08-24T11:56:38.000Z
0x4244a97ebd4590d4fdc6cf58ceaebc7da58d88ac,0x0000000000000000000000001e8854fdbf0ae026,58717803,0x8b628ff5aa85ddd48741a3fdd98c9de5aceaa8c8e5022d9f696f2728af0ca3e9,1756036598,2025-08-24T11:56:38.000Z
0x4244a97ebd4590d4fdc6cf58ceaebc7da58d88ac,0x000000000000000000000000c22d6adc7abf937d,58717803,0x8b628ff5aa85ddd48741a3fdd98c9de5aceaa8c8e5022d9f696f2728af0ca3e9,1756036598,2025-08-24T11:56:38.000Z
0x4244a97ebd4590d4fdc6cf58ceaebc7da58d88ac,0x000000000000000000000000de5b54362e53ef23,58717803,0x8b628ff5aa85ddd48741a3fdd98c9de5aceaa8c8e5022d9f696f2728af0ca3e9,1756036598,2025-08-24T11:56:38.000Z
0x905fa9bc6a92c7b6e520e1c621a5906fb5d01204,0x0000000000000000000000004244a97ebd4590d4,58719447,0xb07ab47414e1a4930cdec15de00b3ad1a19460a778d9dc2d7c11574491a0ed24,1756037831,2025-08-24T12:17:11.000Z
0x905fa9bc6a92c7b6e520e1c621a5906fb5d01204,0x000000000000000000000000dbc7837efd7d9471,58719447,0xb07ab47414e1a4930cdec15de00b3ad1a19460a778d9dc2d7c11574491a0ed24,1756037831,2025-08-24T12:17:11.000Z
0x905fa9bc6a92c7b6e520e1c621a5906fb5d01204,0x0000000000000000000000001e8854fdbf0ae026,58719447,0xb07ab47414e1a4930cdec15de00b3ad1a19460a778d9dc2d7c11574491a0ed24,1756037831,2025-08-24T12:17:11.000Z
0x905fa9bc6a92c7b6e520e1c621a5906fb5d01204,0x000000000000000000000000de5b54362e53ef23,58719447,0xb07ab47414e1a4930cdec15de00b3ad1a19460a778d9dc2d7c11574491a0ed24,1756037831,2025-08-24T12:17:11.000Z
0xfb601d314e44da72aaaeaf73c9d52262ba3b6b0d,0x00000000000000000000000047502465d15cba18,58722329,0x777c96fa913b5274383f465d49e8d98c094c16630fca1937206860b38f5a74ff,1756039993,2025-08-24T12:53:13.000Z
0xfb601d314e44da72aaaeaf73c9d52262ba3b6b0d,0x0000000000000000000000008d66facd7673f48c,58722329,0x777c96fa913b5274383f465d49e8d98c094c16630fca1937206860b38f5a74ff,1756039993,2025-08-24T12:53:13.000Z
0xfb601d314e44da72aaaeaf73c9d52262ba3b6b0d,0x000000000000000000000000d2dd610da3363d3f,58722329,0x777c96fa913b5274383f465d49e8d98c094c16630fca1937206860b38f5a74ff,1756039993,2025-08-24T12:53:13.000Z
0xfb601d314e44da72aaaeaf73c9d52262ba3b6b0d,0x000000000000000000000000de5b54362e53ef23,58722329,0x777c96fa913b5274383f465d49e8d98c094c16630fca1937206860b38f5a74ff,1756039993,2025-08-24T12:53:13.000Z
0x5294f03a9b34969cb657ad396a327dac7e786ec7,0x0000000000000000000000007ecc2ad627cdf777,58724301,0xe918d64e486eb8ad6558f776e0778c85ce051433d497dce740fda117d8bf71c4,1756041472,2025-08-24T13:17:52.000Z
0x5294f03a9b34969cb657ad396a327dac7e786ec7,0x0000000000000000000000008d66facd7673f48c,58724301,0xe918d64e486eb8ad6558f776e0778c85ce051433d497dce740fda117d8bf71c4,1756041472,2025-08-24T13:17:52.000Z
0x5294f03a9b34969cb657ad396a327dac7e786ec7,0x000000000000000000000000d2dd610da3363d3f,58724301,0xe918d64e486eb8ad6558f776e0778c85ce051433d497dce740fda117d8bf71c4,1756041472,2025-08-24T13:17:52.000Z
0x5294f03a9b34969cb657ad396a327dac7e786ec7,0x000000000000000000000000de5b54362e53ef23,58724301,0xe918d64e486eb8ad6558f776e0778c85ce051433d497dce740fda117d8bf71c4,1756041472,2025-08-24T13:17:52.000Z
0xcc7ba078e41a667cf336b7ff76f549e383accacd,0x0000000000000000000000001b49e177b8dfe3fe,58726192,0x0fd20091ec6e016e97a2278442b0ce885ab1b8d95aa212ba48053f3af15e0514,1756042890,2025-08-24T13:41:30.000Z
0xcc7ba078e41a667cf336b7ff76f549e383accacd,0x0000000000000000000000004326a4441a01a4e7,58726192,0x0fd20091ec6e016e97a2278442b0ce885ab1b8d95aa212ba48053f3af15e0514,1756042890,2025-08-24T13:41:30.000Z
0xcc7ba078e41a667cf336b7ff76f549e383accacd,0x000000000000000000000000836e659a3e173a60,58726192,0x0fd20091ec6e016e97a2278442b0ce885ab1b8d95aa212ba48053f3af15e0514,1756042890,2025-08-24T13:41:30.000Z
0xcc7ba078e41a667cf336b7ff76f549e383accacd,0x000000000000000000000000de5b54362e53ef23,58726192,0x0fd20091ec6e016e97a2278442b0ce885ab1b8d95aa212ba48053f3af15e0514,1756042890,2025-08-24T13:41:30.000Z
0x3d616e76e236333bf29dc56d4173d45777093f71,0x0000000000000000000000002f698712e1825375,58738401,0xbb2d09d591086393d4f597b457355249ee5efd48e3be73a9f856c6ebaacc81b9,1756052048,2025-08-24T16:14:08.000Z
0x3d616e76e236333bf29dc56d4173d45777093f71,0x00000000000000000000000041b8b5bc0487664b,58738401,0xbb2d09d591086393d4f597b457355249ee5efd48e3be73a9f856c6ebaacc81b9,1756052048,2025-08-24T16:14:08.000Z
0x3d616e76e236333bf29dc56d4173d45777093f71,0x000000000000000000000000f379911da5e313da,58738401,0xbb2d09d591086393d4f597b457355249ee5efd48e3be73a9f856c6ebaacc81b9,1756052048,2025-08-24T16:14:08.000Z
0x3d616e76e236333bf29dc56d4173d45777093f71,0x000000000000000000000000de5b54362e53ef23,58738401,0xbb2d09d591086393d4f597b457355249ee5efd48e3be73a9f856c6ebaacc81b9,1756052048,2025-08-24T16:14:08.000Z
0xd9446ac413094e8e1ec949a04f783fd89472c57e,0x0000000000000000000000004207abb6063235ef,58812525,0x0063bc26cb4ce6b8ccfee49ea999d45690f2327c187a3722edd062729db5746f,1756107645,2025-08-25T07:40:45.000Z
0xd9446ac413094e8e1ec949a04f783fd89472c57e,0x0000000000000000000000008d66facd7673f48c,58812525,0x0063bc26cb4ce6b8ccfee49ea999d45690f2327c187a3722edd062729db5746f,1756107645,2025-08-25T07:40:45.000Z
0xd9446ac413094e8e1ec949a04f783fd89472c57e,0x000000000000000000000000d2dd610da3363d3f,58812525,0x0063bc26cb4ce6b8ccfee49ea999d45690f2327c187a3722edd062729db5746f,1756107645,2025-08-25T07:40:45.000Z
0xd9446ac413094e8e1ec949a04f783fd89472c57e,0x000000000000000000000000de5b54362e53ef23,58812525,0x0063bc26cb4ce6b8ccfee49ea999d45690f2327c187a3722edd062729db5746f,1756107645,2025-08-25T07:40:45.000Z
0xc87b173cc66db02cb7f3186022cf4dcfd5ca8740,0x000000000000000000000000979e49043d325a22,58813034,0x7e7b844050cbcab57f4ae4a1545ebf1ebe8a78cd49325497ee680af0aa482037,1756108027,2025-08-25T07:47:07.000Z
0xc87b173cc66db02cb7f3186022cf4dcfd5ca8740,0x0000000000000000000000000fc24de6b5216b49,58813034,0x7e7b844050cbcab57f4ae4a1545ebf1ebe8a78cd49325497ee680af0aa482037,1756108027,2025-08-25T07:47:07.000Z
0xc87b173cc66db02cb7f3186022cf4dcfd5ca8740,0x000000000000000000000000ceba129e0462c7e5,58813034,0x7e7b844050cbcab57f4ae4a1545ebf1ebe8a78cd49325497ee680af0aa482037,1756108027,2025-08-25T07:47:07.000Z
0xc87b173cc66db02cb7f3186022cf4dcfd5ca8740,0x000000000000000000000000de5b54362e53ef23,58813034,0x7e7b844050cbcab57f4ae4a1545ebf1ebe8a78cd49325497ee680af0aa482037,1756108027,2025-08-25T07:47:07.000Z
0x752b2e88301c7ce7afac054239f5101c36da8b41,0x000000000000000000000000bd9503dc0df91aeb,58813587,0xcf6035505a6e241eb833c10e2d8166cbfb6432c969b8341cbf2426bb3c71c1ed,1756108442,2025-08-25T07:54:02.000Z
0x752b2e88301c7ce7afac054239f5101c36da8b41,0x00000000000000000000000066907eed388a8d13,58813587,0xcf6035505a6e241eb833c10e2d8166cbfb6432c969b8341cbf2426bb3c71c1ed,1756108442,2025-08-25T07:54:02.000Z
0x752b2e88301c7ce7afac054239f5101c36da8b41,0x000000000000000000000000b2b98660ee73de2e,58813587,0xcf6035505a6e241eb833c10e2d8166cbfb6432c969b8341cbf2426bb3c71c1ed,1756108442,2025-08-25T07:54:02.000Z
0x752b2e88301c7ce7afac054239f5101c36da8b41,0x000000000000000000000000de5b54362e53ef23,58813587,0xcf6035505a6e241eb833c10e2d8166cbfb6432c969b8341cbf2426bb3c71c1ed,1756108442,2025-08-25T07:54:02.000Z
0xa303d410518e880d4526222fdba0cce288ad59de,0x000000000000000000000000752b2e88301c7ce7,58813870,0x65738775c0071fccaec4e1111d11a99726a5ceeb5891ff4b090fd4bb0ddd9034,1756108654,2025-08-25T07:57:34.000Z
0xa303d410518e880d4526222fdba0cce288ad59de,0x000000000000000000000000bd9503dc0df91aeb,58813870,0x65738775c0071fccaec4e1111d11a99726a5ceeb5891ff4b090fd4bb0ddd9034,1756108654,2025-08-25T07:57:34.000Z
0xa303d410518e880d4526222fdba0cce288ad59de,0x00000000000000000000000066907eed388a8d13,58813870,0x65738775c0071fccaec4e1111d11a99726a5ceeb5891ff4b090fd4bb0ddd9034,1756108654,2025-08-25T07:57:34.000Z
0xa303d410518e880d4526222fdba0cce288ad59de,0x000000000000000000000000de5b54362e53ef23,58813870,0x65738775c0071fccaec4e1111d11a99726a5ceeb5891ff4b090fd4bb0ddd9034,1756108654,2025-08-25T07:57:34.000Z
0xd2cfd769695400d6ca784772c5fa0f5c55024505,0x000000000000000000000000979e49043d325a22,58819335,0xe034f82650d79f66c474b95c8ac3a447deeb8188bf1b0e8d67edf5deaf1f6737,1756112753,2025-08-25T09:05:53.000Z
0xd2cfd769695400d6ca784772c5fa0f5c55024505,0x0000000000000000000000000fc24de6b5216b49,58819335,0xe034f82650d79f66c474b95c8ac3a447deeb8188bf1b0e8d67edf5deaf1f6737,1756112753,2025-08-25T09:05:53.000Z
0xd2cfd769695400d6ca784772c5fa0f5c55024505,0x000000000000000000000000ceba129e0462c7e5,58819335,0xe034f82650d79f66c474b95c8ac3a447deeb8188bf1b0e8d67edf5deaf1f6737,1756112753,2025-08-25T09:05:53.000Z
0xd2cfd769695400d6ca784772c5fa0f5c55024505,0x000000000000000000000000de5b54362e53ef23,58819335,0xe034f82650d79f66c474b95c8ac3a447deeb8188bf1b0e8d67edf5deaf1f6737,1756112753,2025-08-25T09:05:53.000Z
0x26b920bb612e2cf61a7128e11fcd440c74b4775b,0x00000000000000000000000096f622333b839d3d,58823669,0x36ac496487c005632d66127962d9faddfb0f6b029e83072f7221bf5bddbeaab2,1756116003,2025-08-25T10:00:03.000Z
0x26b920bb612e2cf61a7128e11fcd440c74b4775b,0x0000000000000000000000006d3609a12043389b,58823669,0x36ac496487c005632d66127962d9faddfb0f6b029e83072f7221bf5bddbeaab2,1756116003,2025-08-25T10:00:03.000Z
0x26b920bb612e2cf61a7128e11fcd440c74b4775b,0x000000000000000000000000d27ad3b5141e2b3c,58823669,0x36ac496487c005632d66127962d9faddfb0f6b029e83072f7221bf5bddbeaab2,1756116003,2025-08-25T10:00:03.000Z
0x26b920bb612e2cf61a7128e11fcd440c74b4775b,0x000000000000000000000000de5b54362e53ef23,58823669,0x36ac496487c005632d66127962d9faddfb0f6b029e83072f7221bf5bddbeaab2,1756116003,2025-08-25T10:00:03.000Z
0x9158b82074aa3ad84ce3d59b40e427fba6021c44,0x000000000000000000000000d2dd610da3363d3f,58832426,0xa13ee3208f4bd876c9e239fac80293c78045e98b29cf9ab7ab9097a369d00f0c,1756122572,2025-08-25T11:49:32.000Z
0x9158b82074aa3ad84ce3d59b40e427fba6021c44,0x0000000000000000000000001b49e177b8dfe3fe,58832426,0xa13ee3208f4bd876c9e239fac80293c78045e98b29cf9ab7ab9097a369d00f0c,1756122572,2025-08-25T11:49:32.000Z
0x9158b82074aa3ad84ce3d59b40e427fba6021c44,0x0000000000000000000000004326a4441a01a4e7,58832426,0xa13ee3208f4bd876c9e239fac80293c78045e98b29cf9ab7ab9097a369d00f0c,1756122572,2025-08-25T11:49:32.000Z
0x9158b82074aa3ad84ce3d59b40e427fba6021c44,0x000000000000000000000000de5b54362e53ef23,58832426,0xa13ee3208f4bd876c9e239fac80293c78045e98b29cf9ab7ab9097a369d00f0c,1756122572,2025-08-25T11:49:32.000Z
0x0b8ce32b7b5796531717f4cbed8f23af1c8b6b16,0x000000000000000000000000ceba129e0462c7e5,58849284,0xf31ae6b60eb5acca7388627ad1307f94011c717fdde749d74e339bf25853f224,1756135217,2025-08-25T15:20:17.000Z
0x0b8ce32b7b5796531717f4cbed8f23af1c8b6b16,0x000000000000000000000000c0db02f3b35ee917,58849284,0xf31ae6b60eb5acca7388627ad1307f94011c717fdde749d74e339bf25853f224,1756135217,2025-08-25T15:20:17.000Z
0x0b8ce32b7b5796531717f4cbed8f23af1c8b6b16,0x000000000000000000000000509aad7bc34a1474,58849284,0xf31ae6b60eb5acca7388627ad1307f94011c717fdde749d74e339bf25853f224,1756135217,2025-08-25T15:20:17.000Z
0x0b8ce32b7b5796531717f4cbed8f23af1c8b6b16,0x000000000000000000000000de5b54362e53ef23,58849284,0xf31ae6b60eb5acca7388627ad1307f94011c717fdde749d74e339bf25853f224,1756135217,2025-08-25T15:20:17.000Z
0x2356eedaea55128f268efa65975fb09598f1ff80,0x00000000000000000000000021af484ac218e322,58859729,0x21b11c3f17246a529d18847a14a6a1887ca2b3863ec986c446de1f8a52593ce3,1756143051,2025-08-25T17:30:51.000Z
0x2356eedaea55128f268efa65975fb09598f1ff80,0x000000000000000000000000a3beed4a3ec3bbd1,58859729,0x21b11c3f17246a529d18847a14a6a1887ca2b3863ec986c446de1f8a52593ce3,1756143051,2025-08-25T17:30:51.000Z
0x2356eedaea55128f268efa65975fb09598f1ff80,0x000000000000000000000000aafda259ae041fcc,58859729,0x21b11c3f17246a529d18847a14a6a1887ca2b3863ec986c446de1f8a52593ce3,1756143051,2025-08-25T17:30:51.000Z
0x2356eedaea55128f268efa65975fb09598f1ff80,0x000000000000000000000000de5b54362e53ef23,58859729,0x21b11c3f17246a529d18847a14a6a1887ca2b3863ec986c446de1f8a52593ce3,1756143051,2025-08-25T17:30:51.000Z
0x5fb24617e8a509a3cefa96e26799c3e11d41a283,0x0000000000000000000000002356eedaea55128f,58860662,0x5cf3f660d3e6905ebdd33629c20b31c11e5bab88c6d736287d176a3c1bb98638,1756143751,2025-08-25T17:42:31.000Z
0x5fb24617e8a509a3cefa96e26799c3e11d41a283,0x00000000000000000000000021af484ac218e322,58860662,0x5cf3f660d3e6905ebdd33629c20b31c11e5bab88c6d736287d176a3c1bb98638,1756143751,2025-08-25T17:42:31.000Z
0x5fb24617e8a509a3cefa96e26799c3e11d41a283,0x000000000000000000000000a3beed4a3ec3bbd1,58860662,0x5cf3f660d3e6905ebdd33629c20b31c11e5bab88c6d736287d176a3c1bb98638,1756143751,2025-08-25T17:42:31.000Z
0x5fb24617e8a509a3cefa96e26799c3e11d41a283,0x000000000000000000000000de5b54362e53ef23,58860662,0x5cf3f660d3e6905ebdd33629c20b31c11e5bab88c6d736287d176a3c1bb98638,1756143751,2025-08-25T17:42:31.000Z
0x4f6a3a0b6bec1bae0e4a4470d5e9db1862f09aaa,0x0000000000000000000000002f698712e1825375,58909245,0x8291ec004c359e890bfc9631102973ebff37e05e28fa0f048e193f20d6d4c1fa,1756180189,2025-08-26T03:49:49.000Z
0x4f6a3a0b6bec1bae0e4a4470d5e9db1862f09aaa,0x00000000000000000000000041b8b5bc0487664b,58909245,0x8291ec004c359e890bfc9631102973ebff37e05e28fa0f048e193f20d6d4c1fa,1756180189,2025-08-26T03:49:49.000Z
0x4f6a3a0b6bec1bae0e4a4470d5e9db1862f09aaa,0x000000000000000000000000f379911da5e313da,58909245,0x8291ec004c359e890bfc9631102973ebff37e05e28fa0f048e193f20d6d4c1fa,1756180189,2025-08-26T03:49:49.000Z
0x4f6a3a0b6bec1bae0e4a4470d5e9db1862f09aaa,0x000000000000000000000000de5b54362e53ef23,58909245,0x8291ec004c359e890bfc9631102973ebff37e05e28fa0f048e193f20d6d4c1fa,1756180189,2025-08-26T03:49:49.000Z
0xcb683c5f3e513925dbb0a58db95544130fd6ac13,0x000000000000000000000000afc5348925afe255,58920967,0x8dceb1e4611027fe773b87a7609cc4dfde60a78ecde299cd40a448bb4b086065,1756188980,2025-08-26T06:16:20.000Z
0xcb683c5f3e513925dbb0a58db95544130fd6ac13,0x000000000000000000000000bf0a4c6dacfccbce,58920967,0x8dceb1e4611027fe773b87a7609cc4dfde60a78ecde299cd40a448bb4b086065,1756188980,2025-08-26T06:16:20.000Z
0xcb683c5f3e513925dbb0a58db95544130fd6ac13,0x000000000000000000000000bd3a2115cd56b1c2,58920967,0x8dceb1e4611027fe773b87a7609cc4dfde60a78ecde299cd40a448bb4b086065,1756188980,2025-08-26T06:16:20.000Z
0xcb683c5f3e513925dbb0a58db95544130fd6ac13,0x000000000000000000000000de5b54362e53ef23,58920967,0x8dceb1e4611027fe773b87a7609cc4dfde60a78ecde299cd40a448bb4b086065,1756188980,2025-08-26T06:16:20.000Z
0xf8168d7b6f69d94880771d045c402e597de38575,0x000000000000000000000000ca6e0c7f0e524d41,58922705,0x786a5e63c04ffc081e6b56f2d6082a2cd431103d9abb90fb9181001c2a696560,1756190284,2025-08-26T06:38:04.000Z
0xf8168d7b6f69d94880771d045c402e597de38575,0x0000000000000000000000001b49e177b8dfe3fe,58922705,0x786a5e63c04ffc081e6b56f2d6082a2cd431103d9abb90fb9181001c2a696560,1756190284,2025-08-26T06:38:04.000Z
0xf8168d7b6f69d94880771d045c402e597de38575,0x0000000000000000000000004326a4441a01a4e7,58922705,0x786a5e63c04ffc081e6b56f2d6082a2cd431103d9abb90fb9181001c2a696560,1756190284,2025-08-26T06:38:04.000Z
0xf8168d7b6f69d94880771d045c402e597de38575,0x000000000000000000000000de5b54362e53ef23,58922705,0x786a5e63c04ffc081e6b56f2d6082a2cd431103d9abb90fb9181001c2a696560,1756190284,2025-08-26T06:38:04.000Z
0x6ee7f155cbde84cb926f0dbc887a5beaff1b3c1a,0x000000000000000000000000f8168d7b6f69d948,58923059,0x127c58269776e67825df807fb1831e65432b7c43df13d3edc610942b927f6c2f,1756190549,2025-08-26T06:42:29.000Z
0x6ee7f155cbde84cb926f0dbc887a5beaff1b3c1a,0x000000000000000000000000ca6e0c7f0e524d41,58923059,0x127c58269776e67825df807fb1831e65432b7c43df13d3edc610942b927f6c2f,1756190549,2025-08-26T06:42:29.000Z
0x6ee7f155cbde84cb926f0dbc887a5beaff1b3c1a,0x0000000000000000000000001b49e177b8dfe3fe,58923059,0x127c58269776e67825df807fb1831e65432b7c43df13d3edc610942b927f6c2f,1756190549,2025-08-26T06:42:29.000Z
0x6ee7f155cbde84cb926f0dbc887a5beaff1b3c1a,0x000000000000000000000000de5b54362e53ef23,58923059,0x127c58269776e67825df807fb1831e65432b7c43df13d3edc610942b927f6c2f,1756190549,2025-08-26T06:42:29.000Z
0xe71d4faf1203fd2ceafd17acb8db410d0d3a0a23,0x0000000000000000000000006ee7f155cbde84cb,58923261,0xb58c78ffc56827ca6fb818aaadb97b0989d20139d934e4eab6928b4d3f129cc3,1756190701,2025-08-26T06:45:01.000Z
0xe71d4faf1203fd2ceafd17acb8db410d0d3a0a23,0x000000000000000000000000f8168d7b6f69d948,58923261,0xb58c78ffc56827ca6fb818aaadb97b0989d20139d934e4eab6928b4d3f129cc3,1756190701,2025-08-26T06:45:01.000Z
0xe71d4faf1203fd2ceafd17acb8db410d0d3a0a23,0x000000000000000000000000ca6e0c7f0e524d41,58923261,0xb58c78ffc56827ca6fb818aaadb97b0989d20139d934e4eab6928b4d3f129cc3,1756190701,2025-08-26T06:45:01.000Z
0xe71d4faf1203fd2ceafd17acb8db410d0d3a0a23,0x000000000000000000000000de5b54362e53ef23,58923261,0xb58c78ffc56827ca6fb818aaadb97b0989d20139d934e4eab6928b4d3f129cc3,1756190701,2025-08-26T06:45:01.000Z
0xd898d99e8e56f42e09312fac8e254a045f895037,0x000000000000000000000000e71d4faf1203fd2c,58923369,0xa8213ab27f11c90fc8a9731e5bb5af7966f66d831077777d0116acd4dbe51968,1756190782,2025-08-26T06:46:22.000Z
0xd898d99e8e56f42e09312fac8e254a045f895037,0x0000000000000000000000006ee7f155cbde84cb,58923369,0xa8213ab27f11c90fc8a9731e5bb5af7966f66d831077777d0116acd4dbe51968,1756190782,2025-08-26T06:46:22.000Z
0xd898d99e8e56f42e09312fac8e254a045f895037,0x000000000000000000000000f8168d7b6f69d948,58923369,0xa8213ab27f11c90fc8a9731e5bb5af7966f66d831077777d0116acd4dbe51968,1756190782,2025-08-26T06:46:22.000Z
0xd898d99e8e56f42e09312fac8e254a045f895037,0x000000000000000000000000de5b54362e53ef23,58923369,0xa8213ab27f11c90fc8a9731e5bb5af7966f66d831077777d0116acd4dbe51968,1756190782,2025-08-26T06:46:22.000Z
0xcea1f73ca143d07278778e68a362f2f441f767b2,0x0000000000000000000000002a4dfc9266cd2ba0,58928542,0x5a76894e7ad1c79e0beb0ac4de1dc35f0a31b571fc44b444170f992a79e31019,1756194662,2025-08-26T07:51:02.000Z
0xcea1f73ca143d07278778e68a362f2f441f767b2,0x0000000000000000000000001b49e177b8dfe3fe,58928542,0x5a76894e7ad1c79e0beb0ac4de1dc35f0a31b571fc44b444170f992a79e31019,1756194662,2025-08-26T07:51:02.000Z
0xcea1f73ca143d07278778e68a362f2f441f767b2,0x0000000000000000000000004326a4441a01a4e7,58928542,0x5a76894e7ad1c79e0beb0ac4de1dc35f0a31b571fc44b444170f992a79e31019,1756194662,2025-08-26T07:51:02.000Z
0xcea1f73ca143d07278778e68a362f2f441f767b2,0x000000000000000000000000de5b54362e53ef23,58928542,0x5a76894e7ad1c79e0beb0ac4de1dc35f0a31b571fc44b444170f992a79e31019,1756194662,2025-08-26T07:51:02.000Z
0xcd0502de6105875f20ca6549046917453722364f,0x000000000000000000000000ceba129e0462c7e5,58941017,0xb5d9f385705f294432f241d826a01b558beec07836f15070511aa46de8a86e7a,1756204019,2025-08-26T10:26:59.000Z
0xcd0502de6105875f20ca6549046917453722364f,0x000000000000000000000000c0db02f3b35ee917,58941017,0xb5d9f385705f294432f241d826a01b558beec07836f15070511aa46de8a86e7a,1756204019,2025-08-26T10:26:59.000Z
0xcd0502de6105875f20ca6549046917453722364f,0x000000000000000000000000509aad7bc34a1474,58941017,0xb5d9f385705f294432f241d826a01b558beec07836f15070511aa46de8a86e7a,1756204019,2025-08-26T10:26:59.000Z
0xcd0502de6105875f20ca6549046917453722364f,0x000000000000000000000000de5b54362e53ef23,58941017,0xb5d9f385705f294432f241d826a01b558beec07836f15070511aa46de8a86e7a,1756204019,2025-08-26T10:26:59.000Z
0xba68a891d3c0227260d6a24176deb096e756380b,0x000000000000000000000000c87b173cc66db02c,58965369,0x298cf12e71012ac56479fb3c119aa703a0b381656f66be9c59c078e040d2a4c4,1756222285,2025-08-26T15:31:25.000Z
0xba68a891d3c0227260d6a24176deb096e756380b,0x000000000000000000000000979e49043d325a22,58965369,0x298cf12e71012ac56479fb3c119aa703a0b381656f66be9c59c078e040d2a4c4,1756222285,2025-08-26T15:31:25.000Z
0xba68a891d3c0227260d6a24176deb096e756380b,0x0000000000000000000000000fc24de6b5216b49,58965369,0x298cf12e71012ac56479fb3c119aa703a0b381656f66be9c59c078e040d2a4c4,1756222285,2025-08-26T15:31:25.000Z
0xba68a891d3c0227260d6a24176deb096e756380b,0x000000000000000000000000de5b54362e53ef23,58965369,0x298cf12e71012ac56479fb3c119aa703a0b381656f66be9c59c078e040d2a4c4,1756222285,2025-08-26T15:31:25.000Z
0x880dec6190dffd59eac884630dbf30259b04e04e,0x000000000000000000000000fb7e9dec8ae7b7be,58996185,0x4d91a74a1c989eb1c10264581f5dc4c2d22dc7b17a79a4986d90cf0055b85352,1756245398,2025-08-26T21:56:38.000Z
0x880dec6190dffd59eac884630dbf30259b04e04e,0x000000000000000000000000a46f0d0f16221e7a,58996185,0x4d91a74a1c989eb1c10264581f5dc4c2d22dc7b17a79a4986d90cf0055b85352,1756245398,2025-08-26T21:56:38.000Z
0x880dec6190dffd59eac884630dbf30259b04e04e,0x00000000000000000000000049776059b83322c5,58996185,0x4d91a74a1c989eb1c10264581f5dc4c2d22dc7b17a79a4986d90cf0055b85352,1756245398,2025-08-26T21:56:38.000Z
0x880dec6190dffd59eac884630dbf30259b04e04e,0x000000000000000000000000de5b54362e53ef23,58996185,0x4d91a74a1c989eb1c10264581f5dc4c2d22dc7b17a79a4986d90cf0055b85352,1756245398,2025-08-26T21:56:38.000Z
0xdff5485943f0fff265f8f84b22dc54e6b90fe0cc,0x000000000000000000000000880dec6190dffd59,58996415,0x4c23afbd6fdde7a6de9c9ee67d3e32ad51ee69cd90627f2718a4427ee7a53907,1756245570,2025-08-26T21:59:30.000Z
0xdff5485943f0fff265f8f84b22dc54e6b90fe0cc,0x000000000000000000000000fb7e9dec8ae7b7be,58996415,0x4c23afbd6fdde7a6de9c9ee67d3e32ad51ee69cd90627f2718a4427ee7a53907,1756245570,2025-08-26T21:59:30.000Z
0xdff5485943f0fff265f8f84b22dc54e6b90fe0cc,0x000000000000000000000000a46f0d0f16221e7a,58996415,0x4c23afbd6fdde7a6de9c9ee67d3e32ad51ee69cd90627f2718a4427ee7a53907,1756245570,2025-08-26T21:59:30.000Z
0xdff5485943f0fff265f8f84b22dc54e6b90fe0cc,0x000000000000000000000000de5b54362e53ef23,58996415,0x4c23afbd6fdde7a6de9c9ee67d3e32ad51ee69cd90627f2718a4427ee7a53907,1756245570,2025-08-26T21:59:30.000Z
0xf54e3c4a4f8e2a8c251b015aa95f81e3cbcc8a5f,0x000000000000000000000000dff5485943f0fff2,58997301,0xe5b9724f9756de144f354c34921cb27dbcc8c642a30bb81c32744ebe9a67042f,1756246235,2025-08-26T22:10:35.000Z
0xf54e3c4a4f8e2a8c251b015aa95f81e3cbcc8a5f,0x000000000000000000000000880dec6190dffd59,58997301,0xe5b9724f9756de144f354c34921cb27dbcc8c642a30bb81c32744ebe9a67042f,1756246235,2025-08-26T22:10:35.000Z
0xf54e3c4a4f8e2a8c251b015aa95f81e3cbcc8a5f,0x000000000000000000000000fb7e9dec8ae7b7be,58997301,0xe5b9724f9756de144f354c34921cb27dbcc8c642a30bb81c32744ebe9a67042f,1756246235,2025-08-26T22:10:35.000Z
0xf54e3c4a4f8e2a8c251b015aa95f81e3cbcc8a5f,0x000000000000000000000000de5b54362e53ef23,58997301,0xe5b9724f9756de144f354c34921cb27dbcc8c642a30bb81c32744ebe9a67042f,1756246235,2025-08-26T22:10:35.000Z
0xd47dec1efa8c60bcbb77586690b7ddf0cc093755,0x000000000000000000000000f54e3c4a4f8e2a8c,58997619,0x4b4f44cccfff95360940e229d0d537f3900a16ad4f31772fca611a7ce6207fff,1756246473,2025-08-26T22:14:33.000Z
0xd47dec1efa8c60bcbb77586690b7ddf0cc093755,0x000000000000000000000000dff5485943f0fff2,58997619,0x4b4f44cccfff95360940e229d0d537f3900a16ad4f31772fca611a7ce6207fff,1756246473,2025-08-26T22:14:33.000Z
0xd47dec1efa8c60bcbb77586690b7ddf0cc093755,0x000000000000000000000000880dec6190dffd59,58997619,0x4b4f44cccfff95360940e229d0d537f3900a16ad4f31772fca611a7ce6207fff,1756246473,2025-08-26T22:14:33.000Z
0xd47dec1efa8c60bcbb77586690b7ddf0cc093755,0x000000000000000000000000de5b54362e53ef23,58997619,0x4b4f44cccfff95360940e229d0d537f3900a16ad4f31772fca611a7ce6207fff,1756246473,2025-08-26T22:14:33.000Z
0x63959211dd8d8dc13ce15b9b4dbbbf667c2046b5,0x000000000000000000000000f54e3c4a4f8e2a8c,58998267,0x2d8ced167447efc2c3ef8f02f053fec31f4f56a1526aeb48f8ab3b613734dc6a,1756246959,2025-08-26T22:22:39.000Z
0x63959211dd8d8dc13ce15b9b4dbbbf667c2046b5,0x000000000000000000000000dff5485943f0fff2,58998267,0x2d8ced167447efc2c3ef8f02f053fec31f4f56a1526aeb48f8ab3b613734dc6a,1756246959,2025-08-26T22:22:39.000Z
0x63959211dd8d8dc13ce15b9b4dbbbf667c2046b5,0x000000000000000000000000880dec6190dffd59,58998267,0x2d8ced167447efc2c3ef8f02f053fec31f4f56a1526aeb48f8ab3b613734dc6a,1756246959,2025-08-26T22:22:39.000Z
0x63959211dd8d8dc13ce15b9b4dbbbf667c2046b5,0x000000000000000000000000de5b54362e53ef23,58998267,0x2d8ced167447efc2c3ef8f02f053fec31f4f56a1526aeb48f8ab3b613734dc6a,1756246959,2025-08-26T22:22:39.000Z
0x1ec0036f499e0eb01f7ef12f7bed62863d585072,0x0000000000000000000000002f698712e1825375,59029120,0x6ee0f8304a6ec26c5cf05d2a3e5062629c9a69d70f1c448c6b3474c0533c67be,1756270100,2025-08-27T04:48:20.000Z
0x1ec0036f499e0eb01f7ef12f7bed62863d585072,0x00000000000000000000000041b8b5bc0487664b,59029120,0x6ee0f8304a6ec26c5cf05d2a3e5062629c9a69d70f1c448c6b3474c0533c67be,1756270100,2025-08-27T04:48:20.000Z
0x1ec0036f499e0eb01f7ef12f7bed62863d585072,0x000000000000000000000000f379911da5e313da,59029120,0x6ee0f8304a6ec26c5cf05d2a3e5062629c9a69d70f1c448c6b3474c0533c67be,1756270100,2025-08-27T04:48:20.000Z
0x1ec0036f499e0eb01f7ef12f7bed62863d585072,0x000000000000000000000000de5b54362e53ef23,59029120,0x6ee0f8304a6ec26c5cf05d2a3e5062629c9a69d70f1c448c6b3474c0533c67be,1756270100,2025-08-27T04:48:20.000Z
0x07a22e70cf6da1342b8a818fce4c83fcae215e94,0x0000000000000000000000002f698712e1825375,59034165,0x3cbddb6934ea7908d30158f0bb5dfadd85617147433b1fa2415250fa88961741,1756273884,2025-08-27T05:51:24.000Z
0x07a22e70cf6da1342b8a818fce4c83fcae215e94,0x00000000000000000000000041b8b5bc0487664b,59034165,0x3cbddb6934ea7908d30158f0bb5dfadd85617147433b1fa2415250fa88961741,1756273884,2025-08-27T05:51:24.000Z
0x07a22e70cf6da1342b8a818fce4c83fcae215e94,0x000000000000000000000000f379911da5e313da,59034165,0x3cbddb6934ea7908d30158f0bb5dfadd85617147433b1fa2415250fa88961741,1756273884,2025-08-27T05:51:24.000Z
0x07a22e70cf6da1342b8a818fce4c83fcae215e94,0x000000000000000000000000de5b54362e53ef23,59034165,0x3cbddb6934ea7908d30158f0bb5dfadd85617147433b1fa2415250fa88961741,1756273884,2025-08-27T05:51:24.000Z
0x0a43b3014cada305586ff2ba62a90f5ca40aa808,0x000000000000000000000000cc7ba078e41a667c,59086143,0xc6bf1f3a940b2a015cc8fce07d44ad45d08bcab9259052accaffdbf409d58274,1756312870,2025-08-27T16:41:10.000Z
0x0a43b3014cada305586ff2ba62a90f5ca40aa808,0x0000000000000000000000001b49e177b8dfe3fe,59086143,0xc6bf1f3a940b2a015cc8fce07d44ad45d08bcab9259052accaffdbf409d58274,1756312870,2025-08-27T16:41:10.000Z
0x0a43b3014cada305586ff2ba62a90f5ca40aa808,0x0000000000000000000000004326a4441a01a4e7,59086143,0xc6bf1f3a940b2a015cc8fce07d44ad45d08bcab9259052accaffdbf409d58274,1756312870,2025-08-27T16:41:10.000Z
0x0a43b3014cada305586ff2ba62a90f5ca40aa808,0x000000000000000000000000de5b54362e53ef23,59086143,0xc6bf1f3a940b2a015cc8fce07d44ad45d08bcab9259052accaffdbf409d58274,1756312870,2025-08-27T16:41:10.000Z
0xce82c80b668ceb367be4f7a72e5fec07a9bc9a68,0x00000000000000000000000088ecbcc049b7d047,59125667,0x1e042c0f0ce8b39e2d86ce322896039887c475f551d1197bffa9f245eb339a10,1756342514,2025-08-28T00:55:14.000Z
0xce82c80b668ceb367be4f7a72e5fec07a9bc9a68,0x000000000000000000000000b2b98660ee73de2e,59125667,0x1e042c0f0ce8b39e2d86ce322896039887c475f551d1197bffa9f245eb339a10,1756342514,2025-08-28T00:55:14.000Z
0xce82c80b668ceb367be4f7a72e5fec07a9bc9a68,0x000000000000000000000000842cdd2a6be2452e,59125667,0x1e042c0f0ce8b39e2d86ce322896039887c475f551d1197bffa9f245eb339a10,1756342514,2025-08-28T00:55:14.000Z
0xce82c80b668ceb367be4f7a72e5fec07a9bc9a68,0x000000000000000000000000de5b54362e53ef23,59125667,0x1e042c0f0ce8b39e2d86ce322896039887c475f551d1197bffa9f245eb339a10,1756342514,2025-08-28T00:55:14.000Z
0x83c1d8839b952306fcbc462515ebe88c2c9c9af4,0x000000000000000000000000d2dd610da3363d3f,59144572,0x2c44ed1906eba789bedadc791e78132fd700f219d2e778c8230d9b9ad43ead78,1756356695,2025-08-28T04:51:35.000Z
0x83c1d8839b952306fcbc462515ebe88c2c9c9af4,0x0000000000000000000000001b49e177b8dfe3fe,59144572,0x2c44ed1906eba789bedadc791e78132fd700f219d2e778c8230d9b9ad43ead78,1756356695,2025-08-28T04:51:35.000Z
0x83c1d8839b952306fcbc462515ebe88c2c9c9af4,0x0000000000000000000000004326a4441a01a4e7,59144572,0x2c44ed1906eba789bedadc791e78132fd700f219d2e778c8230d9b9ad43ead78,1756356695,2025-08-28T04:51:35.000Z
0x83c1d8839b952306fcbc462515ebe88c2c9c9af4,0x000000000000000000000000de5b54362e53ef23,59144572,0x2c44ed1906eba789bedadc791e78132fd700f219d2e778c8230d9b9ad43ead78,1756356695,2025-08-28T04:51:35.000Z
0xd02a67538a377fce4630e02ee35064bfd72922c8,0x0000000000000000000000002f698712e1825375,59148821,0xe8a4fc2c11545cf0fbf7fd9c9a933988b9e2cbc5a398fb223f9d700dafe91a1a,1756359882,2025-08-28T05:44:42.000Z
0xd02a67538a377fce4630e02ee35064bfd72922c8,0x00000000000000000000000041b8b5bc0487664b,59148821,0xe8a4fc2c11545cf0fbf7fd9c9a933988b9e2cbc5a398fb223f9d700dafe91a1a,1756359882,2025-08-28T05:44:42.000Z
0xd02a67538a377fce4630e02ee35064bfd72922c8,0x000000000000000000000000f379911da5e313da,59148821,0xe8a4fc2c11545cf0fbf7fd9c9a933988b9e2cbc5a398fb223f9d700dafe91a1a,1756359882,2025-08-28T05:44:42.000Z
0xd02a67538a377fce4630e02ee35064bfd72922c8,0x000000000000000000000000de5b54362e53ef23,59148821,0xe8a4fc2c11545cf0fbf7fd9c9a933988b9e2cbc5a398fb223f9d700dafe91a1a,1756359882,2025-08-28T05:44:42.000Z
0xacd520ab44814897bc3397edfe2f697f017f45b2,0x0000000000000000000000006ffeb2bfc1f2c9d1,59173101,0xcbba8bea0ae0eea6022ba354eb5b3d54cb53129e75a99127697fb76c1204e84f,1756378092,2025-08-28T10:48:12.000Z
0xacd520ab44814897bc3397edfe2f697f017f45b2,0x00000000000000000000000088ecbcc049b7d047,59173101,0xcbba8bea0ae0eea6022ba354eb5b3d54cb53129e75a99127697fb76c1204e84f,1756378092,2025-08-28T10:48:12.000Z
0xacd520ab44814897bc3397edfe2f697f017f45b2,0x000000000000000000000000b2b98660ee73de2e,59173101,0xcbba8bea0ae0eea6022ba354eb5b3d54cb53129e75a99127697fb76c1204e84f,1756378092,2025-08-28T10:48:12.000Z
0xacd520ab44814897bc3397edfe2f697f017f45b2,0x000000000000000000000000de5b54362e53ef23,59173101,0xcbba8bea0ae0eea6022ba354eb5b3d54cb53129e75a99127697fb76c1204e84f,1756378092,2025-08-28T10:48:12.000Z
0x96d619d94dafcd02cd103a3a787cd0b990779004,0x0000000000000000000000000fc24de6b5216b49,59180944,0x9446739838f0cf7cb5596466188915aeecaa523b2295a4087ba7e1397b93daf4,1756383974,2025-08-28T12:26:14.000Z
0x96d619d94dafcd02cd103a3a787cd0b990779004,0x000000000000000000000000ceba129e0462c7e5,59180944,0x9446739838f0cf7cb5596466188915aeecaa523b2295a4087ba7e1397b93daf4,1756383974,2025-08-28T12:26:14.000Z
0x96d619d94dafcd02cd103a3a787cd0b990779004,0x000000000000000000000000c0db02f3b35ee917,59180944,0x9446739838f0cf7cb5596466188915aeecaa523b2295a4087ba7e1397b93daf4,1756383974,2025-08-28T12:26:14.000Z
0x96d619d94dafcd02cd103a3a787cd0b990779004,0x000000000000000000000000de5b54362e53ef23,59180944,0x9446739838f0cf7cb5596466188915aeecaa523b2295a4087ba7e1397b93daf4,1756383974,2025-08-28T12:26:14.000Z
0x9ff0ba2badbfe5a95bb5230de99acc3b0d03dc51,0x0000000000000000000000001b49e177b8dfe3fe,59182228,0xb091fad538fc44d42c155163af0e3008b058f2202a0be547806fe73626679e63,1756384937,2025-08-28T12:42:17.000Z
0x9ff0ba2badbfe5a95bb5230de99acc3b0d03dc51,0x0000000000000000000000004326a4441a01a4e7,59182228,0xb091fad538fc44d42c155163af0e3008b058f2202a0be547806fe73626679e63,1756384937,2025-08-28T12:42:17.000Z
0x9ff0ba2badbfe5a95bb5230de99acc3b0d03dc51,0x000000000000000000000000836e659a3e173a60,59182228,0xb091fad538fc44d42c155163af0e3008b058f2202a0be547806fe73626679e63,1756384937,2025-08-28T12:42:17.000Z
0x9ff0ba2badbfe5a95bb5230de99acc3b0d03dc51,0x000000000000000000000000de5b54362e53ef23,59182228,0xb091fad538fc44d42c155163af0e3008b058f2202a0be547806fe73626679e63,1756384937,2025-08-28T12:42:17.000Z
0x68b17e1d670cb7abe1ed1a2702ec5cdc7a26bbf6,0x000000000000000000000000788302f3e6b6955a,59183010,0x4fa9ba4a78e7a15041fff0575b314f8e52157904c0d0a9ff4c125a23d684391e,1756385524,2025-08-28T12:52:04.000Z
0x68b17e1d670cb7abe1ed1a2702ec5cdc7a26bbf6,0x0000000000000000000000009221dca4d23120c6,59183010,0x4fa9ba4a78e7a15041fff0575b314f8e52157904c0d0a9ff4c125a23d684391e,1756385524,2025-08-28T12:52:04.000Z
0x68b17e1d670cb7abe1ed1a2702ec5cdc7a26bbf6,0x000000000000000000000000bdcbc9404fd1d5c8,59183010,0x4fa9ba4a78e7a15041fff0575b314f8e52157904c0d0a9ff4c125a23d684391e,1756385524,2025-08-28T12:52:04.000Z
0x68b17e1d670cb7abe1ed1a2702ec5cdc7a26bbf6,0x000000000000000000000000de5b54362e53ef23,59183010,0x4fa9ba4a78e7a15041fff0575b314f8e52157904c0d0a9ff4c125a23d684391e,1756385524,2025-08-28T12:52:04.000Z
0x29ab137666b2a16491ec54ba95ef2399d6222d52,0x0000000000000000000000009ff0ba2badbfe5a9,59186741,0xf80c361dc6d9efcd8ce693729cb63414a9edfa04991d87d08d64ca360ff5403a,1756388324,2025-08-28T13:38:44.000Z
0x29ab137666b2a16491ec54ba95ef2399d6222d52,0x0000000000000000000000001b49e177b8dfe3fe,59186741,0xf80c361dc6d9efcd8ce693729cb63414a9edfa04991d87d08d64ca360ff5403a,1756388324,2025-08-28T13:38:44.000Z
0x29ab137666b2a16491ec54ba95ef2399d6222d52,0x0000000000000000000000004326a4441a01a4e7,59186741,0xf80c361dc6d9efcd8ce693729cb63414a9edfa04991d87d08d64ca360ff5403a,1756388324,2025-08-28T13:38:44.000Z
0x29ab137666b2a16491ec54ba95ef2399d6222d52,0x000000000000000000000000de5b54362e53ef23,59186741,0xf80c361dc6d9efcd8ce693729cb63414a9edfa04991d87d08d64ca360ff5403a,1756388324,2025-08-28T13:38:44.000Z
0x1921b858d1b766cbc1a555ca1058992a6405fdc1,0x000000000000000000000000fb7e9dec8ae7b7be,59189026,0x7cc8ba7237716b08dbf38b2504a9d6ea65dfa61e4e4fc926673c44529fb7b424,1756390039,2025-08-28T14:07:19.000Z
0x1921b858d1b766cbc1a555ca1058992a6405fdc1,0x000000000000000000000000a46f0d0f16221e7a,59189026,0x7cc8ba7237716b08dbf38b2504a9d6ea65dfa61e4e4fc926673c44529fb7b424,1756390039,2025-08-28T14:07:19.000Z
0x1921b858d1b766cbc1a555ca1058992a6405fdc1,0x00000000000000000000000049776059b83322c5,59189026,0x7cc8ba7237716b08dbf38b2504a9d6ea65dfa61e4e4fc926673c44529fb7b424,1756390039,2025-08-28T14:07:19.000Z
0x1921b858d1b766cbc1a555ca1058992a6405fdc1,0x000000000000000000000000de5b54362e53ef23,59189026,0x7cc8ba7237716b08dbf38b2504a9d6ea65dfa61e4e4fc926673c44529fb7b424,1756390039,2025-08-28T14:07:19.000Z
0x7002e7ca493ec02c2a78c0615cff90b7cf35b61a,0x0000000000000000000000008d66facd7673f48c,59194130,0x889216baeb9867e8b35d1f998df8435bb4849f7ab44fe8c3d3b8f3b8905fe641,1756393867,2025-08-28T15:11:07.000Z
0x7002e7ca493ec02c2a78c0615cff90b7cf35b61a,0x000000000000000000000000d2dd610da3363d3f,59194130,0x889216baeb9867e8b35d1f998df8435bb4849f7ab44fe8c3d3b8f3b8905fe641,1756393867,2025-08-28T15:11:07.000Z
0x7002e7ca493ec02c2a78c0615cff90b7cf35b61a,0x0000000000000000000000001b49e177b8dfe3fe,59194130,0x889216baeb9867e8b35d1f998df8435bb4849f7ab44fe8c3d3b8f3b8905fe641,1756393867,2025-08-28T15:11:07.000Z
0x7002e7ca493ec02c2a78c0615cff90b7cf35b61a,0x000000000000000000000000de5b54362e53ef23,59194130,0x889216baeb9867e8b35d1f998df8435bb4849f7ab44fe8c3d3b8f3b8905fe641,1756393867,2025-08-28T15:11:07.000Z
0xf9f7cb669bd61a43d367b310444480caebb53e5b,0x0000000000000000000000007002e7ca493ec02c,59194623,0x26b0e2cc61c654331e9335e30d4699ed340759f993c045ccb3ec3186fd73d4a9,1756394237,2025-08-28T15:17:17.000Z
0xf9f7cb669bd61a43d367b310444480caebb53e5b,0x0000000000000000000000008d66facd7673f48c,59194623,0x26b0e2cc61c654331e9335e30d4699ed340759f993c045ccb3ec3186fd73d4a9,1756394237,2025-08-28T15:17:17.000Z
0xf9f7cb669bd61a43d367b310444480caebb53e5b,0x000000000000000000000000d2dd610da3363d3f,59194623,0x26b0e2cc61c654331e9335e30d4699ed340759f993c045ccb3ec3186fd73d4a9,1756394237,2025-08-28T15:17:17.000Z
0xf9f7cb669bd61a43d367b310444480caebb53e5b,0x000000000000000000000000de5b54362e53ef23,59194623,0x26b0e2cc61c654331e9335e30d4699ed340759f993c045ccb3ec3186fd73d4a9,1756394237,2025-08-28T15:17:17.000Z
0xbb197684a4234a10d68ad835de71b91b6b28089a,0x00000000000000000000000013e32ee3c75de786,59205269,0x352b9a326f812aa3e9a98c0217e388bb6eaf0a208ee64904ea3ac7331a4fff71,1756402222,2025-08-28T17:30:22.000Z
0xbb197684a4234a10d68ad835de71b91b6b28089a,0x000000000000000000000000a3beed4a3ec3bbd1,59205269,0x352b9a326f812aa3e9a98c0217e388bb6eaf0a208ee64904ea3ac7331a4fff71,1756402222,2025-08-28T17:30:22.000Z
0xbb197684a4234a10d68ad835de71b91b6b28089a,0x000000000000000000000000aafda259ae041fcc,59205269,0x352b9a326f812aa3e9a98c0217e388bb6eaf0a208ee64904ea3ac7331a4fff71,1756402222,2025-08-28T17:30:22.000Z
0xbb197684a4234a10d68ad835de71b91b6b28089a,0x000000000000000000000000de5b54362e53ef23,59205269,0x352b9a326f812aa3e9a98c0217e388bb6eaf0a208ee64904ea3ac7331a4fff71,1756402222,2025-08-28T17:30:22.000Z
0x3de49fc16c199c6efee28f76cb19926b612344cb,0x000000000000000000000000b2b98660ee73de2e,59267025,0xebe44e502a93fa9c7d10db9e7fa63d85acdd8ad45fee9cdf550210df90508b3e,1756448547,2025-08-29T06:22:27.000Z
0x3de49fc16c199c6efee28f76cb19926b612344cb,0x000000000000000000000000842cdd2a6be2452e,59267025,0xebe44e502a93fa9c7d10db9e7fa63d85acdd8ad45fee9cdf550210df90508b3e,1756448547,2025-08-29T06:22:27.000Z
0x3de49fc16c199c6efee28f76cb19926b612344cb,0x000000000000000000000000eb0a38a05b4cf356,59267025,0xebe44e502a93fa9c7d10db9e7fa63d85acdd8ad45fee9cdf550210df90508b3e,1756448547,2025-08-29T06:22:27.000Z
0x3de49fc16c199c6efee28f76cb19926b612344cb,0x000000000000000000000000de5b54362e53ef23,59267025,0xebe44e502a93fa9c7d10db9e7fa63d85acdd8ad45fee9cdf550210df90508b3e,1756448547,2025-08-29T06:22:27.000Z
0x34313ad399fb3036a50af9673eb1a2261ed5fa05,0x000000000000000000000000836e659a3e173a60,59284336,0x6ff7eb473c976f0c8c1f2df9c7c0cc3fffccdf0dab99cdc5ae6f204094588fba,1756461532,2025-08-29T09:58:52.000Z
0x34313ad399fb3036a50af9673eb1a2261ed5fa05,0x000000000000000000000000d10f420f61fb8e7c,59284336,0x6ff7eb473c976f0c8c1f2df9c7c0cc3fffccdf0dab99cdc5ae6f204094588fba,1756461532,2025-08-29T09:58:52.000Z
0x34313ad399fb3036a50af9673eb1a2261ed5fa05,0x000000000000000000000000df9729e425c7e2be,59284336,0x6ff7eb473c976f0c8c1f2df9c7c0cc3fffccdf0dab99cdc5ae6f204094588fba,1756461532,2025-08-29T09:58:52.000Z
0x34313ad399fb3036a50af9673eb1a2261ed5fa05,0x000000000000000000000000de5b54362e53ef23,59284336,0x6ff7eb473c976f0c8c1f2df9c7c0cc3fffccdf0dab99cdc5ae6f204094588fba,1756461532,2025-08-29T09:58:52.000Z
0xf2ca54bc3f329fbb4e57c5b2c860c7cdafc10049,0x000000000000000000000000f54e3c4a4f8e2a8c,59391103,0xe2a1edf6dc073f6cbe12e208bc268bd561de0116bbf0eae43fb4ff92a56e8f17,1756541671,2025-08-30T08:14:31.000Z
0xf2ca54bc3f329fbb4e57c5b2c860c7cdafc10049,0x000000000000000000000000dff5485943f0fff2,59391103,0xe2a1edf6dc073f6cbe12e208bc268bd561de0116bbf0eae43fb4ff92a56e8f17,1756541671,2025-08-30T08:14:31.000Z
0xf2ca54bc3f329fbb4e57c5b2c860c7cdafc10049,0x000000000000000000000000880dec6190dffd59,59391103,0xe2a1edf6dc073f6cbe12e208bc268bd561de0116bbf0eae43fb4ff92a56e8f17,1756541671,2025-08-30T08:14:31.000Z
0xf2ca54bc3f329fbb4e57c5b2c860c7cdafc10049,0x000000000000000000000000de5b54362e53ef23,59391103,0xe2a1edf6dc073f6cbe12e208bc268bd561de0116bbf0eae43fb4ff92a56e8f17,1756541671,2025-08-30T08:14:31.000Z
0xf0a4f869dd7de8d4a6056e1719fd59fa674dfadf,0x0000000000000000000000001b49e177b8dfe3fe,59398826,0x7848b3aea6bfd63367d3644c1c67bbc7b7b4a5b361be95a6cec0ca9351df9a85,1756547466,2025-08-30T09:51:06.000Z
0xf0a4f869dd7de8d4a6056e1719fd59fa674dfadf,0x0000000000000000000000004326a4441a01a4e7,59398826,0x7848b3aea6bfd63367d3644c1c67bbc7b7b4a5b361be95a6cec0ca9351df9a85,1756547466,2025-08-30T09:51:06.000Z
0xf0a4f869dd7de8d4a6056e1719fd59fa674dfadf,0x000000000000000000000000836e659a3e173a60,59398826,0x7848b3aea6bfd63367d3644c1c67bbc7b7b4a5b361be95a6cec0ca9351df9a85,1756547466,2025-08-30T09:51:06.000Z
0xf0a4f869dd7de8d4a6056e1719fd59fa674dfadf,0x000000000000000000000000de5b54362e53ef23,59398826,0x7848b3aea6bfd63367d3644c1c67bbc7b7b4a5b361be95a6cec0ca9351df9a85,1756547466,2025-08-30T09:51:06.000Z
0xd3e11e79348ff1633af2a00f663e4db329921895,0x000000000000000000000000e594bfcf9453d71a,59421757,0x71e0bdb43e570fb0a666b3b797729fd401ad47c160e6331740be5071f05286aa,1756564667,2025-08-30T14:37:47.000Z
0xd3e11e79348ff1633af2a00f663e4db329921895,0x000000000000000000000000d10f420f61fb8e7c,59421757,0x71e0bdb43e570fb0a666b3b797729fd401ad47c160e6331740be5071f05286aa,1756564667,2025-08-30T14:37:47.000Z
0xd3e11e79348ff1633af2a00f663e4db329921895,0x000000000000000000000000df9729e425c7e2be,59421757,0x71e0bdb43e570fb0a666b3b797729fd401ad47c160e6331740be5071f05286aa,1756564667,2025-08-30T14:37:47.000Z
0xd3e11e79348ff1633af2a00f663e4db329921895,0x000000000000000000000000de5b54362e53ef23,59421757,0x71e0bdb43e570fb0a666b3b797729fd401ad47c160e6331740be5071f05286aa,1756564667,2025-08-30T14:37:47.000Z
0x381c45bd97af65c86ac89dfad0b8bf943a340e32,0x000000000000000000000000fcea48d87b522630,59512308,0xe5951419bdefdc07a268aac72de14f524da13e20facd80e0b4f83e461a0a25e7,1756632586,2025-08-31T09:29:46.000Z
0x381c45bd97af65c86ac89dfad0b8bf943a340e32,0x000000000000000000000000a3beed4a3ec3bbd1,59512308,0xe5951419bdefdc07a268aac72de14f524da13e20facd80e0b4f83e461a0a25e7,1756632586,2025-08-31T09:29:46.000Z
0x381c45bd97af65c86ac89dfad0b8bf943a340e32,0x000000000000000000000000aafda259ae041fcc,59512308,0xe5951419bdefdc07a268aac72de14f524da13e20facd80e0b4f83e461a0a25e7,1756632586,2025-08-31T09:29:46.000Z
0x381c45bd97af65c86ac89dfad0b8bf943a340e32,0x000000000000000000000000de5b54362e53ef23,59512308,0xe5951419bdefdc07a268aac72de14f524da13e20facd80e0b4f83e461a0a25e7,1756632586,2025-08-31T09:29:46.000Z
0x3146a27b3a6c4f388df3bd6377727f5250b7648e,0x000000000000000000000000fcea48d87b522630,59515867,0x0e63aba9fccc414edabad5fe65f376f33d7b25411b71368d58d02b617e468128,1756635255,2025-08-31T10:14:15.000Z
0x3146a27b3a6c4f388df3bd6377727f5250b7648e,0x000000000000000000000000a3beed4a3ec3bbd1,59515867,0x0e63aba9fccc414edabad5fe65f376f33d7b25411b71368d58d02b617e468128,1756635255,2025-08-31T10:14:15.000Z
0x3146a27b3a6c4f388df3bd6377727f5250b7648e,0x000000000000000000000000aafda259ae041fcc,59515867,0x0e63aba9fccc414edabad5fe65f376f33d7b25411b71368d58d02b617e468128,1756635255,2025-08-31T10:14:15.000Z
0x3146a27b3a6c4f388df3bd6377727f5250b7648e,0x000000000000000000000000de5b54362e53ef23,59515867,0x0e63aba9fccc414edabad5fe65f376f33d7b25411b71368d58d02b617e468128,1756635255,2025-08-31T10:14:15.000Z
0x6718d974e239d5da2c03ef03b265313b5dcde5bf,0x0000000000000000000000003de49fc16c199c6e,59519692,0xc5d65ef147f5b385442395a9835999dd5f80cf4684b3d4da49bdc666e39a7afa,1756638124,2025-08-31T11:02:04.000Z
0x6718d974e239d5da2c03ef03b265313b5dcde5bf,0x000000000000000000000000b2b98660ee73de2e,59519692,0xc5d65ef147f5b385442395a9835999dd5f80cf4684b3d4da49bdc666e39a7afa,1756638124,2025-08-31T11:02:04.000Z
0x6718d974e239d5da2c03ef03b265313b5dcde5bf,0x000000000000000000000000842cdd2a6be2452e,59519692,0xc5d65ef147f5b385442395a9835999dd5f80cf4684b3d4da49bdc666e39a7afa,1756638124,2025-08-31T11:02:04.000Z
0x6718d974e239d5da2c03ef03b265313b5dcde5bf,0x000000000000000000000000de5b54362e53ef23,59519692,0xc5d65ef147f5b385442395a9835999dd5f80cf4684b3d4da49bdc666e39a7afa,1756638124,2025-08-31T11:02:04.000Z
0xf24b97d9ca31d9accb8936ae5db07c26303c3483,0x0000000000000000000000001921b858d1b766cb,59525326,0xda8e43ade1bab031e53d2829921f2d5e943501bab6ba2c6e3328a76a5e7cf420,1756642349,2025-08-31T12:12:29.000Z
0xf24b97d9ca31d9accb8936ae5db07c26303c3483,0x000000000000000000000000fb7e9dec8ae7b7be,59525326,0xda8e43ade1bab031e53d2829921f2d5e943501bab6ba2c6e3328a76a5e7cf420,1756642349,2025-08-31T12:12:29.000Z
0xf24b97d9ca31d9accb8936ae5db07c26303c3483,0x000000000000000000000000a46f0d0f16221e7a,59525326,0xda8e43ade1bab031e53d2829921f2d5e943501bab6ba2c6e3328a76a5e7cf420,1756642349,2025-08-31T12:12:29.000Z
0xf24b97d9ca31d9accb8936ae5db07c26303c3483,0x000000000000000000000000de5b54362e53ef23,59525326,0xda8e43ade1bab031e53d2829921f2d5e943501bab6ba2c6e3328a76a5e7cf420,1756642349,2025-08-31T12:12:29.000Z
0x032c9896dd6e0534c9ddc1c58fe61b3ad90a2a93,0x000000000000000000000000dff5485943f0fff2,59525753,0x8e8940adc7912a8dad7e523d04aa8f0151e256036328cbdb6b1781545f445aca,1756642670,2025-08-31T12:17:50.000Z
0x032c9896dd6e0534c9ddc1c58fe61b3ad90a2a93,0x000000000000000000000000880dec6190dffd59,59525753,0x8e8940adc7912a8dad7e523d04aa8f0151e256036328cbdb6b1781545f445aca,1756642670,2025-08-31T12:17:50.000Z
0x032c9896dd6e0534c9ddc1c58fe61b3ad90a2a93,0x000000000000000000000000fb7e9dec8ae7b7be,59525753,0x8e8940adc7912a8dad7e523d04aa8f0151e256036328cbdb6b1781545f445aca,1756642670,2025-08-31T12:17:50.000Z
0x032c9896dd6e0534c9ddc1c58fe61b3ad90a2a93,0x000000000000000000000000de5b54362e53ef23,59525753,0x8e8940adc7912a8dad7e523d04aa8f0151e256036328cbdb6b1781545f445aca,1756642670,2025-08-31T12:17:50.000Z
0xc2b846b1ef8fa3c23390c540e598c17dbf868e97,0x000000000000000000000000a3beed4a3ec3bbd1,59537023,0xdbbf874dff081e7abeaf7777f8df96771e708be33bdc0ffd0cc114146a14fac5,1756651127,2025-08-31T14:38:47.000Z
0xc2b846b1ef8fa3c23390c540e598c17dbf868e97,0x000000000000000000000000aafda259ae041fcc,59537023,0xdbbf874dff081e7abeaf7777f8df96771e708be33bdc0ffd0cc114146a14fac5,1756651127,2025-08-31T14:38:47.000Z
0xc2b846b1ef8fa3c23390c540e598c17dbf868e97,0x0000000000000000000000004326a4441a01a4e7,59537023,0xdbbf874dff081e7abeaf7777f8df96771e708be33bdc0ffd0cc114146a14fac5,1756651127,2025-08-31T14:38:47.000Z
0xc2b846b1ef8fa3c23390c540e598c17dbf868e97,0x000000000000000000000000de5b54362e53ef23,59537023,0xdbbf874dff081e7abeaf7777f8df96771e708be33bdc0ffd0cc114146a14fac5,1756651127,2025-08-31T14:38:47.000Z
0x29f645d8ae49449480964e2eabb7e000d84a6d7d,0x0000000000000000000000002a4dfc9266cd2ba0,59538566,0x9364db702c261c0dd141f6c8654bc8ea7fbfd5371f059e4cf3a865db126429a6,1756652284,2025-08-31T14:58:04.000Z
0x29f645d8ae49449480964e2eabb7e000d84a6d7d,0x0000000000000000000000001b49e177b8dfe3fe,59538566,0x9364db702c261c0dd141f6c8654bc8ea7fbfd5371f059e4cf3a865db126429a6,1756652284,2025-08-31T14:58:04.000Z
0x29f645d8ae49449480964e2eabb7e000d84a6d7d,0x0000000000000000000000004326a4441a01a4e7,59538566,0x9364db702c261c0dd141f6c8654bc8ea7fbfd5371f059e4cf3a865db126429a6,1756652284,2025-08-31T14:58:04.000Z
0x29f645d8ae49449480964e2eabb7e000d84a6d7d,0x000000000000000000000000de5b54362e53ef23,59538566,0x9364db702c261c0dd141f6c8654bc8ea7fbfd5371f059e4cf3a865db126429a6,1756652284,2025-08-31T14:58:04.000Z
0x6bb9b3ce048bbc99ac4aec314b9bb9247120d71e,0x000000000000000000000000880dec6190dffd59,59542070,0x9cf022f5348ae1c031c3c42b9c26bf8bdd930ea9e03b775da43d1888bb1fd438,1756654912,2025-08-31T15:41:52.000Z
0x6bb9b3ce048bbc99ac4aec314b9bb9247120d71e,0x000000000000000000000000fb7e9dec8ae7b7be,59542070,0x9cf022f5348ae1c031c3c42b9c26bf8bdd930ea9e03b775da43d1888bb1fd438,1756654912,2025-08-31T15:41:52.000Z
0x6bb9b3ce048bbc99ac4aec314b9bb9247120d71e,0x000000000000000000000000a46f0d0f16221e7a,59542070,0x9cf022f5348ae1c031c3c42b9c26bf8bdd930ea9e03b775da43d1888bb1fd438,1756654912,2025-08-31T15:41:52.000Z
0x6bb9b3ce048bbc99ac4aec314b9bb9247120d71e,0x000000000000000000000000de5b54362e53ef23,59542070,0x9cf022f5348ae1c031c3c42b9c26bf8bdd930ea9e03b775da43d1888bb1fd438,1756654912,2025-08-31T15:41:52.000Z
0x195fd033be64ef323fa16bd8790055e54dcaf240,0x0000000000000000000000002356eedaea55128f,59605038,0x78562f4c415fa3e98502c3fe76ee247cd095114170ad289742d63c22c1aa0b3c,1756702237,2025-09-01T04:50:37.000Z
0x195fd033be64ef323fa16bd8790055e54dcaf240,0x00000000000000000000000021af484ac218e322,59605038,0x78562f4c415fa3e98502c3fe76ee247cd095114170ad289742d63c22c1aa0b3c,1756702237,2025-09-01T04:50:37.000Z
0x195fd033be64ef323fa16bd8790055e54dcaf240,0x000000000000000000000000a3beed4a3ec3bbd1,59605038,0x78562f4c415fa3e98502c3fe76ee247cd095114170ad289742d63c22c1aa0b3c,1756702237,2025-09-01T04:50:37.000Z
0x195fd033be64ef323fa16bd8790055e54dcaf240,0x000000000000000000000000de5b54362e53ef23,59605038,0x78562f4c415fa3e98502c3fe76ee247cd095114170ad289742d63c22c1aa0b3c,1756702237,2025-09-01T04:50:37.000Z
0x7d836366c7ebc847af56d8164b92588fb568189b,0x0000000000000000000000002f698712e1825375,59611065,0x39d965264c098f2067faa0927d14a4bf3f32ec7c843b1a2cfe18f06dc412abd9,1756706757,2025-09-01T06:05:57.000Z
0x7d836366c7ebc847af56d8164b92588fb568189b,0x00000000000000000000000041b8b5bc0487664b,59611065,0x39d965264c098f2067faa0927d14a4bf3f32ec7c843b1a2cfe18f06dc412abd9,1756706757,2025-09-01T06:05:57.000Z
0x7d836366c7ebc847af56d8164b92588fb568189b,0x000000000000000000000000f379911da5e313da,59611065,0x39d965264c098f2067faa0927d14a4bf3f32ec7c843b1a2cfe18f06dc412abd9,1756706757,2025-09-01T06:05:57.000Z
0x7d836366c7ebc847af56d8164b92588fb568189b,0x000000000000000000000000de5b54362e53ef23,59611065,0x39d965264c098f2067faa0927d14a4bf3f32ec7c843b1a2cfe18f06dc412abd9,1756706757,2025-09-01T06:05:57.000Z
0x4a8027b24393fb16930d3e9a8a19abb626df2d81,0x0000000000000000000000002f698712e1825375,59612253,0xcc8e56aeeadf1fda7b6b93098d9cb7e461528f6ad0135ad26aa1b07b6a3bbcba,1756707648,2025-09-01T06:20:48.000Z
0x4a8027b24393fb16930d3e9a8a19abb626df2d81,0x00000000000000000000000041b8b5bc0487664b,59612253,0xcc8e56aeeadf1fda7b6b93098d9cb7e461528f6ad0135ad26aa1b07b6a3bbcba,1756707648,2025-09-01T06:20:48.000Z
0x4a8027b24393fb16930d3e9a8a19abb626df2d81,0x000000000000000000000000f379911da5e313da,59612253,0xcc8e56aeeadf1fda7b6b93098d9cb7e461528f6ad0135ad26aa1b07b6a3bbcba,1756707648,2025-09-01T06:20:48.000Z
0x4a8027b24393fb16930d3e9a8a19abb626df2d81,0x000000000000000000000000de5b54362e53ef23,59612253,0xcc8e56aeeadf1fda7b6b93098d9cb7e461528f6ad0135ad26aa1b07b6a3bbcba,1756707648,2025-09-01T06:20:48.000Z
0xc64dc6771f517ea71ea1de775e50bdfd8b46555c,0x0000000000000000000000002f698712e1825375,59614238,0x9f310eb623bb7db6739a4706e0a2bc5deec46781f28d52beffc783dd05e26137,1756709137,2025-09-01T06:45:37.000Z
0xc64dc6771f517ea71ea1de775e50bdfd8b46555c,0x00000000000000000000000041b8b5bc0487664b,59614238,0x9f310eb623bb7db6739a4706e0a2bc5deec46781f28d52beffc783dd05e26137,1756709137,2025-09-01T06:45:37.000Z
0xc64dc6771f517ea71ea1de775e50bdfd8b46555c,0x000000000000000000000000f379911da5e313da,59614238,0x9f310eb623bb7db6739a4706e0a2bc5deec46781f28d52beffc783dd05e26137,1756709137,2025-09-01T06:45:37.000Z
0xc64dc6771f517ea71ea1de775e50bdfd8b46555c,0x000000000000000000000000de5b54362e53ef23,59614238,0x9f310eb623bb7db6739a4706e0a2bc5deec46781f28d52beffc783dd05e26137,1756709137,2025-09-01T06:45:37.000Z
0x934c55b9a4672c1f0b410d30eabce2f3e31255b0,0x00000000000000000000000041fa7ea2c359a2f0,59641363,0x8b51752d8b424ea46962d5156d0da78b3fec8ffa540d198b817e353f7ce82799,1756729490,2025-09-01T12:24:50.000Z
0x934c55b9a4672c1f0b410d30eabce2f3e31255b0,0x00000000000000000000000002d32f712712df82,59641363,0x8b51752d8b424ea46962d5156d0da78b3fec8ffa540d198b817e353f7ce82799,1756729490,2025-09-01T12:24:50.000Z
0x934c55b9a4672c1f0b410d30eabce2f3e31255b0,0x00000000000000000000000092d6d3fbe4067a2f,59641363,0x8b51752d8b424ea46962d5156d0da78b3fec8ffa540d198b817e353f7ce82799,1756729490,2025-09-01T12:24:50.000Z
0x934c55b9a4672c1f0b410d30eabce2f3e31255b0,0x000000000000000000000000de5b54362e53ef23,59641363,0x8b51752d8b424ea46962d5156d0da78b3fec8ffa540d198b817e353f7ce82799,1756729490,2025-09-01T12:24:50.000Z
0xbd0b4d216af09b764e0c9121f5ba862a3c7a5282,0x000000000000000000000000dff5485943f0fff2,59648285,0x62fd2f758ee089d76d383f5ae5ec93879bb20b16580da9313fbb32b284a25cbb,1756734681,2025-09-01T13:51:21.000Z
0xbd0b4d216af09b764e0c9121f5ba862a3c7a5282,0x000000000000000000000000880dec6190dffd59,59648285,0x62fd2f758ee089d76d383f5ae5ec93879bb20b16580da9313fbb32b284a25cbb,1756734681,2025-09-01T13:51:21.000Z
0xbd0b4d216af09b764e0c9121f5ba862a3c7a5282,0x000000000000000000000000fb7e9dec8ae7b7be,59648285,0x62fd2f758ee089d76d383f5ae5ec93879bb20b16580da9313fbb32b284a25cbb,1756734681,2025-09-01T13:51:21.000Z
0xbd0b4d216af09b764e0c9121f5ba862a3c7a5282,0x000000000000000000000000de5b54362e53ef23,59648285,0x62fd2f758ee089d76d383f5ae5ec93879bb20b16580da9313fbb32b284a25cbb,1756734681,2025-09-01T13:51:21.000Z
0xe0249e33a554c3baac3d7029b04a42abe10d5bc6,0x00000000000000000000000029ab137666b2a164,59653466,0x04449c22e722f1c6deb4193182895c1387b9bcc076ed43444b92d72e3679d0dd,1756738568,2025-09-01T14:56:08.000Z
0xe0249e33a554c3baac3d7029b04a42abe10d5bc6,0x0000000000000000000000009ff0ba2badbfe5a9,59653466,0x04449c22e722f1c6deb4193182895c1387b9bcc076ed43444b92d72e3679d0dd,1756738568,2025-09-01T14:56:08.000Z
0xe0249e33a554c3baac3d7029b04a42abe10d5bc6,0x0000000000000000000000001b49e177b8dfe3fe,59653466,0x04449c22e722f1c6deb4193182895c1387b9bcc076ed43444b92d72e3679d0dd,1756738568,2025-09-01T14:56:08.000Z
0xe0249e33a554c3baac3d7029b04a42abe10d5bc6,0x000000000000000000000000de5b54362e53ef23,59653466,0x04449c22e722f1c6deb4193182895c1387b9bcc076ed43444b92d72e3679d0dd,1756738568,2025-09-01T14:56:08.000Z
0x94b9f233ce05a096a0baa1874d41d80d3c914a50,0x0000000000000000000000002f698712e1825375,59659714,0xe4435b9d3cd8798ea45c08f572b77327384c0f862aadaa28454b9e7fe3d9c7b7,1756743254,2025-09-01T16:14:14.000Z
0x94b9f233ce05a096a0baa1874d41d80d3c914a50,0x00000000000000000000000041b8b5bc0487664b,59659714,0xe4435b9d3cd8798ea45c08f572b77327384c0f862aadaa28454b9e7fe3d9c7b7,1756743254,2025-09-01T16:14:14.000Z
0x94b9f233ce05a096a0baa1874d41d80d3c914a50,0x000000000000000000000000f379911da5e313da,59659714,0xe4435b9d3cd8798ea45c08f572b77327384c0f862aadaa28454b9e7fe3d9c7b7,1756743254,2025-09-01T16:14:14.000Z
0x94b9f233ce05a096a0baa1874d41d80d3c914a50,0x000000000000000000000000de5b54362e53ef23,59659714,0xe4435b9d3cd8798ea45c08f572b77327384c0f862aadaa28454b9e7fe3d9c7b7,1756743254,2025-09-01T16:14:14.000Z
0xc286e233acf47c08c1b2d00118d69598411b6502,0x000000000000000000000000bd0b4d216af09b76,59666585,0x894d9cf8687838e85f0fe5b0dd707b4ddcf8086c481b5dfdd79a753508c3cf68,1756748407,2025-09-01T17:40:07.000Z
0xc286e233acf47c08c1b2d00118d69598411b6502,0x000000000000000000000000dff5485943f0fff2,59666585,0x894d9cf8687838e85f0fe5b0dd707b4ddcf8086c481b5dfdd79a753508c3cf68,1756748407,2025-09-01T17:40:07.000Z
0xc286e233acf47c08c1b2d00118d69598411b6502,0x000000000000000000000000880dec6190dffd59,59666585,0x894d9cf8687838e85f0fe5b0dd707b4ddcf8086c481b5dfdd79a753508c3cf68,1756748407,2025-09-01T17:40:07.000Z
0xc286e233acf47c08c1b2d00118d69598411b6502,0x000000000000000000000000de5b54362e53ef23,59666585,0x894d9cf8687838e85f0fe5b0dd707b4ddcf8086c481b5dfdd79a753508c3cf68,1756748407,2025-09-01T17:40:07.000Z
0x4efe9a2b56ae85c15070ab8333b5f659b09598cc,0x000000000000000000000000bd0b4d216af09b76,59670250,0x1ca02d819cab9fabe65ab5d7beafe79d98bb573cdc45b96567bc02244457fa0d,1756751156,2025-09-01T18:25:56.000Z
0x4efe9a2b56ae85c15070ab8333b5f659b09598cc,0x000000000000000000000000dff5485943f0fff2,59670250,0x1ca02d819cab9fabe65ab5d7beafe79d98bb573cdc45b96567bc02244457fa0d,1756751156,2025-09-01T18:25:56.000Z
0x4efe9a2b56ae85c15070ab8333b5f659b09598cc,0x000000000000000000000000880dec6190dffd59,59670250,0x1ca02d819cab9fabe65ab5d7beafe79d98bb573cdc45b96567bc02244457fa0d,1756751156,2025-09-01T18:25:56.000Z
0x4efe9a2b56ae85c15070ab8333b5f659b09598cc,0x000000000000000000000000de5b54362e53ef23,59670250,0x1ca02d819cab9fabe65ab5d7beafe79d98bb573cdc45b96567bc02244457fa0d,1756751156,2025-09-01T18:25:56.000Z
0xf51f37d0de572e4d3b514842dcffce3d34d384a8,0x000000000000000000000000bd0b4d216af09b76,59672863,0x7e9d0de66e5255ef24e1fa729b43ef450e95b96e024c3b1f93bfbb79ea880fee,1756753116,2025-09-01T18:58:36.000Z
0xf51f37d0de572e4d3b514842dcffce3d34d384a8,0x000000000000000000000000dff5485943f0fff2,59672863,0x7e9d0de66e5255ef24e1fa729b43ef450e95b96e024c3b1f93bfbb79ea880fee,1756753116,2025-09-01T18:58:36.000Z
0xf51f37d0de572e4d3b514842dcffce3d34d384a8,0x000000000000000000000000880dec6190dffd59,59672863,0x7e9d0de66e5255ef24e1fa729b43ef450e95b96e024c3b1f93bfbb79ea880fee,1756753116,2025-09-01T18:58:36.000Z
0xf51f37d0de572e4d3b514842dcffce3d34d384a8,0x000000000000000000000000de5b54362e53ef23,59672863,0x7e9d0de66e5255ef24e1fa729b43ef450e95b96e024c3b1f93bfbb79ea880fee,1756753116,2025-09-01T18:58:36.000Z
0x4cf5ab2d060a0e96729e781d014bc7def63275e8,0x0000000000000000000000003de49fc16c199c6e,59748349,0x0f21ea7a114e93657b605a6a76bd30d8ffba9454e329235608fd21deb4d1d8c9,1756809736,2025-09-02T10:42:16.000Z
0x4cf5ab2d060a0e96729e781d014bc7def63275e8,0x000000000000000000000000b2b98660ee73de2e,59748349,0x0f21ea7a114e93657b605a6a76bd30d8ffba9454e329235608fd21deb4d1d8c9,1756809736,2025-09-02T10:42:16.000Z
0x4cf5ab2d060a0e96729e781d014bc7def63275e8,0x000000000000000000000000842cdd2a6be2452e,59748349,0x0f21ea7a114e93657b605a6a76bd30d8ffba9454e329235608fd21deb4d1d8c9,1756809736,2025-09-02T10:42:16.000Z
0x4cf5ab2d060a0e96729e781d014bc7def63275e8,0x000000000000000000000000de5b54362e53ef23,59748349,0x0f21ea7a114e93657b605a6a76bd30d8ffba9454e329235608fd21deb4d1d8c9,1756809736,2025-09-02T10:42:16.000Z
0x70404402ec99c53d9c91006d59fe4cdf4ba63fc3,0x0000000000000000000000003de49fc16c199c6e,59752126,0x3970cc0b34601c4f9887c9e9236a17efd53f4d16e67e201bf0e7e6f855073a05,1756812569,2025-09-02T11:29:29.000Z
0x70404402ec99c53d9c91006d59fe4cdf4ba63fc3,0x000000000000000000000000b2b98660ee73de2e,59752126,0x3970cc0b34601c4f9887c9e9236a17efd53f4d16e67e201bf0e7e6f855073a05,1756812569,2025-09-02T11:29:29.000Z
0x70404402ec99c53d9c91006d59fe4cdf4ba63fc3,0x000000000000000000000000842cdd2a6be2452e,59752126,0x3970cc0b34601c4f9887c9e9236a17efd53f4d16e67e201bf0e7e6f855073a05,1756812569,2025-09-02T11:29:29.000Z
0x70404402ec99c53d9c91006d59fe4cdf4ba63fc3,0x000000000000000000000000de5b54362e53ef23,59752126,0x3970cc0b34601c4f9887c9e9236a17efd53f4d16e67e201bf0e7e6f855073a05,1756812569,2025-09-02T11:29:29.000Z
0x5618ff9c7ea050995d54cf87d176854fd44cac18,0x0000000000000000000000000b8ce32b7b579653,59772111,0x91210bc78896820e6dab0d46faea07ad61795b1986b2fea50db5c3e6a72e109f,1756827559,2025-09-02T15:39:19.000Z
0x5618ff9c7ea050995d54cf87d176854fd44cac18,0x000000000000000000000000ceba129e0462c7e5,59772111,0x91210bc78896820e6dab0d46faea07ad61795b1986b2fea50db5c3e6a72e109f,1756827559,2025-09-02T15:39:19.000Z
0x5618ff9c7ea050995d54cf87d176854fd44cac18,0x000000000000000000000000c0db02f3b35ee917,59772111,0x91210bc78896820e6dab0d46faea07ad61795b1986b2fea50db5c3e6a72e109f,1756827559,2025-09-02T15:39:19.000Z
0x5618ff9c7ea050995d54cf87d176854fd44cac18,0x000000000000000000000000de5b54362e53ef23,59772111,0x91210bc78896820e6dab0d46faea07ad61795b1986b2fea50db5c3e6a72e109f,1756827559,2025-09-02T15:39:19.000Z
0x178e171eeed6ace7aacdf8a8d09ddec684bb789d,0x0000000000000000000000005618ff9c7ea05099,59772775,0xf3bd4ca28b186f9bad8569f0c60ad97ad6392d0073934bb75691d4d96839346e,1756828058,2025-09-02T15:47:38.000Z
0x178e171eeed6ace7aacdf8a8d09ddec684bb789d,0x0000000000000000000000000b8ce32b7b579653,59772775,0xf3bd4ca28b186f9bad8569f0c60ad97ad6392d0073934bb75691d4d96839346e,1756828058,2025-09-02T15:47:38.000Z
0x178e171eeed6ace7aacdf8a8d09ddec684bb789d,0x000000000000000000000000ceba129e0462c7e5,59772775,0xf3bd4ca28b186f9bad8569f0c60ad97ad6392d0073934bb75691d4d96839346e,1756828058,2025-09-02T15:47:38.000Z
0x178e171eeed6ace7aacdf8a8d09ddec684bb789d,0x000000000000000000000000de5b54362e53ef23,59772775,0xf3bd4ca28b186f9bad8569f0c60ad97ad6392d0073934bb75691d4d96839346e,1756828058,2025-09-02T15:47:38.000Z
0x3b8612a14cec696cc3330c66b28b79b1c3a51aea,0x0000000000000000000000005618ff9c7ea05099,59773461,0x48b8b364d5793718cbcbbcc1ea35f6ee13224a0cc1bce7fdc8ca9faba77125f8,1756828572,2025-09-02T15:56:12.000Z
0x3b8612a14cec696cc3330c66b28b79b1c3a51aea,0x0000000000000000000000000b8ce32b7b579653,59773461,0x48b8b364d5793718cbcbbcc1ea35f6ee13224a0cc1bce7fdc8ca9faba77125f8,1756828572,2025-09-02T15:56:12.000Z
0x3b8612a14cec696cc3330c66b28b79b1c3a51aea,0x000000000000000000000000ceba129e0462c7e5,59773461,0x48b8b364d5793718cbcbbcc1ea35f6ee13224a0cc1bce7fdc8ca9faba77125f8,1756828572,2025-09-02T15:56:12.000Z
0x3b8612a14cec696cc3330c66b28b79b1c3a51aea,0x000000000000000000000000de5b54362e53ef23,59773461,0x48b8b364d5793718cbcbbcc1ea35f6ee13224a0cc1bce7fdc8ca9faba77125f8,1756828572,2025-09-02T15:56:12.000Z
0x0dcd94808ffc7ce5660f1de7a43ee6133ff376c4,0x0000000000000000000000005618ff9c7ea05099,59774275,0xbf3bbcb657099d69bc5489deb12f698b23fa6776f4d81e566047f4dbf4bf2621,1756829183,2025-09-02T16:06:23.000Z
0x0dcd94808ffc7ce5660f1de7a43ee6133ff376c4,0x0000000000000000000000000b8ce32b7b579653,59774275,0xbf3bbcb657099d69bc5489deb12f698b23fa6776f4d81e566047f4dbf4bf2621,1756829183,2025-09-02T16:06:23.000Z
0x0dcd94808ffc7ce5660f1de7a43ee6133ff376c4,0x000000000000000000000000ceba129e0462c7e5,59774275,0xbf3bbcb657099d69bc5489deb12f698b23fa6776f4d81e566047f4dbf4bf2621,1756829183,2025-09-02T16:06:23.000Z
0x0dcd94808ffc7ce5660f1de7a43ee6133ff376c4,0x000000000000000000000000de5b54362e53ef23,59774275,0xbf3bbcb657099d69bc5489deb12f698b23fa6776f4d81e566047f4dbf4bf2621,1756829183,2025-09-02T16:06:23.000Z
0x3204c4a7c9a5f37b0d568788705331e5ef8458a1,0x000000000000000000000000178e171eeed6ace7,59775817,0x610eee9305d98f81d6d9374514618f28625fb40a541331244d55ac4cb45ae573,1756830340,2025-09-02T16:25:40.000Z
0x3204c4a7c9a5f37b0d568788705331e5ef8458a1,0x0000000000000000000000005618ff9c7ea05099,59775817,0x610eee9305d98f81d6d9374514618f28625fb40a541331244d55ac4cb45ae573,1756830340,2025-09-02T16:25:40.000Z
0x3204c4a7c9a5f37b0d568788705331e5ef8458a1,0x0000000000000000000000000b8ce32b7b579653,59775817,0x610eee9305d98f81d6d9374514618f28625fb40a541331244d55ac4cb45ae573,1756830340,2025-09-02T16:25:40.000Z
0x3204c4a7c9a5f37b0d568788705331e5ef8458a1,0x000000000000000000000000de5b54362e53ef23,59775817,0x610eee9305d98f81d6d9374514618f28625fb40a541331244d55ac4cb45ae573,1756830340,2025-09-02T16:25:40.000Z
0x65d3073427adef8d3cc8e85ffcb8080e786c7033,0x0000000000000000000000003de49fc16c199c6e,59838469,0x4670a14f3ae801e011cd68806a3077044156dfa39f0dfca011d7b8d95bc03f40,1756877334,2025-09-03T05:28:54.000Z
0x65d3073427adef8d3cc8e85ffcb8080e786c7033,0x000000000000000000000000b2b98660ee73de2e,59838469,0x4670a14f3ae801e011cd68806a3077044156dfa39f0dfca011d7b8d95bc03f40,1756877334,2025-09-03T05:28:54.000Z
0x65d3073427adef8d3cc8e85ffcb8080e786c7033,0x000000000000000000000000842cdd2a6be2452e,59838469,0x4670a14f3ae801e011cd68806a3077044156dfa39f0dfca011d7b8d95bc03f40,1756877334,2025-09-03T05:28:54.000Z
0x65d3073427adef8d3cc8e85ffcb8080e786c7033,0x000000000000000000000000de5b54362e53ef23,59838469,0x4670a14f3ae801e011cd68806a3077044156dfa39f0dfca011d7b8d95bc03f40,1756877334,2025-09-03T05:28:54.000Z
0xa1f000b1ff0b1111d1168d1c19b8a98a9c77fa2c,0x0000000000000000000000007d836366c7ebc847,59844978,0xb9ba841ef54af2233467d1e00e83c9368b4117668aa99001aad7aedf7da61ad6,1756882216,2025-09-03T06:50:16.000Z
0xa1f000b1ff0b1111d1168d1c19b8a98a9c77fa2c,0x0000000000000000000000002f698712e1825375,59844978,0xb9ba841ef54af2233467d1e00e83c9368b4117668aa99001aad7aedf7da61ad6,1756882216,2025-09-03T06:50:16.000Z
0xa1f000b1ff0b1111d1168d1c19b8a98a9c77fa2c,0x00000000000000000000000041b8b5bc0487664b,59844978,0xb9ba841ef54af2233467d1e00e83c9368b4117668aa99001aad7aedf7da61ad6,1756882216,2025-09-03T06:50:16.000Z
0xa1f000b1ff0b1111d1168d1c19b8a98a9c77fa2c,0x000000000000000000000000de5b54362e53ef23,59844978,0xb9ba841ef54af2233467d1e00e83c9368b4117668aa99001aad7aedf7da61ad6,1756882216,2025-09-03T06:50:16.000Z
0x9fd963d11fe88bb8ce4bf376814e13c2dbfea303,0x00000000000000000000000029ab137666b2a164,59847743,0x4e6175d812dae8cd0aa913ca61a775f095969b9016b87b8f4c5b4c2db6563353,1756884290,2025-09-03T07:24:50.000Z
0x9fd963d11fe88bb8ce4bf376814e13c2dbfea303,0x0000000000000000000000009ff0ba2badbfe5a9,59847743,0x4e6175d812dae8cd0aa913ca61a775f095969b9016b87b8f4c5b4c2db6563353,1756884290,2025-09-03T07:24:50.000Z
0x9fd963d11fe88bb8ce4bf376814e13c2dbfea303,0x0000000000000000000000001b49e177b8dfe3fe,59847743,0x4e6175d812dae8cd0aa913ca61a775f095969b9016b87b8f4c5b4c2db6563353,1756884290,2025-09-03T07:24:50.000Z
0x9fd963d11fe88bb8ce4bf376814e13c2dbfea303,0x000000000000000000000000de5b54362e53ef23,59847743,0x4e6175d812dae8cd0aa913ca61a775f095969b9016b87b8f4c5b4c2db6563353,1756884290,2025-09-03T07:24:50.000Z
0xf9501bf6876e64569643b4dc3fd32ca0c9dfa924,0x0000000000000000000000009ff0ba2badbfe5a9,59855125,0xd968c3cd1776a03de63b263d38114c53c5fdaba996e26d8b0546087cbb036cb3,1756889827,2025-09-03T08:57:07.000Z
0xf9501bf6876e64569643b4dc3fd32ca0c9dfa924,0x0000000000000000000000001b49e177b8dfe3fe,59855125,0xd968c3cd1776a03de63b263d38114c53c5fdaba996e26d8b0546087cbb036cb3,1756889827,2025-09-03T08:57:07.000Z
0xf9501bf6876e64569643b4dc3fd32ca0c9dfa924,0x0000000000000000000000004326a4441a01a4e7,59855125,0xd968c3cd1776a03de63b263d38114c53c5fdaba996e26d8b0546087cbb036cb3,1756889827,2025-09-03T08:57:07.000Z
0xf9501bf6876e64569643b4dc3fd32ca0c9dfa924,0x000000000000000000000000de5b54362e53ef23,59855125,0xd968c3cd1776a03de63b263d38114c53c5fdaba996e26d8b0546087cbb036cb3,1756889827,2025-09-03T08:57:07.000Z
0x2d67f38a56ca845ee58c207be0e3d870a8fa3c6a,0x0000000000000000000000001b49e177b8dfe3fe,59871176,0x71e5e09b26d33095197f68c3be6dca61067dad926d48c6a229713aa9c8eecf90,1756901866,2025-09-03T12:17:46.000Z
0x2d67f38a56ca845ee58c207be0e3d870a8fa3c6a,0x0000000000000000000000004326a4441a01a4e7,59871176,0x71e5e09b26d33095197f68c3be6dca61067dad926d48c6a229713aa9c8eecf90,1756901866,2025-09-03T12:17:46.000Z
0x2d67f38a56ca845ee58c207be0e3d870a8fa3c6a,0x000000000000000000000000836e659a3e173a60,59871176,0x71e5e09b26d33095197f68c3be6dca61067dad926d48c6a229713aa9c8eecf90,1756901866,2025-09-03T12:17:46.000Z
0x2d67f38a56ca845ee58c207be0e3d870a8fa3c6a,0x000000000000000000000000de5b54362e53ef23,59871176,0x71e5e09b26d33095197f68c3be6dca61067dad926d48c6a229713aa9c8eecf90,1756901866,2025-09-03T12:17:46.000Z
0x5cb0a2f1d9e76c8ae57f9fb3860b2d969b707b2e,0x0000000000000000000000001b49e177b8dfe3fe,59871182,0xbb312ad4d5402e400c639e7e4fa889b3c568b1c8b0202289a96b566e2a6dfe21,1756901870,2025-09-03T12:17:50.000Z
0x5cb0a2f1d9e76c8ae57f9fb3860b2d969b707b2e,0x0000000000000000000000004326a4441a01a4e7,59871182,0xbb312ad4d5402e400c639e7e4fa889b3c568b1c8b0202289a96b566e2a6dfe21,1756901870,2025-09-03T12:17:50.000Z
0x5cb0a2f1d9e76c8ae57f9fb3860b2d969b707b2e,0x000000000000000000000000836e659a3e173a60,59871182,0xbb312ad4d5402e400c639e7e4fa889b3c568b1c8b0202289a96b566e2a6dfe21,1756901870,2025-09-03T12:17:50.000Z
0x5cb0a2f1d9e76c8ae57f9fb3860b2d969b707b2e,0x000000000000000000000000de5b54362e53ef23,59871182,0xbb312ad4d5402e400c639e7e4fa889b3c568b1c8b0202289a96b566e2a6dfe21,1756901870,2025-09-03T12:17:50.000Z
0xc2bf2fa99f67c9d4d1f7620fde4f9e8fd5ef094b,0x0000000000000000000000002d67f38a56ca845e,59871684,0x5ad401c46bfa2821c040f205cdad4d6ee4e0085478e8f92e832540ee4a02ce74,1756902247,2025-09-03T12:24:07.000Z
0xc2bf2fa99f67c9d4d1f7620fde4f9e8fd5ef094b,0x0000000000000000000000001b49e177b8dfe3fe,59871684,0x5ad401c46bfa2821c040f205cdad4d6ee4e0085478e8f92e832540ee4a02ce74,1756902247,2025-09-03T12:24:07.000Z
0xc2bf2fa99f67c9d4d1f7620fde4f9e8fd5ef094b,0x0000000000000000000000004326a4441a01a4e7,59871684,0x5ad401c46bfa2821c040f205cdad4d6ee4e0085478e8f92e832540ee4a02ce74,1756902247,2025-09-03T12:24:07.000Z
0xc2bf2fa99f67c9d4d1f7620fde4f9e8fd5ef094b,0x000000000000000000000000de5b54362e53ef23,59871684,0x5ad401c46bfa2821c040f205cdad4d6ee4e0085478e8f92e832540ee4a02ce74,1756902247,2025-09-03T12:24:07.000Z
0xb7143e3c2dfd5aaa3d0edd8e706fe16decb6de29,0x000000000000000000000000107bb14cc71a278e,59873407,0xfcca04674e2bd2af911190ca857790bf859922f13b1681674bd71fce5e32c4b2,1756903539,2025-09-03T12:45:39.000Z
0xb7143e3c2dfd5aaa3d0edd8e706fe16decb6de29,0x00000000000000000000000092d6d3fbe4067a2f,59873407,0xfcca04674e2bd2af911190ca857790bf859922f13b1681674bd71fce5e32c4b2,1756903539,2025-09-03T12:45:39.000Z
0xb7143e3c2dfd5aaa3d0edd8e706fe16decb6de29,0x0000000000000000000000008d66facd7673f48c,59873407,0xfcca04674e2bd2af911190ca857790bf859922f13b1681674bd71fce5e32c4b2,1756903539,2025-09-03T12:45:39.000Z
0xb7143e3c2dfd5aaa3d0edd8e706fe16decb6de29,0x000000000000000000000000de5b54362e53ef23,59873407,0xfcca04674e2bd2af911190ca857790bf859922f13b1681674bd71fce5e32c4b2,1756903539,2025-09-03T12:45:39.000Z
0x3bc14d065b8dd49f955ee78a2b69c4a58631fb52,0x00000000000000000000000029ab137666b2a164,59881193,0x969d3be9ac206fc28dd38ecaeb967093880b0f274cb641161d09ef83ff663982,1756909380,2025-09-03T14:23:00.000Z
0x3bc14d065b8dd49f955ee78a2b69c4a58631fb52,0x0000000000000000000000009ff0ba2badbfe5a9,59881193,0x969d3be9ac206fc28dd38ecaeb967093880b0f274cb641161d09ef83ff663982,1756909380,2025-09-03T14:23:00.000Z
0x3bc14d065b8dd49f955ee78a2b69c4a58631fb52,0x0000000000000000000000001b49e177b8dfe3fe,59881193,0x969d3be9ac206fc28dd38ecaeb967093880b0f274cb641161d09ef83ff663982,1756909380,2025-09-03T14:23:00.000Z
0x3bc14d065b8dd49f955ee78a2b69c4a58631fb52,0x000000000000000000000000de5b54362e53ef23,59881193,0x969d3be9ac206fc28dd38ecaeb967093880b0f274cb641161d09ef83ff663982,1756909380,2025-09-03T14:23:00.000Z
0xcc459c4556da0158210bf25c459e6ffc0f71c23e,0x00000000000000000000000083c1d8839b952306,59885535,0xc58c10375dcca81a2c7867e7d326b59981f94ae7d1a4d125b24963df1bfcd46a,1756912637,2025-09-03T15:17:17.000Z
0xcc459c4556da0158210bf25c459e6ffc0f71c23e,0x000000000000000000000000d2dd610da3363d3f,59885535,0xc58c10375dcca81a2c7867e7d326b59981f94ae7d1a4d125b24963df1bfcd46a,1756912637,2025-09-03T15:17:17.000Z
0xcc459c4556da0158210bf25c459e6ffc0f71c23e,0x0000000000000000000000001b49e177b8dfe3fe,59885535,0xc58c10375dcca81a2c7867e7d326b59981f94ae7d1a4d125b24963df1bfcd46a,1756912637,2025-09-03T15:17:17.000Z
0xcc459c4556da0158210bf25c459e6ffc0f71c23e,0x000000000000000000000000de5b54362e53ef23,59885535,0xc58c10375dcca81a2c7867e7d326b59981f94ae7d1a4d125b24963df1bfcd46a,1756912637,2025-09-03T15:17:17.000Z
0x55637ce8fe40a33324badb2ddab4b078d43ca2e2,0x00000000000000000000000065d3073427adef8d,59889737,0xc90f5352ead19e371948c75d9362ee850d11a3101574e64d1286e6d785d820b3,1756915788,2025-09-03T16:09:48.000Z
0x55637ce8fe40a33324badb2ddab4b078d43ca2e2,0x0000000000000000000000003de49fc16c199c6e,59889737,0xc90f5352ead19e371948c75d9362ee850d11a3101574e64d1286e6d785d820b3,1756915788,2025-09-03T16:09:48.000Z
0x55637ce8fe40a33324badb2ddab4b078d43ca2e2,0x000000000000000000000000b2b98660ee73de2e,59889737,0xc90f5352ead19e371948c75d9362ee850d11a3101574e64d1286e6d785d820b3,1756915788,2025-09-03T16:09:48.000Z
0x55637ce8fe40a33324badb2ddab4b078d43ca2e2,0x000000000000000000000000de5b54362e53ef23,59889737,0xc90f5352ead19e371948c75d9362ee850d11a3101574e64d1286e6d785d820b3,1756915788,2025-09-03T16:09:48.000Z
0x279a65d436ef3884cc57d13023b24e6a8e6603fe,0x000000000000000000000000ba68a891d3c02272,59901931,0x6790b5639b69a5655c716788ee6a3ad017ebc0d5853b921ebcb57a5bcead1f63,1756924934,2025-09-03T18:42:14.000Z
0x279a65d436ef3884cc57d13023b24e6a8e6603fe,0x000000000000000000000000c87b173cc66db02c,59901931,0x6790b5639b69a5655c716788ee6a3ad017ebc0d5853b921ebcb57a5bcead1f63,1756924934,2025-09-03T18:42:14.000Z
0x279a65d436ef3884cc57d13023b24e6a8e6603fe,0x000000000000000000000000979e49043d325a22,59901931,0x6790b5639b69a5655c716788ee6a3ad017ebc0d5853b921ebcb57a5bcead1f63,1756924934,2025-09-03T18:42:14.000Z
0x279a65d436ef3884cc57d13023b24e6a8e6603fe,0x000000000000000000000000de5b54362e53ef23,59901931,0x6790b5639b69a5655c716788ee6a3ad017ebc0d5853b921ebcb57a5bcead1f63,1756924934,2025-09-03T18:42:14.000Z
0x291e67a26d26036dda9c0507a4a0bd9fa54a453e,0x000000000000000000000000a3beed4a3ec3bbd1,59952606,0x650fefb7ee78e396f476a8d5b63f97f142a06f56c9817db1bf0213a8907cfd4a,1756962943,2025-09-04T05:15:43.000Z
0x291e67a26d26036dda9c0507a4a0bd9fa54a453e,0x000000000000000000000000aafda259ae041fcc,59952606,0x650fefb7ee78e396f476a8d5b63f97f142a06f56c9817db1bf0213a8907cfd4a,1756962943,2025-09-04T05:15:43.000Z
0x291e67a26d26036dda9c0507a4a0bd9fa54a453e,0x0000000000000000000000004326a4441a01a4e7,59952606,0x650fefb7ee78e396f476a8d5b63f97f142a06f56c9817db1bf0213a8907cfd4a,1756962943,2025-09-04T05:15:43.000Z
0x291e67a26d26036dda9c0507a4a0bd9fa54a453e,0x000000000000000000000000de5b54362e53ef23,59952606,0x650fefb7ee78e396f476a8d5b63f97f142a06f56c9817db1bf0213a8907cfd4a,1756962943,2025-09-04T05:15:43.000Z
0xa3edbdcb3a63a18eb0134bea73a1d4b448e1b6e8,0x0000000000000000000000002f698712e1825375,59961398,0xefe1b9e17ceaf3916939e4710c755c53a456492821fc287eab40277a518da36c,1756969538,2025-09-04T07:05:38.000Z
0xa3edbdcb3a63a18eb0134bea73a1d4b448e1b6e8,0x00000000000000000000000041b8b5bc0487664b,59961398,0xefe1b9e17ceaf3916939e4710c755c53a456492821fc287eab40277a518da36c,1756969538,2025-09-04T07:05:38.000Z
0xa3edbdcb3a63a18eb0134bea73a1d4b448e1b6e8,0x000000000000000000000000f379911da5e313da,59961398,0xefe1b9e17ceaf3916939e4710c755c53a456492821fc287eab40277a518da36c,1756969538,2025-09-04T07:05:38.000Z
0xa3edbdcb3a63a18eb0134bea73a1d4b448e1b6e8,0x000000000000000000000000de5b54362e53ef23,59961398,0xefe1b9e17ceaf3916939e4710c755c53a456492821fc287eab40277a518da36c,1756969538,2025-09-04T07:05:38.000Z
0x612b5a4a1cc1502fff6074af01761ebf257bcfd1,0x00000000000000000000000088ecbcc049b7d047,59973794,0x4efcc7c51ac0068a6096107933b66ded00cbc7c1f184ff79aa15673070f4541f,1756978837,2025-09-04T09:40:37.000Z
0x612b5a4a1cc1502fff6074af01761ebf257bcfd1,0x000000000000000000000000b2b98660ee73de2e,59973794,0x4efcc7c51ac0068a6096107933b66ded00cbc7c1f184ff79aa15673070f4541f,1756978837,2025-09-04T09:40:37.000Z
0x612b5a4a1cc1502fff6074af01761ebf257bcfd1,0x000000000000000000000000842cdd2a6be2452e,59973794,0x4efcc7c51ac0068a6096107933b66ded00cbc7c1f184ff79aa15673070f4541f,1756978837,2025-09-04T09:40:37.000Z
0x612b5a4a1cc1502fff6074af01761ebf257bcfd1,0x000000000000000000000000de5b54362e53ef23,59973794,0x4efcc7c51ac0068a6096107933b66ded00cbc7c1f184ff79aa15673070f4541f,1756978837,2025-09-04T09:40:37.000Z
0x17f3a77d860cf6a177ca73727e456c3ec8d0cf80,0x00000000000000000000000088ecbcc049b7d047,59981395,0x8c7a9eeb9b128a5c1dae48764e56cfc7944d0a04d8716d52e84b66f35fdf23db,1756984538,2025-09-04T11:15:38.000Z
0x17f3a77d860cf6a177ca73727e456c3ec8d0cf80,0x000000000000000000000000b2b98660ee73de2e,59981395,0x8c7a9eeb9b128a5c1dae48764e56cfc7944d0a04d8716d52e84b66f35fdf23db,1756984538,2025-09-04T11:15:38.000Z
0x17f3a77d860cf6a177ca73727e456c3ec8d0cf80,0x000000000000000000000000842cdd2a6be2452e,59981395,0x8c7a9eeb9b128a5c1dae48764e56cfc7944d0a04d8716d52e84b66f35fdf23db,1756984538,2025-09-04T11:15:38.000Z
0x17f3a77d860cf6a177ca73727e456c3ec8d0cf80,0x000000000000000000000000de5b54362e53ef23,59981395,0x8c7a9eeb9b128a5c1dae48764e56cfc7944d0a04d8716d52e84b66f35fdf23db,1756984538,2025-09-04T11:15:38.000Z
0xd930fafbc5d9727e7be70d23d2a7adf45946bdba,0x0000000000000000000000009ff0ba2badbfe5a9,60011419,0x8a2d1d8939a9cf50627adcecc4394d1233239e3e81568c77dd1067fddc28c8cc,1757007060,2025-09-04T17:31:00.000Z
0xd930fafbc5d9727e7be70d23d2a7adf45946bdba,0x0000000000000000000000001b49e177b8dfe3fe,60011419,0x8a2d1d8939a9cf50627adcecc4394d1233239e3e81568c77dd1067fddc28c8cc,1757007060,2025-09-04T17:31:00.000Z
0xd930fafbc5d9727e7be70d23d2a7adf45946bdba,0x0000000000000000000000004326a4441a01a4e7,60011419,0x8a2d1d8939a9cf50627adcecc4394d1233239e3e81568c77dd1067fddc28c8cc,1757007060,2025-09-04T17:31:00.000Z
0xd930fafbc5d9727e7be70d23d2a7adf45946bdba,0x000000000000000000000000de5b54362e53ef23,60011419,0x8a2d1d8939a9cf50627adcecc4394d1233239e3e81568c77dd1067fddc28c8cc,1757007060,2025-09-04T17:31:00.000Z
0xafc732c5dc5bee6b7f822313cc1e0ff1b68072e5,0x000000000000000000000000e0249e33a554c3ba,60074386,0x8879bf22bab19c918a06573258ee56bd4b3b692208d21249ebef2c4d34df6cde,1757054295,2025-09-05T06:38:15.000Z
0xafc732c5dc5bee6b7f822313cc1e0ff1b68072e5,0x00000000000000000000000029ab137666b2a164,60074386,0x8879bf22bab19c918a06573258ee56bd4b3b692208d21249ebef2c4d34df6cde,1757054295,2025-09-05T06:38:15.000Z
0xafc732c5dc5bee6b7f822313cc1e0ff1b68072e5,0x0000000000000000000000009ff0ba2badbfe5a9,60074386,0x8879bf22bab19c918a06573258ee56bd4b3b692208d21249ebef2c4d34df6cde,1757054295,2025-09-05T06:38:15.000Z
0xafc732c5dc5bee6b7f822313cc1e0ff1b68072e5,0x000000000000000000000000de5b54362e53ef23,60074386,0x8879bf22bab19c918a06573258ee56bd4b3b692208d21249ebef2c4d34df6cde,1757054295,2025-09-05T06:38:15.000Z
0xbd9aa978864bedb606e26dbf737816eb7a309b19,0x000000000000000000000000b2b98660ee73de2e,60075210,0x3944362a312c4d2d2b0edab7d3d92fb63f9d486c6e68cc8d3c2d80929a56f23e,1757054913,2025-09-05T06:48:33.000Z
0xbd9aa978864bedb606e26dbf737816eb7a309b19,0x000000000000000000000000842cdd2a6be2452e,60075210,0x3944362a312c4d2d2b0edab7d3d92fb63f9d486c6e68cc8d3c2d80929a56f23e,1757054913,2025-09-05T06:48:33.000Z
0xbd9aa978864bedb606e26dbf737816eb7a309b19,0x000000000000000000000000eb0a38a05b4cf356,60075210,0x3944362a312c4d2d2b0edab7d3d92fb63f9d486c6e68cc8d3c2d80929a56f23e,1757054913,2025-09-05T06:48:33.000Z
0xbd9aa978864bedb606e26dbf737816eb7a309b19,0x000000000000000000000000de5b54362e53ef23,60075210,0x3944362a312c4d2d2b0edab7d3d92fb63f9d486c6e68cc8d3c2d80929a56f23e,1757054913,2025-09-05T06:48:33.000Z
0x52e24a9d2a271619504b1a355511375342904e48,0x0000000000000000000000001b49e177b8dfe3fe,60087206,0xc5ce72e398f33d8a8b7e7c7ad79fc9d593a2afec5e3ca6302c513029367fc802,1757063911,2025-09-05T09:18:31.000Z
0x52e24a9d2a271619504b1a355511375342904e48,0x0000000000000000000000004326a4441a01a4e7,60087206,0xc5ce72e398f33d8a8b7e7c7ad79fc9d593a2afec5e3ca6302c513029367fc802,1757063911,2025-09-05T09:18:31.000Z
0x52e24a9d2a271619504b1a355511375342904e48,0x000000000000000000000000836e659a3e173a60,60087206,0xc5ce72e398f33d8a8b7e7c7ad79fc9d593a2afec5e3ca6302c513029367fc802,1757063911,2025-09-05T09:18:31.000Z
0x52e24a9d2a271619504b1a355511375342904e48,0x000000000000000000000000de5b54362e53ef23,60087206,0xc5ce72e398f33d8a8b7e7c7ad79fc9d593a2afec5e3ca6302c513029367fc802,1757063911,2025-09-05T09:18:31.000Z
0xc524f0a38953851459f85da1335c7776e328eccd,0x00000000000000000000000088ecbcc049b7d047,60097670,0x394b142f7454bd6fe2a023e8ce5e2941d8d69eab9cc83b026f6e30dedd9be986,1757071759,2025-09-05T11:29:19.000Z
0xc524f0a38953851459f85da1335c7776e328eccd,0x000000000000000000000000b2b98660ee73de2e,60097670,0x394b142f7454bd6fe2a023e8ce5e2941d8d69eab9cc83b026f6e30dedd9be986,1757071759,2025-09-05T11:29:19.000Z
0xc524f0a38953851459f85da1335c7776e328eccd,0x000000000000000000000000842cdd2a6be2452e,60097670,0x394b142f7454bd6fe2a023e8ce5e2941d8d69eab9cc83b026f6e30dedd9be986,1757071759,2025-09-05T11:29:19.000Z
0xc524f0a38953851459f85da1335c7776e328eccd,0x000000000000000000000000de5b54362e53ef23,60097670,0x394b142f7454bd6fe2a023e8ce5e2941d8d69eab9cc83b026f6e30dedd9be986,1757071759,2025-09-05T11:29:19.000Z
0x00be4b4474d9e20bf315bd7152fff2f2115071bc,0x000000000000000000000000979e49043d325a22,60120322,0x9c738a1d30951a4e56a2860ae29aa9ac090f60107ec6df070a53537a9753d031,1757088750,2025-09-05T16:12:30.000Z
0x00be4b4474d9e20bf315bd7152fff2f2115071bc,0x0000000000000000000000000fc24de6b5216b49,60120322,0x9c738a1d30951a4e56a2860ae29aa9ac090f60107ec6df070a53537a9753d031,1757088750,2025-09-05T16:12:30.000Z
0x00be4b4474d9e20bf315bd7152fff2f2115071bc,0x000000000000000000000000ceba129e0462c7e5,60120322,0x9c738a1d30951a4e56a2860ae29aa9ac090f60107ec6df070a53537a9753d031,1757088750,2025-09-05T16:12:30.000Z
0x00be4b4474d9e20bf315bd7152fff2f2115071bc,0x000000000000000000000000de5b54362e53ef23,60120322,0x9c738a1d30951a4e56a2860ae29aa9ac090f60107ec6df070a53537a9753d031,1757088750,2025-09-05T16:12:30.000Z
0x30c871bb2ac686bcd742fcc6110cc34236e973c1,0x00000000000000000000000088ecbcc049b7d047,60124040,0x39bf638009fd273b0703459ca156d50bd362c02d5c69236e38ec453585257f73,1757091539,2025-09-05T16:58:59.000Z
0x30c871bb2ac686bcd742fcc6110cc34236e973c1,0x000000000000000000000000b2b98660ee73de2e,60124040,0x39bf638009fd273b0703459ca156d50bd362c02d5c69236e38ec453585257f73,1757091539,2025-09-05T16:58:59.000Z
0x30c871bb2ac686bcd742fcc6110cc34236e973c1,0x000000000000000000000000842cdd2a6be2452e,60124040,0x39bf638009fd273b0703459ca156d50bd362c02d5c69236e38ec453585257f73,1757091539,2025-09-05T16:58:59.000Z
0x30c871bb2ac686bcd742fcc6110cc34236e973c1,0x000000000000000000000000de5b54362e53ef23,60124040,0x39bf638009fd273b0703459ca156d50bd362c02d5c69236e38ec453585257f73,1757091539,2025-09-05T16:58:59.000Z
0x9897ed84a98589524738d05d9fb131666450c388,0x000000000000000000000000f51f37d0de572e4d,60145861,0x2209f35964e765bff73d6a612c1e3760b90d30d7d2b951b9915e1ab3b453d8f9,1757107904,2025-09-05T21:31:44.000Z
0x9897ed84a98589524738d05d9fb131666450c388,0x000000000000000000000000bd0b4d216af09b76,60145861,0x2209f35964e765bff73d6a612c1e3760b90d30d7d2b951b9915e1ab3b453d8f9,1757107904,2025-09-05T21:31:44.000Z
0x9897ed84a98589524738d05d9fb131666450c388,0x000000000000000000000000dff5485943f0fff2,60145861,0x2209f35964e765bff73d6a612c1e3760b90d30d7d2b951b9915e1ab3b453d8f9,1757107904,2025-09-05T21:31:44.000Z
0x9897ed84a98589524738d05d9fb131666450c388,0x000000000000000000000000de5b54362e53ef23,60145861,0x2209f35964e765bff73d6a612c1e3760b90d30d7d2b951b9915e1ab3b453d8f9,1757107904,2025-09-05T21:31:44.000Z
0xf098dc9f04521000ed2f313f51265fff4315047c,0x0000000000000000000000006ffeb2bfc1f2c9d1,60169327,0x84bdfb47ba3ce0d7d1303f04683b1d0a00af2c4a38545cc9fffb8ad3c3b58390,1757125505,2025-09-06T02:25:05.000Z
0xf098dc9f04521000ed2f313f51265fff4315047c,0x00000000000000000000000088ecbcc049b7d047,60169327,0x84bdfb47ba3ce0d7d1303f04683b1d0a00af2c4a38545cc9fffb8ad3c3b58390,1757125505,2025-09-06T02:25:05.000Z
0xf098dc9f04521000ed2f313f51265fff4315047c,0x000000000000000000000000b2b98660ee73de2e,60169327,0x84bdfb47ba3ce0d7d1303f04683b1d0a00af2c4a38545cc9fffb8ad3c3b58390,1757125505,2025-09-06T02:25:05.000Z
0xf098dc9f04521000ed2f313f51265fff4315047c,0x000000000000000000000000de5b54362e53ef23,60169327,0x84bdfb47ba3ce0d7d1303f04683b1d0a00af2c4a38545cc9fffb8ad3c3b58390,1757125505,2025-09-06T02:25:05.000Z
0xb60af681667e5c6ee88bfffdcbcece1b2033b939,0x0000000000000000000000000c9035a4fc1a773b,60186585,0xd87f7a21b1613ed2c5cc912f3f342bfc46f062c6267221983c5997f4512e50fc,1757138449,2025-09-06T06:00:49.000Z
0xb60af681667e5c6ee88bfffdcbcece1b2033b939,0x0000000000000000000000001b49e177b8dfe3fe,60186585,0xd87f7a21b1613ed2c5cc912f3f342bfc46f062c6267221983c5997f4512e50fc,1757138449,2025-09-06T06:00:49.000Z
0xb60af681667e5c6ee88bfffdcbcece1b2033b939,0x0000000000000000000000004326a4441a01a4e7,60186585,0xd87f7a21b1613ed2c5cc912f3f342bfc46f062c6267221983c5997f4512e50fc,1757138449,2025-09-06T06:00:49.000Z
0xb60af681667e5c6ee88bfffdcbcece1b2033b939,0x000000000000000000000000de5b54362e53ef23,60186585,0xd87f7a21b1613ed2c5cc912f3f342bfc46f062c6267221983c5997f4512e50fc,1757138449,2025-09-06T06:00:49.000Z
0x524ad71c5d57ad6256672f5f501d2f9b2aa0ccff,0x000000000000000000000000195fd033be64ef32,60186979,0x7d43c8eeb4ca7327ee3761f62b97ff3907e72a52330e896302efdefa276e4e42,1757138745,2025-09-06T06:05:45.000Z
0x524ad71c5d57ad6256672f5f501d2f9b2aa0ccff,0x0000000000000000000000002356eedaea55128f,60186979,0x7d43c8eeb4ca7327ee3761f62b97ff3907e72a52330e896302efdefa276e4e42,1757138745,2025-09-06T06:05:45.000Z
0x524ad71c5d57ad6256672f5f501d2f9b2aa0ccff,0x00000000000000000000000021af484ac218e322,60186979,0x7d43c8eeb4ca7327ee3761f62b97ff3907e72a52330e896302efdefa276e4e42,1757138745,2025-09-06T06:05:45.000Z
0x524ad71c5d57ad6256672f5f501d2f9b2aa0ccff,0x000000000000000000000000de5b54362e53ef23,60186979,0x7d43c8eeb4ca7327ee3761f62b97ff3907e72a52330e896302efdefa276e4e42,1757138745,2025-09-06T06:05:45.000Z
0x629cf4a3dce2b82efb3f918bd74506c164798373,0x00000000000000000000000041fa7ea2c359a2f0,60196973,0xd0e0f090a985cd9bf64a9656e7dd4f9461ebc8400032140d34c7e9fbac3cc228,1757146241,2025-09-06T08:10:41.000Z
0x629cf4a3dce2b82efb3f918bd74506c164798373,0x00000000000000000000000002d32f712712df82,60196973,0xd0e0f090a985cd9bf64a9656e7dd4f9461ebc8400032140d34c7e9fbac3cc228,1757146241,2025-09-06T08:10:41.000Z
0x629cf4a3dce2b82efb3f918bd74506c164798373,0x00000000000000000000000092d6d3fbe4067a2f,60196973,0xd0e0f090a985cd9bf64a9656e7dd4f9461ebc8400032140d34c7e9fbac3cc228,1757146241,2025-09-06T08:10:41.000Z
0x629cf4a3dce2b82efb3f918bd74506c164798373,0x000000000000000000000000de5b54362e53ef23,60196973,0xd0e0f090a985cd9bf64a9656e7dd4f9461ebc8400032140d34c7e9fbac3cc228,1757146241,2025-09-06T08:10:41.000Z
0xb5f42362baa439658ffda7429de737f0c45949e7,0x00000000000000000000000041fa7ea2c359a2f0,60197368,0x88d611c5e9120ca9c17cf8ad1c1950324f8d2569e1eebb7823fe4c932594f394,1757146538,2025-09-06T08:15:38.000Z
0xb5f42362baa439658ffda7429de737f0c45949e7,0x00000000000000000000000002d32f712712df82,60197368,0x88d611c5e9120ca9c17cf8ad1c1950324f8d2569e1eebb7823fe4c932594f394,1757146538,2025-09-06T08:15:38.000Z
0xb5f42362baa439658ffda7429de737f0c45949e7,0x00000000000000000000000092d6d3fbe4067a2f,60197368,0x88d611c5e9120ca9c17cf8ad1c1950324f8d2569e1eebb7823fe4c932594f394,1757146538,2025-09-06T08:15:38.000Z
0xb5f42362baa439658ffda7429de737f0c45949e7,0x000000000000000000000000de5b54362e53ef23,60197368,0x88d611c5e9120ca9c17cf8ad1c1950324f8d2569e1eebb7823fe4c932594f394,1757146538,2025-09-06T08:15:38.000Z
0xee59fb4bfdfe0dc090ef89f4f81662b255fe3136,0x00000000000000000000000088ecbcc049b7d047,60215752,0x210857c9ffc612750e1f744adbc71565d4a37c67a5a24dc0169c84e996f07531,1757160327,2025-09-06T12:05:27.000Z
0xee59fb4bfdfe0dc090ef89f4f81662b255fe3136,0x000000000000000000000000b2b98660ee73de2e,60215752,0x210857c9ffc612750e1f744adbc71565d4a37c67a5a24dc0169c84e996f07531,1757160327,2025-09-06T12:05:27.000Z
0xee59fb4bfdfe0dc090ef89f4f81662b255fe3136,0x000000000000000000000000842cdd2a6be2452e,60215752,0x210857c9ffc612750e1f744adbc71565d4a37c67a5a24dc0169c84e996f07531,1757160327,2025-09-06T12:05:27.000Z
0xee59fb4bfdfe0dc090ef89f4f81662b255fe3136,0x000000000000000000000000de5b54362e53ef23,60215752,0x210857c9ffc612750e1f744adbc71565d4a37c67a5a24dc0169c84e996f07531,1757160327,2025-09-06T12:05:27.000Z
0xc0fcbb01a32b5e6b789c71cb96763f839f03f82a,0x000000000000000000000000629cf4a3dce2b82e,60236738,0x77c330ec7c5b61bd3ce17a04c5d1a271f1205a7d7e7db00fb284ee820068aa37,1757176068,2025-09-06T16:27:48.000Z
0xc0fcbb01a32b5e6b789c71cb96763f839f03f82a,0x00000000000000000000000041fa7ea2c359a2f0,60236738,0x77c330ec7c5b61bd3ce17a04c5d1a271f1205a7d7e7db00fb284ee820068aa37,1757176068,2025-09-06T16:27:48.000Z
0xc0fcbb01a32b5e6b789c71cb96763f839f03f82a,0x00000000000000000000000002d32f712712df82,60236738,0x77c330ec7c5b61bd3ce17a04c5d1a271f1205a7d7e7db00fb284ee820068aa37,1757176068,2025-09-06T16:27:48.000Z
0xc0fcbb01a32b5e6b789c71cb96763f839f03f82a,0x000000000000000000000000de5b54362e53ef23,60236738,0x77c330ec7c5b61bd3ce17a04c5d1a271f1205a7d7e7db00fb284ee820068aa37,1757176068,2025-09-06T16:27:48.000Z
0x03901b80eef5a9ed12ecf5974420e85bdc773323,0x00000000000000000000000068b17e1d670cb7ab,60432254,0x78ba097a0c331e91496102084199a107b371005c436c3bf7bbb6e976c415a68d,1757322729,2025-09-08T09:12:09.000Z
0x03901b80eef5a9ed12ecf5974420e85bdc773323,0x000000000000000000000000788302f3e6b6955a,60432254,0x78ba097a0c331e91496102084199a107b371005c436c3bf7bbb6e976c415a68d,1757322729,2025-09-08T09:12:09.000Z
0x03901b80eef5a9ed12ecf5974420e85bdc773323,0x0000000000000000000000009221dca4d23120c6,60432254,0x78ba097a0c331e91496102084199a107b371005c436c3bf7bbb6e976c415a68d,1757322729,2025-09-08T09:12:09.000Z
0x03901b80eef5a9ed12ecf5974420e85bdc773323,0x000000000000000000000000de5b54362e53ef23,60432254,0x78ba097a0c331e91496102084199a107b371005c436c3bf7bbb6e976c415a68d,1757322729,2025-09-08T09:12:09.000Z
0x23d8bb991fc1edb1be105f26076937384a1eae36,0x0000000000000000000000006ffeb2bfc1f2c9d1,60434376,0x9dace13e074b541d59f579d0de1a865a0a3f1ba771e79d9b813137a97a0ec4e1,1757324320,2025-09-08T09:38:40.000Z
0x23d8bb991fc1edb1be105f26076937384a1eae36,0x00000000000000000000000088ecbcc049b7d047,60434376,0x9dace13e074b541d59f579d0de1a865a0a3f1ba771e79d9b813137a97a0ec4e1,1757324320,2025-09-08T09:38:40.000Z
0x23d8bb991fc1edb1be105f26076937384a1eae36,0x000000000000000000000000b2b98660ee73de2e,60434376,0x9dace13e074b541d59f579d0de1a865a0a3f1ba771e79d9b813137a97a0ec4e1,1757324320,2025-09-08T09:38:40.000Z
0x23d8bb991fc1edb1be105f26076937384a1eae36,0x000000000000000000000000de5b54362e53ef23,60434376,0x9dace13e074b541d59f579d0de1a865a0a3f1ba771e79d9b813137a97a0ec4e1,1757324320,2025-09-08T09:38:40.000Z
0xe20876db2e981f5b961f88505b9f98c82c8c6b22,0x000000000000000000000000c352463c8174920d,60442721,0x44d6bf6d00ced6a458b499e4475d9f5257e1b0bfa202091aadb1414040161468,1757330580,2025-09-08T11:23:00.000Z
0xe20876db2e981f5b961f88505b9f98c82c8c6b22,0x0000000000000000000000004fc4b98950db0f04,60442721,0x44d6bf6d00ced6a458b499e4475d9f5257e1b0bfa202091aadb1414040161468,1757330580,2025-09-08T11:23:00.000Z
0xe20876db2e981f5b961f88505b9f98c82c8c6b22,0x0000000000000000000000001b49e177b8dfe3fe,60442721,0x44d6bf6d00ced6a458b499e4475d9f5257e1b0bfa202091aadb1414040161468,1757330580,2025-09-08T11:23:00.000Z
0xe20876db2e981f5b961f88505b9f98c82c8c6b22,0x000000000000000000000000de5b54362e53ef23,60442721,0x44d6bf6d00ced6a458b499e4475d9f5257e1b0bfa202091aadb1414040161468,1757330580,2025-09-08T11:23:00.000Z
0xda7706d0f2d7c9e19a03df7367de4a22c438b781,0x00000000000000000000000023d8bb991fc1edb1,60469162,0x34a2bbb865234543b0e57947fe5be7692f0e0db34fa15110e4b471ccde71e2a9,1757350414,2025-09-08T16:53:34.000Z
0xda7706d0f2d7c9e19a03df7367de4a22c438b781,0x0000000000000000000000006ffeb2bfc1f2c9d1,60469162,0x34a2bbb865234543b0e57947fe5be7692f0e0db34fa15110e4b471ccde71e2a9,1757350414,2025-09-08T16:53:34.000Z
0xda7706d0f2d7c9e19a03df7367de4a22c438b781,0x00000000000000000000000088ecbcc049b7d047,60469162,0x34a2bbb865234543b0e57947fe5be7692f0e0db34fa15110e4b471ccde71e2a9,1757350414,2025-09-08T16:53:34.000Z
0xda7706d0f2d7c9e19a03df7367de4a22c438b781,0x000000000000000000000000de5b54362e53ef23,60469162,0x34a2bbb865234543b0e57947fe5be7692f0e0db34fa15110e4b471ccde71e2a9,1757350414,2025-09-08T16:53:34.000Z
0x9e027cedcdeacd4045f23ad44f4d445d6d1a39ce,0x000000000000000000000000da7706d0f2d7c9e1,60470793,0x369dea23ad6c6a6154dc7f1570e5ec521ad5d1cfd9cd4d6d67b75f0fb0dda9e1,1757351638,2025-09-08T17:13:58.000Z
0x9e027cedcdeacd4045f23ad44f4d445d6d1a39ce,0x00000000000000000000000023d8bb991fc1edb1,60470793,0x369dea23ad6c6a6154dc7f1570e5ec521ad5d1cfd9cd4d6d67b75f0fb0dda9e1,1757351638,2025-09-08T17:13:58.000Z
0x9e027cedcdeacd4045f23ad44f4d445d6d1a39ce,0x0000000000000000000000006ffeb2bfc1f2c9d1,60470793,0x369dea23ad6c6a6154dc7f1570e5ec521ad5d1cfd9cd4d6d67b75f0fb0dda9e1,1757351638,2025-09-08T17:13:58.000Z
0x9e027cedcdeacd4045f23ad44f4d445d6d1a39ce,0x000000000000000000000000de5b54362e53ef23,60470793,0x369dea23ad6c6a6154dc7f1570e5ec521ad5d1cfd9cd4d6d67b75f0fb0dda9e1,1757351638,2025-09-08T17:13:58.000Z
0xe8335b66c509dbec37410a9821c8f6887723b5ab,0x000000000000000000000000ba68a891d3c02272,60473504,0x532f45b9185c584437eeb72b5017e60a657d243650e01a1b92ff62bccc7cee6f,1757353671,2025-09-08T17:47:51.000Z
0xe8335b66c509dbec37410a9821c8f6887723b5ab,0x000000000000000000000000c87b173cc66db02c,60473504,0x532f45b9185c584437eeb72b5017e60a657d243650e01a1b92ff62bccc7cee6f,1757353671,2025-09-08T17:47:51.000Z
0xe8335b66c509dbec37410a9821c8f6887723b5ab,0x000000000000000000000000979e49043d325a22,60473504,0x532f45b9185c584437eeb72b5017e60a657d243650e01a1b92ff62bccc7cee6f,1757353671,2025-09-08T17:47:51.000Z
0xe8335b66c509dbec37410a9821c8f6887723b5ab,0x000000000000000000000000de5b54362e53ef23,60473504,0x532f45b9185c584437eeb72b5017e60a657d243650e01a1b92ff62bccc7cee6f,1757353671,2025-09-08T17:47:51.000Z
0x5921f86f610951652ce6c1e4f3de20153af37767,0x00000000000000000000000092d6d3fbe4067a2f,60473817,0xb5a1718d3149eb732e96e6756e6f1480cdb7b210319b1337c358d720cc07c72a,1757353906,2025-09-08T17:51:46.000Z
0x5921f86f610951652ce6c1e4f3de20153af37767,0x0000000000000000000000008d66facd7673f48c,60473817,0xb5a1718d3149eb732e96e6756e6f1480cdb7b210319b1337c358d720cc07c72a,1757353906,2025-09-08T17:51:46.000Z
0x5921f86f610951652ce6c1e4f3de20153af37767,0x000000000000000000000000d2dd610da3363d3f,60473817,0xb5a1718d3149eb732e96e6756e6f1480cdb7b210319b1337c358d720cc07c72a,1757353906,2025-09-08T17:51:46.000Z
0x5921f86f610951652ce6c1e4f3de20153af37767,0x000000000000000000000000de5b54362e53ef23,60473817,0xb5a1718d3149eb732e96e6756e6f1480cdb7b210319b1337c358d720cc07c72a,1757353906,2025-09-08T17:51:46.000Z
0xd9f0d11cc3cc9af999ddf67bee203d120b71d743,0x0000000000000000000000008d66facd7673f48c,60548205,0x0e5fd9bbe32f1d682ad889af68c856f3cc6747db5cf9d515059fed8d003d14d7,1757409707,2025-09-09T09:21:47.000Z
0xd9f0d11cc3cc9af999ddf67bee203d120b71d743,0x000000000000000000000000d2dd610da3363d3f,60548205,0x0e5fd9bbe32f1d682ad889af68c856f3cc6747db5cf9d515059fed8d003d14d7,1757409707,2025-09-09T09:21:47.000Z
0xd9f0d11cc3cc9af999ddf67bee203d120b71d743,0x0000000000000000000000001b49e177b8dfe3fe,60548205,0x0e5fd9bbe32f1d682ad889af68c856f3cc6747db5cf9d515059fed8d003d14d7,1757409707,2025-09-09T09:21:47.000Z
0xd9f0d11cc3cc9af999ddf67bee203d120b71d743,0x000000000000000000000000de5b54362e53ef23,60548205,0x0e5fd9bbe32f1d682ad889af68c856f3cc6747db5cf9d515059fed8d003d14d7,1757409707,2025-09-09T09:21:47.000Z
0x994939ae5be7e0f690bd62c864aab36b9a379691,0x000000000000000000000000f6775af9cf985c10,60557340,0xd15a469a8cb130fda0e0b75405101d04e3589f32015ee248028354d9d2c5958c,1757416559,2025-09-09T11:15:59.000Z
0x994939ae5be7e0f690bd62c864aab36b9a379691,0x00000000000000000000000088ecbcc049b7d047,60557340,0xd15a469a8cb130fda0e0b75405101d04e3589f32015ee248028354d9d2c5958c,1757416559,2025-09-09T11:15:59.000Z
0x994939ae5be7e0f690bd62c864aab36b9a379691,0x000000000000000000000000b2b98660ee73de2e,60557340,0xd15a469a8cb130fda0e0b75405101d04e3589f32015ee248028354d9d2c5958c,1757416559,2025-09-09T11:15:59.000Z
0x994939ae5be7e0f690bd62c864aab36b9a379691,0x000000000000000000000000de5b54362e53ef23,60557340,0xd15a469a8cb130fda0e0b75405101d04e3589f32015ee248028354d9d2c5958c,1757416559,2025-09-09T11:15:59.000Z
0xd1c542f73036489ed72b21342107a33928771b7b,0x000000000000000000000000c524f0a389538514,60558181,0xf370f135e38a36c2f0c37ba3047515a395b2eef324e3181515565bc5f7870a2b,1757417190,2025-09-09T11:26:30.000Z
0xd1c542f73036489ed72b21342107a33928771b7b,0x00000000000000000000000088ecbcc049b7d047,60558181,0xf370f135e38a36c2f0c37ba3047515a395b2eef324e3181515565bc5f7870a2b,1757417190,2025-09-09T11:26:30.000Z
0xd1c542f73036489ed72b21342107a33928771b7b,0x000000000000000000000000b2b98660ee73de2e,60558181,0xf370f135e38a36c2f0c37ba3047515a395b2eef324e3181515565bc5f7870a2b,1757417190,2025-09-09T11:26:30.000Z
0xd1c542f73036489ed72b21342107a33928771b7b,0x000000000000000000000000de5b54362e53ef23,60558181,0xf370f135e38a36c2f0c37ba3047515a395b2eef324e3181515565bc5f7870a2b,1757417190,2025-09-09T11:26:30.000Z
0x352e5cc81e6da00c3037b4723d9f1607f006d1b2,0x00000000000000000000000013e32ee3c75de786,60569526,0x0611c52c90bbaeaa5a9b7d53c356691c178375ae93583d464b747d6702430fd8,1757425700,2025-09-09T13:48:20.000Z
0x352e5cc81e6da00c3037b4723d9f1607f006d1b2,0x000000000000000000000000a3beed4a3ec3bbd1,60569526,0x0611c52c90bbaeaa5a9b7d53c356691c178375ae93583d464b747d6702430fd8,1757425700,2025-09-09T13:48:20.000Z
0x352e5cc81e6da00c3037b4723d9f1607f006d1b2,0x000000000000000000000000aafda259ae041fcc,60569526,0x0611c52c90bbaeaa5a9b7d53c356691c178375ae93583d464b747d6702430fd8,1757425700,2025-09-09T13:48:20.000Z
0x352e5cc81e6da00c3037b4723d9f1607f006d1b2,0x000000000000000000000000de5b54362e53ef23,60569526,0x0611c52c90bbaeaa5a9b7d53c356691c178375ae93583d464b747d6702430fd8,1757425700,2025-09-09T13:48:20.000Z
0xd9a4896ab9642c791f603016fb55df528dc539c2,0x000000000000000000000000107bb14cc71a278e,60576717,0xec0d6a3b86dccaf89669a2990b21a0a4c00c5654777d695a8daae9ff2cff9758,1757431100,2025-09-09T15:18:20.000Z
0xd9a4896ab9642c791f603016fb55df528dc539c2,0x00000000000000000000000092d6d3fbe4067a2f,60576717,0xec0d6a3b86dccaf89669a2990b21a0a4c00c5654777d695a8daae9ff2cff9758,1757431100,2025-09-09T15:18:20.000Z
0xd9a4896ab9642c791f603016fb55df528dc539c2,0x0000000000000000000000008d66facd7673f48c,60576717,0xec0d6a3b86dccaf89669a2990b21a0a4c00c5654777d695a8daae9ff2cff9758,1757431100,2025-09-09T15:18:20.000Z
0xd9a4896ab9642c791f603016fb55df528dc539c2,0x000000000000000000000000de5b54362e53ef23,60576717,0xec0d6a3b86dccaf89669a2990b21a0a4c00c5654777d695a8daae9ff2cff9758,1757431100,2025-09-09T15:18:20.000Z
0x056e259dfd9532875536f2b77b291e847a1534c6,0x0000000000000000000000002c214e73f55a73f1,60597801,0xa34eb284928fd24795a8fa820cfa6c42d680629e9850c65468152d27ac905e4f,1757446915,2025-09-09T19:41:55.000Z
0x056e259dfd9532875536f2b77b291e847a1534c6,0x0000000000000000000000001c7a6b7a7b93d231,60597801,0xa34eb284928fd24795a8fa820cfa6c42d680629e9850c65468152d27ac905e4f,1757446915,2025-09-09T19:41:55.000Z
0x056e259dfd9532875536f2b77b291e847a1534c6,0x00000000000000000000000056b1094c199961a0,60597801,0xa34eb284928fd24795a8fa820cfa6c42d680629e9850c65468152d27ac905e4f,1757446915,2025-09-09T19:41:55.000Z
0x056e259dfd9532875536f2b77b291e847a1534c6,0x000000000000000000000000de5b54362e53ef23,60597801,0xa34eb284928fd24795a8fa820cfa6c42d680629e9850c65468152d27ac905e4f,1757446915,2025-09-09T19:41:55.000Z
0x55a38d8db3b623fac768813b11c130d287588c6d,0x0000000000000000000000002b3bc5a945059f77,60658453,0x3d95006ac6f4700c6060f19238b831f6569b6832c1ac7b13a5130577f28ea106,1757492406,2025-09-10T08:20:06.000Z
0x55a38d8db3b623fac768813b11c130d287588c6d,0x000000000000000000000000a3beed4a3ec3bbd1,60658453,0x3d95006ac6f4700c6060f19238b831f6569b6832c1ac7b13a5130577f28ea106,1757492406,2025-09-10T08:20:06.000Z
0x55a38d8db3b623fac768813b11c130d287588c6d,0x000000000000000000000000aafda259ae041fcc,60658453,0x3d95006ac6f4700c6060f19238b831f6569b6832c1ac7b13a5130577f28ea106,1757492406,2025-09-10T08:20:06.000Z
0x55a38d8db3b623fac768813b11c130d287588c6d,0x000000000000000000000000de5b54362e53ef23,60658453,0x3d95006ac6f4700c6060f19238b831f6569b6832c1ac7b13a5130577f28ea106,1757492406,2025-09-10T08:20:06.000Z
0x80934e2203feaf4b15f1a2b5a158b72113a79eeb,0x000000000000000000000000107bb14cc71a278e,60691629,0x7e1e2e8775d1b3fde965e53197e60d2aa55a99377d60443c9ac80f090539987a,1757517298,2025-09-10T15:14:58.000Z
0x80934e2203feaf4b15f1a2b5a158b72113a79eeb,0x00000000000000000000000092d6d3fbe4067a2f,60691629,0x7e1e2e8775d1b3fde965e53197e60d2aa55a99377d60443c9ac80f090539987a,1757517298,2025-09-10T15:14:58.000Z
0x80934e2203feaf4b15f1a2b5a158b72113a79eeb,0x0000000000000000000000008d66facd7673f48c,60691629,0x7e1e2e8775d1b3fde965e53197e60d2aa55a99377d60443c9ac80f090539987a,1757517298,2025-09-10T15:14:58.000Z
0x80934e2203feaf4b15f1a2b5a158b72113a79eeb,0x000000000000000000000000de5b54362e53ef23,60691629,0x7e1e2e8775d1b3fde965e53197e60d2aa55a99377d60443c9ac80f090539987a,1757517298,2025-09-10T15:14:58.000Z
0x93575affb89ad34a32bd7fd1bb4f2276829657dd,0x000000000000000000000000195fd033be64ef32,60710170,0x3064a71814629ac6dec7f68f9e15e3f2c4670d75cbccb0434b128ce788570255,1757531205,2025-09-10T19:06:45.000Z
0x93575affb89ad34a32bd7fd1bb4f2276829657dd,0x0000000000000000000000002356eedaea55128f,60710170,0x3064a71814629ac6dec7f68f9e15e3f2c4670d75cbccb0434b128ce788570255,1757531205,2025-09-10T19:06:45.000Z
0x93575affb89ad34a32bd7fd1bb4f2276829657dd,0x00000000000000000000000021af484ac218e322,60710170,0x3064a71814629ac6dec7f68f9e15e3f2c4670d75cbccb0434b128ce788570255,1757531205,2025-09-10T19:06:45.000Z
0x93575affb89ad34a32bd7fd1bb4f2276829657dd,0x000000000000000000000000de5b54362e53ef23,60710170,0x3064a71814629ac6dec7f68f9e15e3f2c4670d75cbccb0434b128ce788570255,1757531205,2025-09-10T19:06:45.000Z
0x10f566bfdf29702d4559c2a5c66f8316bd9bb771,0x000000000000000000000000afc5348925afe255,60766875,0xfd0729138b1778208c6e932208835f823e639ea88ce32195457390eea87c86b7,1757573739,2025-09-11T06:55:39.000Z
0x10f566bfdf29702d4559c2a5c66f8316bd9bb771,0x000000000000000000000000bf0a4c6dacfccbce,60766875,0xfd0729138b1778208c6e932208835f823e639ea88ce32195457390eea87c86b7,1757573739,2025-09-11T06:55:39.000Z
0x10f566bfdf29702d4559c2a5c66f8316bd9bb771,0x000000000000000000000000bd3a2115cd56b1c2,60766875,0xfd0729138b1778208c6e932208835f823e639ea88ce32195457390eea87c86b7,1757573739,2025-09-11T06:55:39.000Z
0x10f566bfdf29702d4559c2a5c66f8316bd9bb771,0x000000000000000000000000de5b54362e53ef23,60766875,0xfd0729138b1778208c6e932208835f823e639ea88ce32195457390eea87c86b7,1757573739,2025-09-11T06:55:39.000Z
0x6e4759349a33d234325dd06d1491ce8e8ab09cf4,0x000000000000000000000000107bb14cc71a278e,60773189,0x6ebb4b204dd7e5a667ed8953f54734c8c1c351b5d76b8ec1e4b8ad15460fa1c4,1757578475,2025-09-11T08:14:35.000Z
0x6e4759349a33d234325dd06d1491ce8e8ab09cf4,0x00000000000000000000000092d6d3fbe4067a2f,60773189,0x6ebb4b204dd7e5a667ed8953f54734c8c1c351b5d76b8ec1e4b8ad15460fa1c4,1757578475,2025-09-11T08:14:35.000Z
0x6e4759349a33d234325dd06d1491ce8e8ab09cf4,0x0000000000000000000000008d66facd7673f48c,60773189,0x6ebb4b204dd7e5a667ed8953f54734c8c1c351b5d76b8ec1e4b8ad15460fa1c4,1757578475,2025-09-11T08:14:35.000Z
0x6e4759349a33d234325dd06d1491ce8e8ab09cf4,0x000000000000000000000000de5b54362e53ef23,60773189,0x6ebb4b204dd7e5a667ed8953f54734c8c1c351b5d76b8ec1e4b8ad15460fa1c4,1757578475,2025-09-11T08:14:35.000Z
0x5c480f7d4a9fc6556ba937d7f87bdccb47a5506b,0x000000000000000000000000107bb14cc71a278e,60775456,0x63ee7dd41d94a7d27531bf341a6fff3c8494117675a05d88c01de48c6ec3f411,1757580260,2025-09-11T08:44:20.000Z
0x5c480f7d4a9fc6556ba937d7f87bdccb47a5506b,0x00000000000000000000000092d6d3fbe4067a2f,60775456,0x63ee7dd41d94a7d27531bf341a6fff3c8494117675a05d88c01de48c6ec3f411,1757580260,2025-09-11T08:44:20.000Z
0x5c480f7d4a9fc6556ba937d7f87bdccb47a5506b,0x0000000000000000000000008d66facd7673f48c,60775456,0x63ee7dd41d94a7d27531bf341a6fff3c8494117675a05d88c01de48c6ec3f411,1757580260,2025-09-11T08:44:20.000Z
0x5c480f7d4a9fc6556ba937d7f87bdccb47a5506b,0x000000000000000000000000de5b54362e53ef23,60775456,0x63ee7dd41d94a7d27531bf341a6fff3c8494117675a05d88c01de48c6ec3f411,1757580260,2025-09-11T08:44:20.000Z
0xce3dfeb8bb3edc1614da8f2b2d47678a6b92200b,0x0000000000000000000000000c9035a4fc1a773b,60803239,0x508efc1c1da6e1aedc3c479bdcd18df340a1535b20c87b2598aaacd53addcb37,1757601101,2025-09-11T14:31:41.000Z
0xce3dfeb8bb3edc1614da8f2b2d47678a6b92200b,0x0000000000000000000000001b49e177b8dfe3fe,60803239,0x508efc1c1da6e1aedc3c479bdcd18df340a1535b20c87b2598aaacd53addcb37,1757601101,2025-09-11T14:31:41.000Z
0xce3dfeb8bb3edc1614da8f2b2d47678a6b92200b,0x0000000000000000000000004326a4441a01a4e7,60803239,0x508efc1c1da6e1aedc3c479bdcd18df340a1535b20c87b2598aaacd53addcb37,1757601101,2025-09-11T14:31:41.000Z
0xce3dfeb8bb3edc1614da8f2b2d47678a6b92200b,0x000000000000000000000000de5b54362e53ef23,60803239,0x508efc1c1da6e1aedc3c479bdcd18df340a1535b20c87b2598aaacd53addcb37,1757601101,2025-09-11T14:31:41.000Z
0x8c5caf54b9d0d906b78348e1a45102535cd00057,0x00000000000000000000000023d8bb991fc1edb1,60808843,0x55539677ef567b7cf1775807c6cf5557db521954b571b33bf705a60e523fe560,1757605304,2025-09-11T15:41:44.000Z
0x8c5caf54b9d0d906b78348e1a45102535cd00057,0x0000000000000000000000006ffeb2bfc1f2c9d1,60808843,0x55539677ef567b7cf1775807c6cf5557db521954b571b33bf705a60e523fe560,1757605304,2025-09-11T15:41:44.000Z
0x8c5caf54b9d0d906b78348e1a45102535cd00057,0x00000000000000000000000088ecbcc049b7d047,60808843,0x55539677ef567b7cf1775807c6cf5557db521954b571b33bf705a60e523fe560,1757605304,2025-09-11T15:41:44.000Z
0x8c5caf54b9d0d906b78348e1a45102535cd00057,0x000000000000000000000000de5b54362e53ef23,60808843,0x55539677ef567b7cf1775807c6cf5557db521954b571b33bf705a60e523fe560,1757605304,2025-09-11T15:41:44.000Z
0x48785f42972bcaff00d3ea404b479071207851d4,0x00000000000000000000000029ab137666b2a164,60812230,0x3d554bbed394b1f0d174527ac1fe12a4ba4e1af5cd98062d82f65d6a8928034a,1757607844,2025-09-11T16:24:04.000Z
0x48785f42972bcaff00d3ea404b479071207851d4,0x0000000000000000000000009ff0ba2badbfe5a9,60812230,0x3d554bbed394b1f0d174527ac1fe12a4ba4e1af5cd98062d82f65d6a8928034a,1757607844,2025-09-11T16:24:04.000Z
0x48785f42972bcaff00d3ea404b479071207851d4,0x0000000000000000000000001b49e177b8dfe3fe,60812230,0x3d554bbed394b1f0d174527ac1fe12a4ba4e1af5cd98062d82f65d6a8928034a,1757607844,2025-09-11T16:24:04.000Z
0x48785f42972bcaff00d3ea404b479071207851d4,0x000000000000000000000000de5b54362e53ef23,60812230,0x3d554bbed394b1f0d174527ac1fe12a4ba4e1af5cd98062d82f65d6a8928034a,1757607844,2025-09-11T16:24:04.000Z
0xd6ecbc0d6e1902db18e64916075777c50aa1f6f0,0x000000000000000000000000056e259dfd953287,60817522,0xb8ade25dc777980766dfa77531c9b1eef2e30615f7c8623daaf67c3f1faf4840,1757611813,2025-09-11T17:30:13.000Z
0xd6ecbc0d6e1902db18e64916075777c50aa1f6f0,0x0000000000000000000000002c214e73f55a73f1,60817522,0xb8ade25dc777980766dfa77531c9b1eef2e30615f7c8623daaf67c3f1faf4840,1757611813,2025-09-11T17:30:13.000Z
0xd6ecbc0d6e1902db18e64916075777c50aa1f6f0,0x0000000000000000000000001c7a6b7a7b93d231,60817522,0xb8ade25dc777980766dfa77531c9b1eef2e30615f7c8623daaf67c3f1faf4840,1757611813,2025-09-11T17:30:13.000Z
0xd6ecbc0d6e1902db18e64916075777c50aa1f6f0,0x000000000000000000000000de5b54362e53ef23,60817522,0xb8ade25dc777980766dfa77531c9b1eef2e30615f7c8623daaf67c3f1faf4840,1757611813,2025-09-11T17:30:13.000Z
0x106df95f85ff107edf1e7ec044c1b9e352087bf7,0x00000000000000000000000065d3073427adef8d,60895704,0x257209ac7a715df6c9d727056dde12f2106f6797c206524d38bca379fffd7ad6,1757670453,2025-09-12T09:47:33.000Z
0x106df95f85ff107edf1e7ec044c1b9e352087bf7,0x0000000000000000000000003de49fc16c199c6e,60895704,0x257209ac7a715df6c9d727056dde12f2106f6797c206524d38bca379fffd7ad6,1757670453,2025-09-12T09:47:33.000Z
0x106df95f85ff107edf1e7ec044c1b9e352087bf7,0x000000000000000000000000b2b98660ee73de2e,60895704,0x257209ac7a715df6c9d727056dde12f2106f6797c206524d38bca379fffd7ad6,1757670453,2025-09-12T09:47:33.000Z
0x106df95f85ff107edf1e7ec044c1b9e352087bf7,0x000000000000000000000000de5b54362e53ef23,60895704,0x257209ac7a715df6c9d727056dde12f2106f6797c206524d38bca379fffd7ad6,1757670453,2025-09-12T09:47:33.000Z
0x4665e1f0c4369823f2f45e2c13ea1d47548db5b6,0x00000000000000000000000029ab137666b2a164,60930163,0x61df3e7c2a39a4eaad08c25985bb2492d550cff55f75fa6e1fb3a5ff4ca3c6a3,1757696301,2025-09-12T16:58:21.000Z
0x4665e1f0c4369823f2f45e2c13ea1d47548db5b6,0x0000000000000000000000009ff0ba2badbfe5a9,60930163,0x61df3e7c2a39a4eaad08c25985bb2492d550cff55f75fa6e1fb3a5ff4ca3c6a3,1757696301,2025-09-12T16:58:21.000Z
0x4665e1f0c4369823f2f45e2c13ea1d47548db5b6,0x0000000000000000000000001b49e177b8dfe3fe,60930163,0x61df3e7c2a39a4eaad08c25985bb2492d550cff55f75fa6e1fb3a5ff4ca3c6a3,1757696301,2025-09-12T16:58:21.000Z
0x4665e1f0c4369823f2f45e2c13ea1d47548db5b6,0x000000000000000000000000de5b54362e53ef23,60930163,0x61df3e7c2a39a4eaad08c25985bb2492d550cff55f75fa6e1fb3a5ff4ca3c6a3,1757696301,2025-09-12T16:58:21.000Z
0x97c7d6cdb6c09b126be18c2f1d057bd6d86163ab,0x000000000000000000000000e0249e33a554c3ba,60997624,0x35435df74d9b6c01bcf8d817a0879f3dc187de1d9d62bf4b4134c622171f0840,1757746899,2025-09-13T07:01:39.000Z
0x97c7d6cdb6c09b126be18c2f1d057bd6d86163ab,0x00000000000000000000000029ab137666b2a164,60997624,0x35435df74d9b6c01bcf8d817a0879f3dc187de1d9d62bf4b4134c622171f0840,1757746899,2025-09-13T07:01:39.000Z
0x97c7d6cdb6c09b126be18c2f1d057bd6d86163ab,0x0000000000000000000000009ff0ba2badbfe5a9,60997624,0x35435df74d9b6c01bcf8d817a0879f3dc187de1d9d62bf4b4134c622171f0840,1757746899,2025-09-13T07:01:39.000Z
0x97c7d6cdb6c09b126be18c2f1d057bd6d86163ab,0x000000000000000000000000de5b54362e53ef23,60997624,0x35435df74d9b6c01bcf8d817a0879f3dc187de1d9d62bf4b4134c622171f0840,1757746899,2025-09-13T07:01:39.000Z
0x5de71580d604fce72dc808da9b65c63b6fcdaa63,0x000000000000000000000000afc5348925afe255,61033290,0x1d12b3d6f4723f7b64f463125ff84bcddbd142ef7ffba87414836162906488f3,1757773650,2025-09-13T14:27:30.000Z
0x5de71580d604fce72dc808da9b65c63b6fcdaa63,0x000000000000000000000000bf0a4c6dacfccbce,61033290,0x1d12b3d6f4723f7b64f463125ff84bcddbd142ef7ffba87414836162906488f3,1757773650,2025-09-13T14:27:30.000Z
0x5de71580d604fce72dc808da9b65c63b6fcdaa63,0x000000000000000000000000bd3a2115cd56b1c2,61033290,0x1d12b3d6f4723f7b64f463125ff84bcddbd142ef7ffba87414836162906488f3,1757773650,2025-09-13T14:27:30.000Z
0x5de71580d604fce72dc808da9b65c63b6fcdaa63,0x000000000000000000000000de5b54362e53ef23,61033290,0x1d12b3d6f4723f7b64f463125ff84bcddbd142ef7ffba87414836162906488f3,1757773650,2025-09-13T14:27:30.000Z
0xe9362159c8544e13339254d0a1a0f7e483fcc744,0x000000000000000000000000637b2a53fd490479,61041473,0x8dd105ec3e3434da550d6fb82266b77eb5f172cdccbd85e94ffd49115ee69024,1757779788,2025-09-13T16:09:48.000Z
0xe9362159c8544e13339254d0a1a0f7e483fcc744,0x0000000000000000000000006d3609a12043389b,61041473,0x8dd105ec3e3434da550d6fb82266b77eb5f172cdccbd85e94ffd49115ee69024,1757779788,2025-09-13T16:09:48.000Z
0xe9362159c8544e13339254d0a1a0f7e483fcc744,0x000000000000000000000000d27ad3b5141e2b3c,61041473,0x8dd105ec3e3434da550d6fb82266b77eb5f172cdccbd85e94ffd49115ee69024,1757779788,2025-09-13T16:09:48.000Z
0xe9362159c8544e13339254d0a1a0f7e483fcc744,0x000000000000000000000000de5b54362e53ef23,61041473,0x8dd105ec3e3434da550d6fb82266b77eb5f172cdccbd85e94ffd49115ee69024,1757779788,2025-09-13T16:09:48.000Z
0x1d260f84ecc1fc3b307445a1e9cbe3bea5ee4748,0x000000000000000000000000a872fbe1ccb1f673,61050662,0x534d7a7beccd0ee13cd5586aeea14fa837c4f0257e7b373dd97ab7b0d53c032f,1757786681,2025-09-13T18:04:41.000Z
0x1d260f84ecc1fc3b307445a1e9cbe3bea5ee4748,0x0000000000000000000000001c7a6b7a7b93d231,61050662,0x534d7a7beccd0ee13cd5586aeea14fa837c4f0257e7b373dd97ab7b0d53c032f,1757786681,2025-09-13T18:04:41.000Z
0x1d260f84ecc1fc3b307445a1e9cbe3bea5ee4748,0x00000000000000000000000056b1094c199961a0,61050662,0x534d7a7beccd0ee13cd5586aeea14fa837c4f0257e7b373dd97ab7b0d53c032f,1757786681,2025-09-13T18:04:41.000Z
0x1d260f84ecc1fc3b307445a1e9cbe3bea5ee4748,0x000000000000000000000000de5b54362e53ef23,61050662,0x534d7a7beccd0ee13cd5586aeea14fa837c4f0257e7b373dd97ab7b0d53c032f,1757786681,2025-09-13T18:04:41.000Z
0xeff5c0f87576cac0927a3bed31c9c01fb3b4c7fd,0x000000000000000000000000637b2a53fd490479,61053405,0x64fd8966325513b8cf12cdee79203e275845ac3700c49fc502f69e36d50feb9d,1757788738,2025-09-13T18:38:58.000Z
0xeff5c0f87576cac0927a3bed31c9c01fb3b4c7fd,0x0000000000000000000000006d3609a12043389b,61053405,0x64fd8966325513b8cf12cdee79203e275845ac3700c49fc502f69e36d50feb9d,1757788738,2025-09-13T18:38:58.000Z
0xeff5c0f87576cac0927a3bed31c9c01fb3b4c7fd,0x000000000000000000000000d27ad3b5141e2b3c,61053405,0x64fd8966325513b8cf12cdee79203e275845ac3700c49fc502f69e36d50feb9d,1757788738,2025-09-13T18:38:58.000Z
0xeff5c0f87576cac0927a3bed31c9c01fb3b4c7fd,0x000000000000000000000000de5b54362e53ef23,61053405,0x64fd8966325513b8cf12cdee79203e275845ac3700c49fc502f69e36d50feb9d,1757788738,2025-09-13T18:38:58.000Z
0xfd83b52fb977c658c2970734400f16ad7283a94e,0x000000000000000000000000637b2a53fd490479,61054295,0x68953b316f5fd56ef36f6eb643fe23af2c771e9e32bcad85328c5cd48d1307d1,1757789405,2025-09-13T18:50:05.000Z
0xfd83b52fb977c658c2970734400f16ad7283a94e,0x0000000000000000000000006d3609a12043389b,61054295,0x68953b316f5fd56ef36f6eb643fe23af2c771e9e32bcad85328c5cd48d1307d1,1757789405,2025-09-13T18:50:05.000Z
0xfd83b52fb977c658c2970734400f16ad7283a94e,0x000000000000000000000000d27ad3b5141e2b3c,61054295,0x68953b316f5fd56ef36f6eb643fe23af2c771e9e32bcad85328c5cd48d1307d1,1757789405,2025-09-13T18:50:05.000Z
0xfd83b52fb977c658c2970734400f16ad7283a94e,0x000000000000000000000000de5b54362e53ef23,61054295,0x68953b316f5fd56ef36f6eb643fe23af2c771e9e32bcad85328c5cd48d1307d1,1757789405,2025-09-13T18:50:05.000Z
0x2b30aa32650c1a3fd0f57bbc1a4610d4983ca0e3,0x000000000000000000000000637b2a53fd490479,61055646,0xc2fdd29d09dce3630356e606915cf6ae3da5ce14ff89315b5fb3267e8a1021d0,1757790419,2025-09-13T19:06:59.000Z
0x2b30aa32650c1a3fd0f57bbc1a4610d4983ca0e3,0x0000000000000000000000006d3609a12043389b,61055646,0xc2fdd29d09dce3630356e606915cf6ae3da5ce14ff89315b5fb3267e8a1021d0,1757790419,2025-09-13T19:06:59.000Z
0x2b30aa32650c1a3fd0f57bbc1a4610d4983ca0e3,0x000000000000000000000000d27ad3b5141e2b3c,61055646,0xc2fdd29d09dce3630356e606915cf6ae3da5ce14ff89315b5fb3267e8a1021d0,1757790419,2025-09-13T19:06:59.000Z
0x2b30aa32650c1a3fd0f57bbc1a4610d4983ca0e3,0x000000000000000000000000de5b54362e53ef23,61055646,0xc2fdd29d09dce3630356e606915cf6ae3da5ce14ff89315b5fb3267e8a1021d0,1757790419,2025-09-13T19:06:59.000Z
0x9057ee31693ae66137f01d835d1759c7cbe92c1d,0x000000000000000000000000637b2a53fd490479,61055983,0x8ed93d670cf3f103832ca94859af0f7b0934ab09131bb51f580b714e21963a61,1757790671,2025-09-13T19:11:11.000Z
0x9057ee31693ae66137f01d835d1759c7cbe92c1d,0x0000000000000000000000006d3609a12043389b,61055983,0x8ed93d670cf3f103832ca94859af0f7b0934ab09131bb51f580b714e21963a61,1757790671,2025-09-13T19:11:11.000Z
0x9057ee31693ae66137f01d835d1759c7cbe92c1d,0x000000000000000000000000d27ad3b5141e2b3c,61055983,0x8ed93d670cf3f103832ca94859af0f7b0934ab09131bb51f580b714e21963a61,1757790671,2025-09-13T19:11:11.000Z
0x9057ee31693ae66137f01d835d1759c7cbe92c1d,0x000000000000000000000000de5b54362e53ef23,61055983,0x8ed93d670cf3f103832ca94859af0f7b0934ab09131bb51f580b714e21963a61,1757790671,2025-09-13T19:11:11.000Z
0x0016e828572ca1c99cd7bae1071fb8945b1e592d,0x000000000000000000000000637b2a53fd490479,61057687,0x234bfc7a371922eb2a202407b32b76253878792d113e1a54aab324d362041bef,1757791949,2025-09-13T19:32:29.000Z
0x0016e828572ca1c99cd7bae1071fb8945b1e592d,0x0000000000000000000000006d3609a12043389b,61057687,0x234bfc7a371922eb2a202407b32b76253878792d113e1a54aab324d362041bef,1757791949,2025-09-13T19:32:29.000Z
0x0016e828572ca1c99cd7bae1071fb8945b1e592d,0x000000000000000000000000d27ad3b5141e2b3c,61057687,0x234bfc7a371922eb2a202407b32b76253878792d113e1a54aab324d362041bef,1757791949,2025-09-13T19:32:29.000Z
0x0016e828572ca1c99cd7bae1071fb8945b1e592d,0x000000000000000000000000de5b54362e53ef23,61057687,0x234bfc7a371922eb2a202407b32b76253878792d113e1a54aab324d362041bef,1757791949,2025-09-13T19:32:29.000Z
0x38dd6befe898920ade23ba18230467830dd9cf14,0x000000000000000000000000637b2a53fd490479,61057929,0x823bb595e758e510583322dd4db0ec9c08e4724dac5a630043fc319685be95a6,1757792131,2025-09-13T19:35:31.000Z
0x38dd6befe898920ade23ba18230467830dd9cf14,0x0000000000000000000000006d3609a12043389b,61057929,0x823bb595e758e510583322dd4db0ec9c08e4724dac5a630043fc319685be95a6,1757792131,2025-09-13T19:35:31.000Z
0x38dd6befe898920ade23ba18230467830dd9cf14,0x000000000000000000000000d27ad3b5141e2b3c,61057929,0x823bb595e758e510583322dd4db0ec9c08e4724dac5a630043fc319685be95a6,1757792131,2025-09-13T19:35:31.000Z
0x38dd6befe898920ade23ba18230467830dd9cf14,0x000000000000000000000000de5b54362e53ef23,61057929,0x823bb595e758e510583322dd4db0ec9c08e4724dac5a630043fc319685be95a6,1757792131,2025-09-13T19:35:31.000Z
0x4de1553d0754e6cb945dcd1a6a5a8fda4bb60b0e,0x000000000000000000000000637b2a53fd490479,61058588,0xb8bd37cf15934de3db37b46ab6041c9e0bfe0e166336defb013655b580bcffcc,1757792625,2025-09-13T19:43:45.000Z
0x4de1553d0754e6cb945dcd1a6a5a8fda4bb60b0e,0x0000000000000000000000006d3609a12043389b,61058588,0xb8bd37cf15934de3db37b46ab6041c9e0bfe0e166336defb013655b580bcffcc,1757792625,2025-09-13T19:43:45.000Z
0x4de1553d0754e6cb945dcd1a6a5a8fda4bb60b0e,0x000000000000000000000000d27ad3b5141e2b3c,61058588,0xb8bd37cf15934de3db37b46ab6041c9e0bfe0e166336defb013655b580bcffcc,1757792625,2025-09-13T19:43:45.000Z
0x4de1553d0754e6cb945dcd1a6a5a8fda4bb60b0e,0x000000000000000000000000de5b54362e53ef23,61058588,0xb8bd37cf15934de3db37b46ab6041c9e0bfe0e166336defb013655b580bcffcc,1757792625,2025-09-13T19:43:45.000Z
0xc7fa8ccf80689bc5268b0e1151b21dea295f4fde,0x000000000000000000000000637b2a53fd490479,61059404,0x9998826dc06059550627b7da34faf2156ebaaef3ffdb6f3ae39d2248664c6c09,1757793237,2025-09-13T19:53:57.000Z
0xc7fa8ccf80689bc5268b0e1151b21dea295f4fde,0x0000000000000000000000006d3609a12043389b,61059404,0x9998826dc06059550627b7da34faf2156ebaaef3ffdb6f3ae39d2248664c6c09,1757793237,2025-09-13T19:53:57.000Z
0xc7fa8ccf80689bc5268b0e1151b21dea295f4fde,0x000000000000000000000000d27ad3b5141e2b3c,61059404,0x9998826dc06059550627b7da34faf2156ebaaef3ffdb6f3ae39d2248664c6c09,1757793237,2025-09-13T19:53:57.000Z
0xc7fa8ccf80689bc5268b0e1151b21dea295f4fde,0x000000000000000000000000de5b54362e53ef23,61059404,0x9998826dc06059550627b7da34faf2156ebaaef3ffdb6f3ae39d2248664c6c09,1757793237,2025-09-13T19:53:57.000Z
0x293fe69206b09e76c6895ac8de066f510e5088b1,0x000000000000000000000000e0249e33a554c3ba,61134166,0x79240443b563a063e183de61ef55dd367f918215a8b76e4a73f273598243d965,1757849314,2025-09-14T11:28:34.000Z
0x293fe69206b09e76c6895ac8de066f510e5088b1,0x00000000000000000000000029ab137666b2a164,61134166,0x79240443b563a063e183de61ef55dd367f918215a8b76e4a73f273598243d965,1757849314,2025-09-14T11:28:34.000Z
0x293fe69206b09e76c6895ac8de066f510e5088b1,0x0000000000000000000000009ff0ba2badbfe5a9,61134166,0x79240443b563a063e183de61ef55dd367f918215a8b76e4a73f273598243d965,1757849314,2025-09-14T11:28:34.000Z
0x293fe69206b09e76c6895ac8de066f510e5088b1,0x000000000000000000000000de5b54362e53ef23,61134166,0x79240443b563a063e183de61ef55dd367f918215a8b76e4a73f273598243d965,1757849314,2025-09-14T11:28:34.000Z
0xe94d5615a5536cd6a3d1941925be783b66a34d72,0x00000000000000000000000003901b80eef5a9ed,61158517,0x5d31ca2a6bd7a8460795a486435e3d53dba4785085a908b1641a46c247bca75b,1757867579,2025-09-14T16:32:59.000Z
0xe94d5615a5536cd6a3d1941925be783b66a34d72,0x00000000000000000000000068b17e1d670cb7ab,61158517,0x5d31ca2a6bd7a8460795a486435e3d53dba4785085a908b1641a46c247bca75b,1757867579,2025-09-14T16:32:59.000Z
0xe94d5615a5536cd6a3d1941925be783b66a34d72,0x000000000000000000000000788302f3e6b6955a,61158517,0x5d31ca2a6bd7a8460795a486435e3d53dba4785085a908b1641a46c247bca75b,1757867579,2025-09-14T16:32:59.000Z
0xe94d5615a5536cd6a3d1941925be783b66a34d72,0x000000000000000000000000de5b54362e53ef23,61158517,0x5d31ca2a6bd7a8460795a486435e3d53dba4785085a908b1641a46c247bca75b,1757867579,2025-09-14T16:32:59.000Z
0x54baadf42ac2c2ad85b93d236b375d8be2bdf2f1,0x00000000000000000000000092d6d3fbe4067a2f,61161657,0xd2be31c75781f46c9866ffd1f97daa2caef604bf30bf64fdd42786dc972fb3b2,1757869944,2025-09-14T17:12:24.000Z
0x54baadf42ac2c2ad85b93d236b375d8be2bdf2f1,0x0000000000000000000000008d66facd7673f48c,61161657,0xd2be31c75781f46c9866ffd1f97daa2caef604bf30bf64fdd42786dc972fb3b2,1757869944,2025-09-14T17:12:24.000Z
0x54baadf42ac2c2ad85b93d236b375d8be2bdf2f1,0x000000000000000000000000d2dd610da3363d3f,61161657,0xd2be31c75781f46c9866ffd1f97daa2caef604bf30bf64fdd42786dc972fb3b2,1757869944,2025-09-14T17:12:24.000Z
0x54baadf42ac2c2ad85b93d236b375d8be2bdf2f1,0x000000000000000000000000de5b54362e53ef23,61161657,0xd2be31c75781f46c9866ffd1f97daa2caef604bf30bf64fdd42786dc972fb3b2,1757869944,2025-09-14T17:12:24.000Z
0x7691cf17c5048d24fa887f47cf0f3652a78aa8f1,0x000000000000000000000000107bb14cc71a278e,61221757,0x58e4cb36a34cf38b92e0240f06f6859a5365fe64364cf898f059e450344e1879,1757915027,2025-09-15T05:43:47.000Z
0x7691cf17c5048d24fa887f47cf0f3652a78aa8f1,0x00000000000000000000000092d6d3fbe4067a2f,61221757,0x58e4cb36a34cf38b92e0240f06f6859a5365fe64364cf898f059e450344e1879,1757915027,2025-09-15T05:43:47.000Z
0x7691cf17c5048d24fa887f47cf0f3652a78aa8f1,0x0000000000000000000000008d66facd7673f48c,61221757,0x58e4cb36a34cf38b92e0240f06f6859a5365fe64364cf898f059e450344e1879,1757915027,2025-09-15T05:43:47.000Z
0x7691cf17c5048d24fa887f47cf0f3652a78aa8f1,0x000000000000000000000000de5b54362e53ef23,61221757,0x58e4cb36a34cf38b92e0240f06f6859a5365fe64364cf898f059e450344e1879,1757915027,2025-09-15T05:43:47.000Z
0xc3df43f1b0940a9ebba3eedcf430ad12ba466b61,0x0000000000000000000000002b3bc5a945059f77,61236259,0xb469e0df8fe2ea09fd29ec597d0865da888430059770f1458b2935b35707fc28,1757925906,2025-09-15T08:45:06.000Z
0xc3df43f1b0940a9ebba3eedcf430ad12ba466b61,0x000000000000000000000000a3beed4a3ec3bbd1,61236259,0xb469e0df8fe2ea09fd29ec597d0865da888430059770f1458b2935b35707fc28,1757925906,2025-09-15T08:45:06.000Z
0xc3df43f1b0940a9ebba3eedcf430ad12ba466b61,0x000000000000000000000000aafda259ae041fcc,61236259,0xb469e0df8fe2ea09fd29ec597d0865da888430059770f1458b2935b35707fc28,1757925906,2025-09-15T08:45:06.000Z
0xc3df43f1b0940a9ebba3eedcf430ad12ba466b61,0x000000000000000000000000de5b54362e53ef23,61236259,0xb469e0df8fe2ea09fd29ec597d0865da888430059770f1458b2935b35707fc28,1757925906,2025-09-15T08:45:06.000Z
0x6a390caa972ede2bbd7495d516a68cb03ee53f8c,0x00000000000000000000000041fa7ea2c359a2f0,61341066,0x6e8803d11976732b6ae0579804f6833f21eb4cd88b69bade6b2f6bdc9577c7b8,1758004600,2025-09-16T06:36:40.000Z
0x6a390caa972ede2bbd7495d516a68cb03ee53f8c,0x00000000000000000000000002d32f712712df82,61341066,0x6e8803d11976732b6ae0579804f6833f21eb4cd88b69bade6b2f6bdc9577c7b8,1758004600,2025-09-16T06:36:40.000Z
0x6a390caa972ede2bbd7495d516a68cb03ee53f8c,0x00000000000000000000000092d6d3fbe4067a2f,61341066,0x6e8803d11976732b6ae0579804f6833f21eb4cd88b69bade6b2f6bdc9577c7b8,1758004600,2025-09-16T06:36:40.000Z
0x6a390caa972ede2bbd7495d516a68cb03ee53f8c,0x000000000000000000000000de5b54362e53ef23,61341066,0x6e8803d11976732b6ae0579804f6833f21eb4cd88b69bade6b2f6bdc9577c7b8,1758004600,2025-09-16T06:36:40.000Z
0xcedebc1c809260783173afa400a598e357db96ef,0x0000000000000000000000001d260f84ecc1fc3b,61341835,0x42c92a9aee1b37b44a8e35433fde5293fe13b77e90b3c0ad5af502650105327f,1758005177,2025-09-16T06:46:17.000Z
0xcedebc1c809260783173afa400a598e357db96ef,0x000000000000000000000000a872fbe1ccb1f673,61341835,0x42c92a9aee1b37b44a8e35433fde5293fe13b77e90b3c0ad5af502650105327f,1758005177,2025-09-16T06:46:17.000Z
0xcedebc1c809260783173afa400a598e357db96ef,0x0000000000000000000000001c7a6b7a7b93d231,61341835,0x42c92a9aee1b37b44a8e35433fde5293fe13b77e90b3c0ad5af502650105327f,1758005177,2025-09-16T06:46:17.000Z
0xcedebc1c809260783173afa400a598e357db96ef,0x000000000000000000000000de5b54362e53ef23,61341835,0x42c92a9aee1b37b44a8e35433fde5293fe13b77e90b3c0ad5af502650105327f,1758005177,2025-09-16T06:46:17.000Z
0x64b2141b37eb91bc602c02a2b28ee30d4f60b295,0x0000000000000000000000006ffeb2bfc1f2c9d1,61343787,0xdb0ead39235272432e96ba5b1c6ea0c71ddb617789450a7045932bab0a4aee0d,1758006641,2025-09-16T07:10:41.000Z
0x64b2141b37eb91bc602c02a2b28ee30d4f60b295,0x00000000000000000000000088ecbcc049b7d047,61343787,0xdb0ead39235272432e96ba5b1c6ea0c71ddb617789450a7045932bab0a4aee0d,1758006641,2025-09-16T07:10:41.000Z
0x64b2141b37eb91bc602c02a2b28ee30d4f60b295,0x000000000000000000000000b2b98660ee73de2e,61343787,0xdb0ead39235272432e96ba5b1c6ea0c71ddb617789450a7045932bab0a4aee0d,1758006641,2025-09-16T07:10:41.000Z
0x64b2141b37eb91bc602c02a2b28ee30d4f60b295,0x000000000000000000000000de5b54362e53ef23,61343787,0xdb0ead39235272432e96ba5b1c6ea0c71ddb617789450a7045932bab0a4aee0d,1758006641,2025-09-16T07:10:41.000Z
0xa813adc464a7e80fc3b2ae56c91a07224bbc86f2,0x000000000000000000000000a3beed4a3ec3bbd1,61348328,0x0f87cf31db5f439e73a9aa82002eb4cfc357915b47f8a2987c821d77ba7e2542,1758010047,2025-09-16T08:07:27.000Z
0xa813adc464a7e80fc3b2ae56c91a07224bbc86f2,0x000000000000000000000000aafda259ae041fcc,61348328,0x0f87cf31db5f439e73a9aa82002eb4cfc357915b47f8a2987c821d77ba7e2542,1758010047,2025-09-16T08:07:27.000Z
0xa813adc464a7e80fc3b2ae56c91a07224bbc86f2,0x0000000000000000000000004326a4441a01a4e7,61348328,0x0f87cf31db5f439e73a9aa82002eb4cfc357915b47f8a2987c821d77ba7e2542,1758010047,2025-09-16T08:07:27.000Z
0xa813adc464a7e80fc3b2ae56c91a07224bbc86f2,0x000000000000000000000000de5b54362e53ef23,61348328,0x0f87cf31db5f439e73a9aa82002eb4cfc357915b47f8a2987c821d77ba7e2542,1758010047,2025-09-16T08:07:27.000Z
0xa2c279ec57e96cc751c1d39bc4da850271b015fa,0x000000000000000000000000cedebc1c80926078,61349261,0x19760562c74ffb2c254afeb2bbbf2c51721422a4afaa0fed452b30aeabffd67c,1758010746,2025-09-16T08:19:06.000Z
0xa2c279ec57e96cc751c1d39bc4da850271b015fa,0x0000000000000000000000001d260f84ecc1fc3b,61349261,0x19760562c74ffb2c254afeb2bbbf2c51721422a4afaa0fed452b30aeabffd67c,1758010746,2025-09-16T08:19:06.000Z
0xa2c279ec57e96cc751c1d39bc4da850271b015fa,0x000000000000000000000000a872fbe1ccb1f673,61349261,0x19760562c74ffb2c254afeb2bbbf2c51721422a4afaa0fed452b30aeabffd67c,1758010746,2025-09-16T08:19:06.000Z
0xa2c279ec57e96cc751c1d39bc4da850271b015fa,0x000000000000000000000000de5b54362e53ef23,61349261,0x19760562c74ffb2c254afeb2bbbf2c51721422a4afaa0fed452b30aeabffd67c,1758010746,2025-09-16T08:19:06.000Z
0x61160626c83e80010b2bb84c154437188b152d14,0x000000000000000000000000a2c279ec57e96cc7,61352186,0x8fc46e86d7ae2e3f3265c258bb1e1bd7846f653744e67d38ae771cb3c3793fad,1758012941,2025-09-16T08:55:41.000Z
0x61160626c83e80010b2bb84c154437188b152d14,0x000000000000000000000000cedebc1c80926078,61352186,0x8fc46e86d7ae2e3f3265c258bb1e1bd7846f653744e67d38ae771cb3c3793fad,1758012941,2025-09-16T08:55:41.000Z
0x61160626c83e80010b2bb84c154437188b152d14,0x0000000000000000000000001d260f84ecc1fc3b,61352186,0x8fc46e86d7ae2e3f3265c258bb1e1bd7846f653744e67d38ae771cb3c3793fad,1758012941,2025-09-16T08:55:41.000Z
0x61160626c83e80010b2bb84c154437188b152d14,0x000000000000000000000000de5b54362e53ef23,61352186,0x8fc46e86d7ae2e3f3265c258bb1e1bd7846f653744e67d38ae771cb3c3793fad,1758012941,2025-09-16T08:55:41.000Z
0xc875e61d24891a42e4b6ef1e3eb444e7e7a62b6d,0x00000000000000000000000061160626c83e8001,61362322,0xfa75f0abca614163969f5ab892ca24b2dcb3d8967f47e349563f8155380a90b5,1758020543,2025-09-16T11:02:23.000Z
0xc875e61d24891a42e4b6ef1e3eb444e7e7a62b6d,0x000000000000000000000000a2c279ec57e96cc7,61362322,0xfa75f0abca614163969f5ab892ca24b2dcb3d8967f47e349563f8155380a90b5,1758020543,2025-09-16T11:02:23.000Z
0xc875e61d24891a42e4b6ef1e3eb444e7e7a62b6d,0x000000000000000000000000cedebc1c80926078,61362322,0xfa75f0abca614163969f5ab892ca24b2dcb3d8967f47e349563f8155380a90b5,1758020543,2025-09-16T11:02:23.000Z
0xc875e61d24891a42e4b6ef1e3eb444e7e7a62b6d,0x000000000000000000000000de5b54362e53ef23,61362322,0xfa75f0abca614163969f5ab892ca24b2dcb3d8967f47e349563f8155380a90b5,1758020543,2025-09-16T11:02:23.000Z
0xd87fa7b1b27125f9925b52cf61c8916595797404,0x000000000000000000000000c875e61d24891a42,61370840,0xccf2b41fa2665fe3230912ee18971a110f16d987e087c19be0ad4a98ff3ac1be,1758026932,2025-09-16T12:48:52.000Z
0xd87fa7b1b27125f9925b52cf61c8916595797404,0x00000000000000000000000061160626c83e8001,61370840,0xccf2b41fa2665fe3230912ee18971a110f16d987e087c19be0ad4a98ff3ac1be,1758026932,2025-09-16T12:48:52.000Z
0xd87fa7b1b27125f9925b52cf61c8916595797404,0x000000000000000000000000a2c279ec57e96cc7,61370840,0xccf2b41fa2665fe3230912ee18971a110f16d987e087c19be0ad4a98ff3ac1be,1758026932,2025-09-16T12:48:52.000Z
0xd87fa7b1b27125f9925b52cf61c8916595797404,0x000000000000000000000000de5b54362e53ef23,61370840,0xccf2b41fa2665fe3230912ee18971a110f16d987e087c19be0ad4a98ff3ac1be,1758026932,2025-09-16T12:48:52.000Z
0x43e0ba08bb5b89aa2e2304314aa94be943f5fa5c,0x000000000000000000000000d87fa7b1b27125f9,61371457,0x27a5a8972d80146c6d2b33470a2750e2a3777a216b20fcc9985e562faf295286,1758027395,2025-09-16T12:56:35.000Z
0x43e0ba08bb5b89aa2e2304314aa94be943f5fa5c,0x000000000000000000000000c875e61d24891a42,61371457,0x27a5a8972d80146c6d2b33470a2750e2a3777a216b20fcc9985e562faf295286,1758027395,2025-09-16T12:56:35.000Z
0x43e0ba08bb5b89aa2e2304314aa94be943f5fa5c,0x00000000000000000000000061160626c83e8001,61371457,0x27a5a8972d80146c6d2b33470a2750e2a3777a216b20fcc9985e562faf295286,1758027395,2025-09-16T12:56:35.000Z
0x43e0ba08bb5b89aa2e2304314aa94be943f5fa5c,0x000000000000000000000000de5b54362e53ef23,61371457,0x27a5a8972d80146c6d2b33470a2750e2a3777a216b20fcc9985e562faf295286,1758027395,2025-09-16T12:56:35.000Z
0x22cba1622c37a15c28be4806eeb5ec641ea938b6,0x00000000000000000000000043e0ba08bb5b89aa,61380548,0x8de5d05f8f0c7e0129e0dbf8d935d94857ad8dfab2d92d67551441148731b78d,1758034219,2025-09-16T14:50:19.000Z
0x22cba1622c37a15c28be4806eeb5ec641ea938b6,0x000000000000000000000000d87fa7b1b27125f9,61380548,0x8de5d05f8f0c7e0129e0dbf8d935d94857ad8dfab2d92d67551441148731b78d,1758034219,2025-09-16T14:50:19.000Z
0x22cba1622c37a15c28be4806eeb5ec641ea938b6,0x000000000000000000000000c875e61d24891a42,61380548,0x8de5d05f8f0c7e0129e0dbf8d935d94857ad8dfab2d92d67551441148731b78d,1758034219,2025-09-16T14:50:19.000Z
0x22cba1622c37a15c28be4806eeb5ec641ea938b6,0x000000000000000000000000de5b54362e53ef23,61380548,0x8de5d05f8f0c7e0129e0dbf8d935d94857ad8dfab2d92d67551441148731b78d,1758034219,2025-09-16T14:50:19.000Z
0xc1d85ddbe0e732549ab55a3a13fc040c2df4a083,0x0000000000000000000000003b8612a14cec696c,61388706,0xd6e2916c4ddc73493955f256873c6f624266cb7146bad212d103b7037ffc230b,1758040337,2025-09-16T16:32:17.000Z
0xc1d85ddbe0e732549ab55a3a13fc040c2df4a083,0x0000000000000000000000005618ff9c7ea05099,61388706,0xd6e2916c4ddc73493955f256873c6f624266cb7146bad212d103b7037ffc230b,1758040337,2025-09-16T16:32:17.000Z
0xc1d85ddbe0e732549ab55a3a13fc040c2df4a083,0x0000000000000000000000000b8ce32b7b579653,61388706,0xd6e2916c4ddc73493955f256873c6f624266cb7146bad212d103b7037ffc230b,1758040337,2025-09-16T16:32:17.000Z
0xc1d85ddbe0e732549ab55a3a13fc040c2df4a083,0x000000000000000000000000de5b54362e53ef23,61388706,0xd6e2916c4ddc73493955f256873c6f624266cb7146bad212d103b7037ffc230b,1758040337,2025-09-16T16:32:17.000Z
0x22ecdecc4d9d737aa48fa6e7f5867b36c247016d,0x0000000000000000000000009fd963d11fe88bb8,61503983,0x5809abf41db027aa17f23c6e9520009d3db1b61ef9a8924ac8742deca5806a2b,1758126811,2025-09-17T16:33:31.000Z
0x22ecdecc4d9d737aa48fa6e7f5867b36c247016d,0x00000000000000000000000029ab137666b2a164,61503983,0x5809abf41db027aa17f23c6e9520009d3db1b61ef9a8924ac8742deca5806a2b,1758126811,2025-09-17T16:33:31.000Z
0x22ecdecc4d9d737aa48fa6e7f5867b36c247016d,0x0000000000000000000000009ff0ba2badbfe5a9,61503983,0x5809abf41db027aa17f23c6e9520009d3db1b61ef9a8924ac8742deca5806a2b,1758126811,2025-09-17T16:33:31.000Z
0x22ecdecc4d9d737aa48fa6e7f5867b36c247016d,0x000000000000000000000000de5b54362e53ef23,61503983,0x5809abf41db027aa17f23c6e9520009d3db1b61ef9a8924ac8742deca5806a2b,1758126811,2025-09-17T16:33:31.000Z
0xd335e176c4b1577a31ee5254185a907a02aaade0,0x00000000000000000000000022ecdecc4d9d737a,61507094,0xc66d60beea8a7597b34de5f942ac43f1872c51db17e5a2d831c28e4b09bd3694,1758129144,2025-09-17T17:12:24.000Z
0xd335e176c4b1577a31ee5254185a907a02aaade0,0x0000000000000000000000009fd963d11fe88bb8,61507094,0xc66d60beea8a7597b34de5f942ac43f1872c51db17e5a2d831c28e4b09bd3694,1758129144,2025-09-17T17:12:24.000Z
0xd335e176c4b1577a31ee5254185a907a02aaade0,0x00000000000000000000000029ab137666b2a164,61507094,0xc66d60beea8a7597b34de5f942ac43f1872c51db17e5a2d831c28e4b09bd3694,1758129144,2025-09-17T17:12:24.000Z
0xd335e176c4b1577a31ee5254185a907a02aaade0,0x000000000000000000000000de5b54362e53ef23,61507094,0xc66d60beea8a7597b34de5f942ac43f1872c51db17e5a2d831c28e4b09bd3694,1758129144,2025-09-17T17:12:24.000Z
0xd0dc7721becc3c467ecbb8a62ef24cf92c2f10b4,0x000000000000000000000000e1147372889c2820,61570203,0xca3135b2bf158786171b24bda6ac5cd13d08ec16d6ba339c2fc828da3b1aa430,1758176481,2025-09-18T06:21:21.000Z
0xd0dc7721becc3c467ecbb8a62ef24cf92c2f10b4,0x00000000000000000000000041fa7ea2c359a2f0,61570203,0xca3135b2bf158786171b24bda6ac5cd13d08ec16d6ba339c2fc828da3b1aa430,1758176481,2025-09-18T06:21:21.000Z
0xd0dc7721becc3c467ecbb8a62ef24cf92c2f10b4,0x00000000000000000000000002d32f712712df82,61570203,0xca3135b2bf158786171b24bda6ac5cd13d08ec16d6ba339c2fc828da3b1aa430,1758176481,2025-09-18T06:21:21.000Z
0xd0dc7721becc3c467ecbb8a62ef24cf92c2f10b4,0x000000000000000000000000de5b54362e53ef23,61570203,0xca3135b2bf158786171b24bda6ac5cd13d08ec16d6ba339c2fc828da3b1aa430,1758176481,2025-09-18T06:21:21.000Z
0xbb351bd87056ad764da24656abfdfe34e03840b4,0x000000000000000000000000195fd033be64ef32,61590845,0x9511c95705a468f771a1fd82c45f3a103af0acccadbec926f62282d9397858a1,1758191973,2025-09-18T10:39:33.000Z
0xbb351bd87056ad764da24656abfdfe34e03840b4,0x0000000000000000000000002356eedaea55128f,61590845,0x9511c95705a468f771a1fd82c45f3a103af0acccadbec926f62282d9397858a1,1758191973,2025-09-18T10:39:33.000Z
0xbb351bd87056ad764da24656abfdfe34e03840b4,0x00000000000000000000000021af484ac218e322,61590845,0x9511c95705a468f771a1fd82c45f3a103af0acccadbec926f62282d9397858a1,1758191973,2025-09-18T10:39:33.000Z
0xbb351bd87056ad764da24656abfdfe34e03840b4,0x000000000000000000000000de5b54362e53ef23,61590845,0x9511c95705a468f771a1fd82c45f3a103af0acccadbec926f62282d9397858a1,1758191973,2025-09-18T10:39:33.000Z
0xeccf1000773dcd4a32fb1ec70b9ef36310bfb3ad,0x0000000000000000000000002356eedaea55128f,61601286,0xbbc7963b6c23ef1f3c869443594923441c83972ae7f5433c4edc201119dc0eff,1758199805,2025-09-18T12:50:05.000Z
0xeccf1000773dcd4a32fb1ec70b9ef36310bfb3ad,0x00000000000000000000000021af484ac218e322,61601286,0xbbc7963b6c23ef1f3c869443594923441c83972ae7f5433c4edc201119dc0eff,1758199805,2025-09-18T12:50:05.000Z
0xeccf1000773dcd4a32fb1ec70b9ef36310bfb3ad,0x000000000000000000000000a3beed4a3ec3bbd1,61601286,0xbbc7963b6c23ef1f3c869443594923441c83972ae7f5433c4edc201119dc0eff,1758199805,2025-09-18T12:50:05.000Z
0xeccf1000773dcd4a32fb1ec70b9ef36310bfb3ad,0x000000000000000000000000de5b54362e53ef23,61601286,0xbbc7963b6c23ef1f3c869443594923441c83972ae7f5433c4edc201119dc0eff,1758199805,2025-09-18T12:50:05.000Z
0x1c3c9ae7d10f6a06bd2312c6703b6946f78fb562,0x0000000000000000000000001c7a6b7a7b93d231,61606087,0xadb06f9ca85a0f26fd560e5362c45d87b08232cbdd42342e33f5917b48bae1e8,1758203406,2025-09-18T13:50:06.000Z
0x1c3c9ae7d10f6a06bd2312c6703b6946f78fb562,0x00000000000000000000000056b1094c199961a0,61606087,0xadb06f9ca85a0f26fd560e5362c45d87b08232cbdd42342e33f5917b48bae1e8,1758203406,2025-09-18T13:50:06.000Z
0x1c3c9ae7d10f6a06bd2312c6703b6946f78fb562,0x000000000000000000000000df9729e425c7e2be,61606087,0xadb06f9ca85a0f26fd560e5362c45d87b08232cbdd42342e33f5917b48bae1e8,1758203406,2025-09-18T13:50:06.000Z
0x1c3c9ae7d10f6a06bd2312c6703b6946f78fb562,0x000000000000000000000000de5b54362e53ef23,61606087,0xadb06f9ca85a0f26fd560e5362c45d87b08232cbdd42342e33f5917b48bae1e8,1758203406,2025-09-18T13:50:06.000Z
0x520629120011b8efab5b743b495e585063f9dbac,0x0000000000000000000000001c3c9ae7d10f6a06,61606476,0x507546e5eb8df4b54aa0a617088e4e0cc0dc40a4a3d32a7ef04ec0167fbac94e,1758203698,2025-09-18T13:54:58.000Z
0x520629120011b8efab5b743b495e585063f9dbac,0x0000000000000000000000001c7a6b7a7b93d231,61606476,0x507546e5eb8df4b54aa0a617088e4e0cc0dc40a4a3d32a7ef04ec0167fbac94e,1758203698,2025-09-18T13:54:58.000Z
0x520629120011b8efab5b743b495e585063f9dbac,0x00000000000000000000000056b1094c199961a0,61606476,0x507546e5eb8df4b54aa0a617088e4e0cc0dc40a4a3d32a7ef04ec0167fbac94e,1758203698,2025-09-18T13:54:58.000Z
0x520629120011b8efab5b743b495e585063f9dbac,0x000000000000000000000000de5b54362e53ef23,61606476,0x507546e5eb8df4b54aa0a617088e4e0cc0dc40a4a3d32a7ef04ec0167fbac94e,1758203698,2025-09-18T13:54:58.000Z
0x97d55bf65a74d618e43c5fd0dd51ae74f5e1ab74,0x000000000000000000000000520629120011b8ef,61608079,0x00e567e45251ed571e417cf5f3c26852087ac39d642cb830e28f9a53bf7418c5,1758204900,2025-09-18T14:15:00.000Z
0x97d55bf65a74d618e43c5fd0dd51ae74f5e1ab74,0x0000000000000000000000001c3c9ae7d10f6a06,61608079,0x00e567e45251ed571e417cf5f3c26852087ac39d642cb830e28f9a53bf7418c5,1758204900,2025-09-18T14:15:00.000Z
0x97d55bf65a74d618e43c5fd0dd51ae74f5e1ab74,0x0000000000000000000000001c7a6b7a7b93d231,61608079,0x00e567e45251ed571e417cf5f3c26852087ac39d642cb830e28f9a53bf7418c5,1758204900,2025-09-18T14:15:00.000Z
0x97d55bf65a74d618e43c5fd0dd51ae74f5e1ab74,0x000000000000000000000000de5b54362e53ef23,61608079,0x00e567e45251ed571e417cf5f3c26852087ac39d642cb830e28f9a53bf7418c5,1758204900,2025-09-18T14:15:00.000Z
0x118173ff1e4ed5eb9aca7d5d4f8415e95a7cb68a,0x00000000000000000000000097d55bf65a74d618,61609170,0x43bd3d513379fe1d34731ce214a97c0b2653b1c4cc05eb4071dfc375f0d76645,1758205719,2025-09-18T14:28:39.000Z
0x118173ff1e4ed5eb9aca7d5d4f8415e95a7cb68a,0x000000000000000000000000520629120011b8ef,61609170,0x43bd3d513379fe1d34731ce214a97c0b2653b1c4cc05eb4071dfc375f0d76645,1758205719,2025-09-18T14:28:39.000Z
0x118173ff1e4ed5eb9aca7d5d4f8415e95a7cb68a,0x0000000000000000000000001c3c9ae7d10f6a06,61609170,0x43bd3d513379fe1d34731ce214a97c0b2653b1c4cc05eb4071dfc375f0d76645,1758205719,2025-09-18T14:28:39.000Z
0x118173ff1e4ed5eb9aca7d5d4f8415e95a7cb68a,0x000000000000000000000000de5b54362e53ef23,61609170,0x43bd3d513379fe1d34731ce214a97c0b2653b1c4cc05eb4071dfc375f0d76645,1758205719,2025-09-18T14:28:39.000Z
0xb881bc693977d3598333add389aefd9664417527,0x00000000000000000000000097d55bf65a74d618,61631648,0xd24ca107df3816830695d283eb18f97aedd64be1ca23f7ccbcc2694c69c3b045,1758222579,2025-09-18T19:09:39.000Z
0xb881bc693977d3598333add389aefd9664417527,0x000000000000000000000000520629120011b8ef,61631648,0xd24ca107df3816830695d283eb18f97aedd64be1ca23f7ccbcc2694c69c3b045,1758222579,2025-09-18T19:09:39.000Z
0xb881bc693977d3598333add389aefd9664417527,0x0000000000000000000000001c3c9ae7d10f6a06,61631648,0xd24ca107df3816830695d283eb18f97aedd64be1ca23f7ccbcc2694c69c3b045,1758222579,2025-09-18T19:09:39.000Z
0xb881bc693977d3598333add389aefd9664417527,0x000000000000000000000000de5b54362e53ef23,61631648,0xd24ca107df3816830695d283eb18f97aedd64be1ca23f7ccbcc2694c69c3b045,1758222579,2025-09-18T19:09:39.000Z
0x9fb14be047e85483e7b1ec76c27f8a6c77ded8bb,0x000000000000000000000000d10f420f61fb8e7c,61641733,0x8a46f70e060edea6343934141142e5f0d65190651956784b8178b59ff5361f1b,1758230143,2025-09-18T21:15:43.000Z
0x9fb14be047e85483e7b1ec76c27f8a6c77ded8bb,0x000000000000000000000000df9729e425c7e2be,61641733,0x8a46f70e060edea6343934141142e5f0d65190651956784b8178b59ff5361f1b,1758230143,2025-09-18T21:15:43.000Z
0x9fb14be047e85483e7b1ec76c27f8a6c77ded8bb,0x00000000000000000000000088677928d919004a,61641733,0x8a46f70e060edea6343934141142e5f0d65190651956784b8178b59ff5361f1b,1758230143,2025-09-18T21:15:43.000Z
0x9fb14be047e85483e7b1ec76c27f8a6c77ded8bb,0x000000000000000000000000de5b54362e53ef23,61641733,0x8a46f70e060edea6343934141142e5f0d65190651956784b8178b59ff5361f1b,1758230143,2025-09-18T21:15:43.000Z
0xc14e736e9d8602376a86ee5ba8efa2aeb61f2a00,0x000000000000000000000000d10f420f61fb8e7c,61696080,0x85ad1ffd59e7ec97749b0a46a39c43451e2e66cdbaddb76b0ab4c084b2d5a54e,1758270908,2025-09-19T08:35:08.000Z
0xc14e736e9d8602376a86ee5ba8efa2aeb61f2a00,0x000000000000000000000000df9729e425c7e2be,61696080,0x85ad1ffd59e7ec97749b0a46a39c43451e2e66cdbaddb76b0ab4c084b2d5a54e,1758270908,2025-09-19T08:35:08.000Z
0xc14e736e9d8602376a86ee5ba8efa2aeb61f2a00,0x00000000000000000000000088677928d919004a,61696080,0x85ad1ffd59e7ec97749b0a46a39c43451e2e66cdbaddb76b0ab4c084b2d5a54e,1758270908,2025-09-19T08:35:08.000Z
0xc14e736e9d8602376a86ee5ba8efa2aeb61f2a00,0x000000000000000000000000de5b54362e53ef23,61696080,0x85ad1ffd59e7ec97749b0a46a39c43451e2e66cdbaddb76b0ab4c084b2d5a54e,1758270908,2025-09-19T08:35:08.000Z
0x001cf5a7520a553fa593ba29a31e66344c0313d5,0x000000000000000000000000107bb14cc71a278e,61696240,0x5990b24e6dc2d6cf4fbf08f0f01f899fc687bd7afaa4c19a0e0263a5a18919c0,1758271028,2025-09-19T08:37:08.000Z
0x001cf5a7520a553fa593ba29a31e66344c0313d5,0x00000000000000000000000092d6d3fbe4067a2f,61696240,0x5990b24e6dc2d6cf4fbf08f0f01f899fc687bd7afaa4c19a0e0263a5a18919c0,1758271028,2025-09-19T08:37:08.000Z
0x001cf5a7520a553fa593ba29a31e66344c0313d5,0x0000000000000000000000008d66facd7673f48c,61696240,0x5990b24e6dc2d6cf4fbf08f0f01f899fc687bd7afaa4c19a0e0263a5a18919c0,1758271028,2025-09-19T08:37:08.000Z
0x001cf5a7520a553fa593ba29a31e66344c0313d5,0x000000000000000000000000de5b54362e53ef23,61696240,0x5990b24e6dc2d6cf4fbf08f0f01f899fc687bd7afaa4c19a0e0263a5a18919c0,1758271028,2025-09-19T08:37:08.000Z
0x755d3d3864b4eaf01109a0b53939a18798cf9c36,0x000000000000000000000000195fd033be64ef32,61702063,0x285f4340345a11ad3b59d41fe1855a9076645edfeaa006e6aaeadcd93ba2be44,1758275397,2025-09-19T09:49:57.000Z
0x755d3d3864b4eaf01109a0b53939a18798cf9c36,0x0000000000000000000000002356eedaea55128f,61702063,0x285f4340345a11ad3b59d41fe1855a9076645edfeaa006e6aaeadcd93ba2be44,1758275397,2025-09-19T09:49:57.000Z
0x755d3d3864b4eaf01109a0b53939a18798cf9c36,0x00000000000000000000000021af484ac218e322,61702063,0x285f4340345a11ad3b59d41fe1855a9076645edfeaa006e6aaeadcd93ba2be44,1758275397,2025-09-19T09:49:57.000Z
0x755d3d3864b4eaf01109a0b53939a18798cf9c36,0x000000000000000000000000de5b54362e53ef23,61702063,0x285f4340345a11ad3b59d41fe1855a9076645edfeaa006e6aaeadcd93ba2be44,1758275397,2025-09-19T09:49:57.000Z
0x9148af170d19ede0d326163fdda7f05e01d8f270,0x0000000000000000000000002d67f38a56ca845e,61833988,0x73da3e991943f00889590c10c6e381b1aa59c9f3788c40f5bdb8eaa603a6abf9,1758374349,2025-09-20T13:19:09.000Z
0x9148af170d19ede0d326163fdda7f05e01d8f270,0x0000000000000000000000001b49e177b8dfe3fe,61833988,0x73da3e991943f00889590c10c6e381b1aa59c9f3788c40f5bdb8eaa603a6abf9,1758374349,2025-09-20T13:19:09.000Z
0x9148af170d19ede0d326163fdda7f05e01d8f270,0x0000000000000000000000004326a4441a01a4e7,61833988,0x73da3e991943f00889590c10c6e381b1aa59c9f3788c40f5bdb8eaa603a6abf9,1758374349,2025-09-20T13:19:09.000Z
0x9148af170d19ede0d326163fdda7f05e01d8f270,0x000000000000000000000000de5b54362e53ef23,61833988,0x73da3e991943f00889590c10c6e381b1aa59c9f3788c40f5bdb8eaa603a6abf9,1758374349,2025-09-20T13:19:09.000Z
0x1eceee8ef8422f1d4069ef9d6effe81eabc3f43c,0x000000000000000000000000195fd033be64ef32,61834025,0xf8a25d14828f90bbc957c8745aa6b3badff326866ff4330bc4e39a15b0340382,1758374377,2025-09-20T13:19:37.000Z
0x1eceee8ef8422f1d4069ef9d6effe81eabc3f43c,0x0000000000000000000000002356eedaea55128f,61834025,0xf8a25d14828f90bbc957c8745aa6b3badff326866ff4330bc4e39a15b0340382,1758374377,2025-09-20T13:19:37.000Z
0x1eceee8ef8422f1d4069ef9d6effe81eabc3f43c,0x00000000000000000000000021af484ac218e322,61834025,0xf8a25d14828f90bbc957c8745aa6b3badff326866ff4330bc4e39a15b0340382,1758374377,2025-09-20T13:19:37.000Z
0x1eceee8ef8422f1d4069ef9d6effe81eabc3f43c,0x000000000000000000000000de5b54362e53ef23,61834025,0xf8a25d14828f90bbc957c8745aa6b3badff326866ff4330bc4e39a15b0340382,1758374377,2025-09-20T13:19:37.000Z
0x3a04e7978d154e473bb69e7d288ed102ba823de7,0x0000000000000000000000001c7a6b7a7b93d231,61841304,0xe4553a1f3b23f3e9c2a581b45a6203545d626eea11600b35569d358e4a6c4f9e,1758379837,2025-09-20T14:50:37.000Z
0x3a04e7978d154e473bb69e7d288ed102ba823de7,0x00000000000000000000000056b1094c199961a0,61841304,0xe4553a1f3b23f3e9c2a581b45a6203545d626eea11600b35569d358e4a6c4f9e,1758379837,2025-09-20T14:50:37.000Z
0x3a04e7978d154e473bb69e7d288ed102ba823de7,0x000000000000000000000000df9729e425c7e2be,61841304,0xe4553a1f3b23f3e9c2a581b45a6203545d626eea11600b35569d358e4a6c4f9e,1758379837,2025-09-20T14:50:37.000Z
0x3a04e7978d154e473bb69e7d288ed102ba823de7,0x000000000000000000000000de5b54362e53ef23,61841304,0xe4553a1f3b23f3e9c2a581b45a6203545d626eea11600b35569d358e4a6c4f9e,1758379837,2025-09-20T14:50:37.000Z
0xd5c3680d85c6bdf04439541e3d0b0895bc5aabbb,0x0000000000000000000000003a04e7978d154e47,61859942,0x84ebebce3bcf12d14f6abf6e8d9a32edd79869d18ac5e66a241ffb101b1ff843,1758393816,2025-09-20T18:43:36.000Z
0xd5c3680d85c6bdf04439541e3d0b0895bc5aabbb,0x0000000000000000000000001c7a6b7a7b93d231,61859942,0x84ebebce3bcf12d14f6abf6e8d9a32edd79869d18ac5e66a241ffb101b1ff843,1758393816,2025-09-20T18:43:36.000Z
0xd5c3680d85c6bdf04439541e3d0b0895bc5aabbb,0x00000000000000000000000056b1094c199961a0,61859942,0x84ebebce3bcf12d14f6abf6e8d9a32edd79869d18ac5e66a241ffb101b1ff843,1758393816,2025-09-20T18:43:36.000Z
0xd5c3680d85c6bdf04439541e3d0b0895bc5aabbb,0x000000000000000000000000de5b54362e53ef23,61859942,0x84ebebce3bcf12d14f6abf6e8d9a32edd79869d18ac5e66a241ffb101b1ff843,1758393816,2025-09-20T18:43:36.000Z
0xef2e941fe377b2d5fb074b6d45997e7611375f7c,0x0000000000000000000000005c2379feb7e0380d,61935583,0xc6ca03c7190bff69e35f8040a2a0993815c9660aa21b19824e9edc8e6c3a4ad1,1758450556,2025-09-21T10:29:16.000Z
0xef2e941fe377b2d5fb074b6d45997e7611375f7c,0x000000000000000000000000f3be19f07631fc43,61935583,0xc6ca03c7190bff69e35f8040a2a0993815c9660aa21b19824e9edc8e6c3a4ad1,1758450556,2025-09-21T10:29:16.000Z
0xef2e941fe377b2d5fb074b6d45997e7611375f7c,0x0000000000000000000000000e5cd4c82f2dc41c,61935583,0xc6ca03c7190bff69e35f8040a2a0993815c9660aa21b19824e9edc8e6c3a4ad1,1758450556,2025-09-21T10:29:16.000Z
0xef2e941fe377b2d5fb074b6d45997e7611375f7c,0x000000000000000000000000de5b54362e53ef23,61935583,0xc6ca03c7190bff69e35f8040a2a0993815c9660aa21b19824e9edc8e6c3a4ad1,1758450556,2025-09-21T10:29:16.000Z
0x9c294da53bccfde3c8c6bacbe7004b8176198b19,0x000000000000000000000000195fd033be64ef32,61942015,0x1e671a149eb41f9d16094c661850415842692dbf924babf0fc12fb0a53f4d551,1758455380,2025-09-21T11:49:40.000Z
0x9c294da53bccfde3c8c6bacbe7004b8176198b19,0x0000000000000000000000002356eedaea55128f,61942015,0x1e671a149eb41f9d16094c661850415842692dbf924babf0fc12fb0a53f4d551,1758455380,2025-09-21T11:49:40.000Z
0x9c294da53bccfde3c8c6bacbe7004b8176198b19,0x00000000000000000000000021af484ac218e322,61942015,0x1e671a149eb41f9d16094c661850415842692dbf924babf0fc12fb0a53f4d551,1758455380,2025-09-21T11:49:40.000Z
0x9c294da53bccfde3c8c6bacbe7004b8176198b19,0x000000000000000000000000de5b54362e53ef23,61942015,0x1e671a149eb41f9d16094c661850415842692dbf924babf0fc12fb0a53f4d551,1758455380,2025-09-21T11:49:40.000Z
0xf209b9ecd8be5829601fe7c80789f26c1fdab728,0x000000000000000000000000b2b98660ee73de2e,61944271,0xa6161bf41ffdec21614e3a7c8364c9958287953712ccf799fb45160ef5a32b7e,1758457072,2025-09-21T12:17:52.000Z
0xf209b9ecd8be5829601fe7c80789f26c1fdab728,0x000000000000000000000000842cdd2a6be2452e,61944271,0xa6161bf41ffdec21614e3a7c8364c9958287953712ccf799fb45160ef5a32b7e,1758457072,2025-09-21T12:17:52.000Z
0xf209b9ecd8be5829601fe7c80789f26c1fdab728,0x000000000000000000000000eb0a38a05b4cf356,61944271,0xa6161bf41ffdec21614e3a7c8364c9958287953712ccf799fb45160ef5a32b7e,1758457072,2025-09-21T12:17:52.000Z
0xf209b9ecd8be5829601fe7c80789f26c1fdab728,0x000000000000000000000000de5b54362e53ef23,61944271,0xa6161bf41ffdec21614e3a7c8364c9958287953712ccf799fb45160ef5a32b7e,1758457072,2025-09-21T12:17:52.000Z
0xc3793fa8827d4b859127f55e3fa28c389be0bfbf,0x000000000000000000000000d5c3680d85c6bdf0,61947276,0x44ab28a9b8e30d6c25cb7297a22af46959f267c98b95430f50c3ec49091128cd,1758459326,2025-09-21T12:55:26.000Z
0xc3793fa8827d4b859127f55e3fa28c389be0bfbf,0x0000000000000000000000003a04e7978d154e47,61947276,0x44ab28a9b8e30d6c25cb7297a22af46959f267c98b95430f50c3ec49091128cd,1758459326,2025-09-21T12:55:26.000Z
0xc3793fa8827d4b859127f55e3fa28c389be0bfbf,0x0000000000000000000000001c7a6b7a7b93d231,61947276,0x44ab28a9b8e30d6c25cb7297a22af46959f267c98b95430f50c3ec49091128cd,1758459326,2025-09-21T12:55:26.000Z
0xc3793fa8827d4b859127f55e3fa28c389be0bfbf,0x000000000000000000000000de5b54362e53ef23,61947276,0x44ab28a9b8e30d6c25cb7297a22af46959f267c98b95430f50c3ec49091128cd,1758459326,2025-09-21T12:55:26.000Z
0xebc989a4422ed01f60e06f3543b80453ffc57a6e,0x0000000000000000000000001d260f84ecc1fc3b,61949003,0xcd64acd42c34eb796b314a97b371a82bbe89f0c90cf3984135db3d3247b5a4c4,1758460622,2025-09-21T13:17:02.000Z
0xebc989a4422ed01f60e06f3543b80453ffc57a6e,0x000000000000000000000000a872fbe1ccb1f673,61949003,0xcd64acd42c34eb796b314a97b371a82bbe89f0c90cf3984135db3d3247b5a4c4,1758460622,2025-09-21T13:17:02.000Z
0xebc989a4422ed01f60e06f3543b80453ffc57a6e,0x0000000000000000000000001c7a6b7a7b93d231,61949003,0xcd64acd42c34eb796b314a97b371a82bbe89f0c90cf3984135db3d3247b5a4c4,1758460622,2025-09-21T13:17:02.000Z
0xebc989a4422ed01f60e06f3543b80453ffc57a6e,0x000000000000000000000000de5b54362e53ef23,61949003,0xcd64acd42c34eb796b314a97b371a82bbe89f0c90cf3984135db3d3247b5a4c4,1758460622,2025-09-21T13:17:02.000Z
0xd03aec4050764fc5a65dbbe0bd539c647731a806,0x0000000000000000000000001d260f84ecc1fc3b,61949495,0xb91995e3abac4e717503d788683a8b072fdc7422b713d951b250f10b506b7c52,1758460991,2025-09-21T13:23:11.000Z
0xd03aec4050764fc5a65dbbe0bd539c647731a806,0x000000000000000000000000a872fbe1ccb1f673,61949495,0xb91995e3abac4e717503d788683a8b072fdc7422b713d951b250f10b506b7c52,1758460991,2025-09-21T13:23:11.000Z
0xd03aec4050764fc5a65dbbe0bd539c647731a806,0x0000000000000000000000001c7a6b7a7b93d231,61949495,0xb91995e3abac4e717503d788683a8b072fdc7422b713d951b250f10b506b7c52,1758460991,2025-09-21T13:23:11.000Z
0xd03aec4050764fc5a65dbbe0bd539c647731a806,0x000000000000000000000000de5b54362e53ef23,61949495,0xb91995e3abac4e717503d788683a8b072fdc7422b713d951b250f10b506b7c52,1758460991,2025-09-21T13:23:11.000Z
0xf7d5dde23e0b9582c246dc90426cd81f72bd4208,0x000000000000000000000000c9134355da931bb6,62023225,0x3912cb036b2cf42c4aed74ac19876836f8705e9b999c1a1ab5f18fc2f53203df,1758516294,2025-09-22T04:44:54.000Z
0xf7d5dde23e0b9582c246dc90426cd81f72bd4208,0x000000000000000000000000ceba129e0462c7e5,62023225,0x3912cb036b2cf42c4aed74ac19876836f8705e9b999c1a1ab5f18fc2f53203df,1758516294,2025-09-22T04:44:54.000Z
0xf7d5dde23e0b9582c246dc90426cd81f72bd4208,0x000000000000000000000000c0db02f3b35ee917,62023225,0x3912cb036b2cf42c4aed74ac19876836f8705e9b999c1a1ab5f18fc2f53203df,1758516294,2025-09-22T04:44:54.000Z
0xf7d5dde23e0b9582c246dc90426cd81f72bd4208,0x000000000000000000000000de5b54362e53ef23,62023225,0x3912cb036b2cf42c4aed74ac19876836f8705e9b999c1a1ab5f18fc2f53203df,1758516294,2025-09-22T04:44:54.000Z
0xe2bd913a4ec2363112fecf5ac3e95e259f705ce5,0x0000000000000000000000005fb24617e8a509a3,62036574,0x408f20adade1ff75cd9e54bf577d4fa0a8da5db214b20fbe09644a74e199cc10,1758526312,2025-09-22T07:31:52.000Z
0xe2bd913a4ec2363112fecf5ac3e95e259f705ce5,0x0000000000000000000000002356eedaea55128f,62036574,0x408f20adade1ff75cd9e54bf577d4fa0a8da5db214b20fbe09644a74e199cc10,1758526312,2025-09-22T07:31:52.000Z
0xe2bd913a4ec2363112fecf5ac3e95e259f705ce5,0x00000000000000000000000021af484ac218e322,62036574,0x408f20adade1ff75cd9e54bf577d4fa0a8da5db214b20fbe09644a74e199cc10,1758526312,2025-09-22T07:31:52.000Z
0xe2bd913a4ec2363112fecf5ac3e95e259f705ce5,0x000000000000000000000000de5b54362e53ef23,62036574,0x408f20adade1ff75cd9e54bf577d4fa0a8da5db214b20fbe09644a74e199cc10,1758526312,2025-09-22T07:31:52.000Z
0x698defd70116b7f22a213846b3130c2265cb5148,0x0000000000000000000000002356eedaea55128f,62038817,0xbe3dd2f1ebe1773a63ffb3ab5ca0ddb146eea3d1cd5b8095252028a775e42b79,1758527995,2025-09-22T07:59:55.000Z
0x698defd70116b7f22a213846b3130c2265cb5148,0x00000000000000000000000021af484ac218e322,62038817,0xbe3dd2f1ebe1773a63ffb3ab5ca0ddb146eea3d1cd5b8095252028a775e42b79,1758527995,2025-09-22T07:59:55.000Z
0x698defd70116b7f22a213846b3130c2265cb5148,0x000000000000000000000000a3beed4a3ec3bbd1,62038817,0xbe3dd2f1ebe1773a63ffb3ab5ca0ddb146eea3d1cd5b8095252028a775e42b79,1758527995,2025-09-22T07:59:55.000Z
0x698defd70116b7f22a213846b3130c2265cb5148,0x000000000000000000000000de5b54362e53ef23,62038817,0xbe3dd2f1ebe1773a63ffb3ab5ca0ddb146eea3d1cd5b8095252028a775e42b79,1758527995,2025-09-22T07:59:55.000Z
0xeccb9e30e148ca6827bade231aa9cd1796cffddf,0x0000000000000000000000006ffeb2bfc1f2c9d1,62045265,0x6b9a72f3b4b2e98fb1534b81defb6dec3d5bcc1f6c2dca54d951017a945b35a7,1758532831,2025-09-22T09:20:31.000Z
0xeccb9e30e148ca6827bade231aa9cd1796cffddf,0x00000000000000000000000088ecbcc049b7d047,62045265,0x6b9a72f3b4b2e98fb1534b81defb6dec3d5bcc1f6c2dca54d951017a945b35a7,1758532831,2025-09-22T09:20:31.000Z
0xeccb9e30e148ca6827bade231aa9cd1796cffddf,0x000000000000000000000000b2b98660ee73de2e,62045265,0x6b9a72f3b4b2e98fb1534b81defb6dec3d5bcc1f6c2dca54d951017a945b35a7,1758532831,2025-09-22T09:20:31.000Z
0xeccb9e30e148ca6827bade231aa9cd1796cffddf,0x000000000000000000000000de5b54362e53ef23,62045265,0x6b9a72f3b4b2e98fb1534b81defb6dec3d5bcc1f6c2dca54d951017a945b35a7,1758532831,2025-09-22T09:20:31.000Z
0x32bcc51c16251cc29f0b54dc80f73b959cb30e90,0x000000000000000000000000f0a4f869dd7de8d4,62054970,0xe96335503387bbb4eb0366a681a6bdb22129aa3e0607c2266e0d6819f4015637,1758540114,2025-09-22T11:21:54.000Z
0x32bcc51c16251cc29f0b54dc80f73b959cb30e90,0x0000000000000000000000001b49e177b8dfe3fe,62054970,0xe96335503387bbb4eb0366a681a6bdb22129aa3e0607c2266e0d6819f4015637,1758540114,2025-09-22T11:21:54.000Z
0x32bcc51c16251cc29f0b54dc80f73b959cb30e90,0x0000000000000000000000004326a4441a01a4e7,62054970,0xe96335503387bbb4eb0366a681a6bdb22129aa3e0607c2266e0d6819f4015637,1758540114,2025-09-22T11:21:54.000Z
0x32bcc51c16251cc29f0b54dc80f73b959cb30e90,0x000000000000000000000000de5b54362e53ef23,62054970,0xe96335503387bbb4eb0366a681a6bdb22129aa3e0607c2266e0d6819f4015637,1758540114,2025-09-22T11:21:54.000Z
0x0aebfb930d6b5605f27ba5cf703117d6d3733e4b,0x0000000000000000000000001b49e177b8dfe3fe,62061031,0x14f05af3ce61f63262a66aa9beeeedf0911928c5c7020e7a361e048e84ff7284,1758544660,2025-09-22T12:37:40.000Z
0x0aebfb930d6b5605f27ba5cf703117d6d3733e4b,0x0000000000000000000000004326a4441a01a4e7,62061031,0x14f05af3ce61f63262a66aa9beeeedf0911928c5c7020e7a361e048e84ff7284,1758544660,2025-09-22T12:37:40.000Z
0x0aebfb930d6b5605f27ba5cf703117d6d3733e4b,0x000000000000000000000000836e659a3e173a60,62061031,0x14f05af3ce61f63262a66aa9beeeedf0911928c5c7020e7a361e048e84ff7284,1758544660,2025-09-22T12:37:40.000Z
0x0aebfb930d6b5605f27ba5cf703117d6d3733e4b,0x000000000000000000000000de5b54362e53ef23,62061031,0x14f05af3ce61f63262a66aa9beeeedf0911928c5c7020e7a361e048e84ff7284,1758544660,2025-09-22T12:37:40.000Z
0x242f6167200109d046392ac4fe67e6d4f5a6ea4e,0x0000000000000000000000002b3bc5a945059f77,62072856,0xc777b484d5db30b19c3c0f9a2c8c6004aa55e6db555ef3c5fd3acd646ca39bdf,1758553530,2025-09-22T15:05:30.000Z
0x242f6167200109d046392ac4fe67e6d4f5a6ea4e,0x000000000000000000000000a3beed4a3ec3bbd1,62072856,0xc777b484d5db30b19c3c0f9a2c8c6004aa55e6db555ef3c5fd3acd646ca39bdf,1758553530,2025-09-22T15:05:30.000Z
0x242f6167200109d046392ac4fe67e6d4f5a6ea4e,0x000000000000000000000000aafda259ae041fcc,62072856,0xc777b484d5db30b19c3c0f9a2c8c6004aa55e6db555ef3c5fd3acd646ca39bdf,1758553530,2025-09-22T15:05:30.000Z
0x242f6167200109d046392ac4fe67e6d4f5a6ea4e,0x000000000000000000000000de5b54362e53ef23,62072856,0xc777b484d5db30b19c3c0f9a2c8c6004aa55e6db555ef3c5fd3acd646ca39bdf,1758553530,2025-09-22T15:05:30.000Z
0xc02a29d84885f971b24adeeca4eedb11066b0b34,0x000000000000000000000000242f6167200109d0,62073616,0x7b30b4f35c4391a50c8743ebb8d6fa1bd87a4cb0bab2d0cc63d0ca8c124dd81a,1758554100,2025-09-22T15:15:00.000Z
0xc02a29d84885f971b24adeeca4eedb11066b0b34,0x0000000000000000000000002b3bc5a945059f77,62073616,0x7b30b4f35c4391a50c8743ebb8d6fa1bd87a4cb0bab2d0cc63d0ca8c124dd81a,1758554100,2025-09-22T15:15:00.000Z
0xc02a29d84885f971b24adeeca4eedb11066b0b34,0x000000000000000000000000a3beed4a3ec3bbd1,62073616,0x7b30b4f35c4391a50c8743ebb8d6fa1bd87a4cb0bab2d0cc63d0ca8c124dd81a,1758554100,2025-09-22T15:15:00.000Z
0xc02a29d84885f971b24adeeca4eedb11066b0b34,0x000000000000000000000000de5b54362e53ef23,62073616,0x7b30b4f35c4391a50c8743ebb8d6fa1bd87a4cb0bab2d0cc63d0ca8c124dd81a,1758554100,2025-09-22T15:15:00.000Z
0xd282363b3e7abe17898ebd0b1e1a32c81240247a,0x000000000000000000000000c02a29d84885f971,62074234,0xe241ed4d9c2ee3db3bfe30c0d1528192aa04d6967ddc861f56f3df3315838428,1758554564,2025-09-22T15:22:44.000Z
0xd282363b3e7abe17898ebd0b1e1a32c81240247a,0x000000000000000000000000242f6167200109d0,62074234,0xe241ed4d9c2ee3db3bfe30c0d1528192aa04d6967ddc861f56f3df3315838428,1758554564,2025-09-22T15:22:44.000Z
0xd282363b3e7abe17898ebd0b1e1a32c81240247a,0x0000000000000000000000002b3bc5a945059f77,62074234,0xe241ed4d9c2ee3db3bfe30c0d1528192aa04d6967ddc861f56f3df3315838428,1758554564,2025-09-22T15:22:44.000Z
0xd282363b3e7abe17898ebd0b1e1a32c81240247a,0x000000000000000000000000de5b54362e53ef23,62074234,0xe241ed4d9c2ee3db3bfe30c0d1528192aa04d6967ddc861f56f3df3315838428,1758554564,2025-09-22T15:22:44.000Z
0x13ba65cc1a4a23d4d7266fd0471a2f8d37bab7e2,0x000000000000000000000000637b2a53fd490479,62098028,0x1a7ecb2d071178a5dee587be8f7c2e843bd9d353e2007e77ffc65dc723e3c54b,1758572410,2025-09-22T20:20:10.000Z
0x13ba65cc1a4a23d4d7266fd0471a2f8d37bab7e2,0x0000000000000000000000006d3609a12043389b,62098028,0x1a7ecb2d071178a5dee587be8f7c2e843bd9d353e2007e77ffc65dc723e3c54b,1758572410,2025-09-22T20:20:10.000Z
0x13ba65cc1a4a23d4d7266fd0471a2f8d37bab7e2,0x000000000000000000000000d27ad3b5141e2b3c,62098028,0x1a7ecb2d071178a5dee587be8f7c2e843bd9d353e2007e77ffc65dc723e3c54b,1758572410,2025-09-22T20:20:10.000Z
0x13ba65cc1a4a23d4d7266fd0471a2f8d37bab7e2,0x000000000000000000000000de5b54362e53ef23,62098028,0x1a7ecb2d071178a5dee587be8f7c2e843bd9d353e2007e77ffc65dc723e3c54b,1758572410,2025-09-22T20:20:10.000Z
0x57a40fcf8ec59f9ed5f825f38459e54fd3195e72,0x00000000000000000000000013ba65cc1a4a23d4,62099715,0x30c6dc3983fe9f6b4f544614638020435632bcbe92f7143ac5504497a4116394,1758573676,2025-09-22T20:41:16.000Z
0x57a40fcf8ec59f9ed5f825f38459e54fd3195e72,0x000000000000000000000000637b2a53fd490479,62099715,0x30c6dc3983fe9f6b4f544614638020435632bcbe92f7143ac5504497a4116394,1758573676,2025-09-22T20:41:16.000Z
0x57a40fcf8ec59f9ed5f825f38459e54fd3195e72,0x0000000000000000000000006d3609a12043389b,62099715,0x30c6dc3983fe9f6b4f544614638020435632bcbe92f7143ac5504497a4116394,1758573676,2025-09-22T20:41:16.000Z
0x57a40fcf8ec59f9ed5f825f38459e54fd3195e72,0x000000000000000000000000de5b54362e53ef23,62099715,0x30c6dc3983fe9f6b4f544614638020435632bcbe92f7143ac5504497a4116394,1758573676,2025-09-22T20:41:16.000Z
0x434d64ced11fa7d38fe31da85e4703ef8a62182e,0x000000000000000000000000698defd70116b7f2,62180654,0x95269ebc6e077c143bbdcdd34809431bbfd5ceb52ad77138e6763546b42d9df1,1758634390,2025-09-23T13:33:10.000Z
0x434d64ced11fa7d38fe31da85e4703ef8a62182e,0x0000000000000000000000002356eedaea55128f,62180654,0x95269ebc6e077c143bbdcdd34809431bbfd5ceb52ad77138e6763546b42d9df1,1758634390,2025-09-23T13:33:10.000Z
0x434d64ced11fa7d38fe31da85e4703ef8a62182e,0x00000000000000000000000021af484ac218e322,62180654,0x95269ebc6e077c143bbdcdd34809431bbfd5ceb52ad77138e6763546b42d9df1,1758634390,2025-09-23T13:33:10.000Z
0x434d64ced11fa7d38fe31da85e4703ef8a62182e,0x000000000000000000000000de5b54362e53ef23,62180654,0x95269ebc6e077c143bbdcdd34809431bbfd5ceb52ad77138e6763546b42d9df1,1758634390,2025-09-23T13:33:10.000Z
0xa1a74b6aad4564fbc5e938f271e1c6079c09552d,0x000000000000000000000000195fd033be64ef32,62190148,0xa69af7869603d0790e98b7e672077e01505d0822238e633ae719899ab605322e,1758641511,2025-09-23T15:31:51.000Z
0xa1a74b6aad4564fbc5e938f271e1c6079c09552d,0x0000000000000000000000002356eedaea55128f,62190148,0xa69af7869603d0790e98b7e672077e01505d0822238e633ae719899ab605322e,1758641511,2025-09-23T15:31:51.000Z
0xa1a74b6aad4564fbc5e938f271e1c6079c09552d,0x00000000000000000000000021af484ac218e322,62190148,0xa69af7869603d0790e98b7e672077e01505d0822238e633ae719899ab605322e,1758641511,2025-09-23T15:31:51.000Z
0xa1a74b6aad4564fbc5e938f271e1c6079c09552d,0x000000000000000000000000de5b54362e53ef23,62190148,0xa69af7869603d0790e98b7e672077e01505d0822238e633ae719899ab605322e,1758641511,2025-09-23T15:31:51.000Z
0xc956641b27dff42b39be78fccb61485e81e226f6,0x000000000000000000000000107bb14cc71a278e,62266927,0x12b02dc748bd37b068b7e8e4ae58a74ff9b7781af7cccf513ddf6c7b41312f0c,1758699104,2025-09-24T07:31:44.000Z
0xc956641b27dff42b39be78fccb61485e81e226f6,0x00000000000000000000000092d6d3fbe4067a2f,62266927,0x12b02dc748bd37b068b7e8e4ae58a74ff9b7781af7cccf513ddf6c7b41312f0c,1758699104,2025-09-24T07:31:44.000Z
0xc956641b27dff42b39be78fccb61485e81e226f6,0x0000000000000000000000008d66facd7673f48c,62266927,0x12b02dc748bd37b068b7e8e4ae58a74ff9b7781af7cccf513ddf6c7b41312f0c,1758699104,2025-09-24T07:31:44.000Z
0xc956641b27dff42b39be78fccb61485e81e226f6,0x000000000000000000000000de5b54362e53ef23,62266927,0x12b02dc748bd37b068b7e8e4ae58a74ff9b7781af7cccf513ddf6c7b41312f0c,1758699104,2025-09-24T07:31:44.000Z
0x4baef833e5ae2fd1f5226b7a9b941fce2e65c852,0x000000000000000000000000ba68a891d3c02272,62303299,0x2ebf5fd58410d4409da7db448e8c05e1b5781daa687a0a108ffed932c21ad582,1758726386,2025-09-24T15:06:26.000Z
0x4baef833e5ae2fd1f5226b7a9b941fce2e65c852,0x000000000000000000000000c87b173cc66db02c,62303299,0x2ebf5fd58410d4409da7db448e8c05e1b5781daa687a0a108ffed932c21ad582,1758726386,2025-09-24T15:06:26.000Z
0x4baef833e5ae2fd1f5226b7a9b941fce2e65c852,0x000000000000000000000000979e49043d325a22,62303299,0x2ebf5fd58410d4409da7db448e8c05e1b5781daa687a0a108ffed932c21ad582,1758726386,2025-09-24T15:06:26.000Z
0x4baef833e5ae2fd1f5226b7a9b941fce2e65c852,0x000000000000000000000000de5b54362e53ef23,62303299,0x2ebf5fd58410d4409da7db448e8c05e1b5781daa687a0a108ffed932c21ad582,1758726386,2025-09-24T15:06:26.000Z
0x77e69dd71e0a74eef2779d8517fb4f93761321cf,0x000000000000000000000000001cf5a7520a553f,62318039,0x53fdb0ffe0476c8d3969b521a44cd192223b2ff72db24880603f6b44475215a0,1758737441,2025-09-24T18:10:41.000Z
0x77e69dd71e0a74eef2779d8517fb4f93761321cf,0x000000000000000000000000107bb14cc71a278e,62318039,0x53fdb0ffe0476c8d3969b521a44cd192223b2ff72db24880603f6b44475215a0,1758737441,2025-09-24T18:10:41.000Z
0x77e69dd71e0a74eef2779d8517fb4f93761321cf,0x00000000000000000000000092d6d3fbe4067a2f,62318039,0x53fdb0ffe0476c8d3969b521a44cd192223b2ff72db24880603f6b44475215a0,1758737441,2025-09-24T18:10:41.000Z
0x77e69dd71e0a74eef2779d8517fb4f93761321cf,0x000000000000000000000000de5b54362e53ef23,62318039,0x53fdb0ffe0476c8d3969b521a44cd192223b2ff72db24880603f6b44475215a0,1758737441,2025-09-24T18:10:41.000Z
0x5045765dcb737c4335e103e30bfed6eed3ae3394,0x00000000000000000000000088ecbcc049b7d047,62327947,0xb96681d8600871d0a47eacfbcfe027041ce45be93b0b6e424a4ac72d1fe7f513,1758744873,2025-09-24T20:14:33.000Z
0x5045765dcb737c4335e103e30bfed6eed3ae3394,0x000000000000000000000000b2b98660ee73de2e,62327947,0xb96681d8600871d0a47eacfbcfe027041ce45be93b0b6e424a4ac72d1fe7f513,1758744873,2025-09-24T20:14:33.000Z
0x5045765dcb737c4335e103e30bfed6eed3ae3394,0x000000000000000000000000842cdd2a6be2452e,62327947,0xb96681d8600871d0a47eacfbcfe027041ce45be93b0b6e424a4ac72d1fe7f513,1758744873,2025-09-24T20:14:33.000Z
0x5045765dcb737c4335e103e30bfed6eed3ae3394,0x000000000000000000000000de5b54362e53ef23,62327947,0xb96681d8600871d0a47eacfbcfe027041ce45be93b0b6e424a4ac72d1fe7f513,1758744873,2025-09-24T20:14:33.000Z
0x1df6853a4230a473f61f96c5538df147e0ec5a87,0x00000000000000000000000041fa7ea2c359a2f0,62388008,0xae0094a15728dd2c51a7ba2783111fa4a9005698467e807ef98378d95ac3851e,1758789922,2025-09-25T08:45:22.000Z
0x1df6853a4230a473f61f96c5538df147e0ec5a87,0x00000000000000000000000002d32f712712df82,62388008,0xae0094a15728dd2c51a7ba2783111fa4a9005698467e807ef98378d95ac3851e,1758789922,2025-09-25T08:45:22.000Z
0x1df6853a4230a473f61f96c5538df147e0ec5a87,0x00000000000000000000000092d6d3fbe4067a2f,62388008,0xae0094a15728dd2c51a7ba2783111fa4a9005698467e807ef98378d95ac3851e,1758789922,2025-09-25T08:45:22.000Z
0x1df6853a4230a473f61f96c5538df147e0ec5a87,0x000000000000000000000000de5b54362e53ef23,62388008,0xae0094a15728dd2c51a7ba2783111fa4a9005698467e807ef98378d95ac3851e,1758789922,2025-09-25T08:45:22.000Z
0xea2d9c6defc5808bb30aafa9d4c433288491548a,0x000000000000000000000000107bb14cc71a278e,62413277,0x5ea4ab6d0c7190768cd7eace41a1d7188ba14f926336f75b71618701a923ded6,1758808875,2025-09-25T14:01:15.000Z
0xea2d9c6defc5808bb30aafa9d4c433288491548a,0x00000000000000000000000092d6d3fbe4067a2f,62413277,0x5ea4ab6d0c7190768cd7eace41a1d7188ba14f926336f75b71618701a923ded6,1758808875,2025-09-25T14:01:15.000Z
0xea2d9c6defc5808bb30aafa9d4c433288491548a,0x0000000000000000000000008d66facd7673f48c,62413277,0x5ea4ab6d0c7190768cd7eace41a1d7188ba14f926336f75b71618701a923ded6,1758808875,2025-09-25T14:01:15.000Z
0xea2d9c6defc5808bb30aafa9d4c433288491548a,0x000000000000000000000000de5b54362e53ef23,62413277,0x5ea4ab6d0c7190768cd7eace41a1d7188ba14f926336f75b71618701a923ded6,1758808875,2025-09-25T14:01:15.000Z
0xcd0ae697e23aaf643b8108d7611a7e7948b6cff9,0x00000000000000000000000093575affb89ad34a,62429715,0x3a0953713e0b3d817d685a1021aba26df071298e03f7da068950e0ba8bbb0af7,1758821205,2025-09-25T17:26:45.000Z
0xcd0ae697e23aaf643b8108d7611a7e7948b6cff9,0x000000000000000000000000195fd033be64ef32,62429715,0x3a0953713e0b3d817d685a1021aba26df071298e03f7da068950e0ba8bbb0af7,1758821205,2025-09-25T17:26:45.000Z
0xcd0ae697e23aaf643b8108d7611a7e7948b6cff9,0x0000000000000000000000002356eedaea55128f,62429715,0x3a0953713e0b3d817d685a1021aba26df071298e03f7da068950e0ba8bbb0af7,1758821205,2025-09-25T17:26:45.000Z
0xcd0ae697e23aaf643b8108d7611a7e7948b6cff9,0x000000000000000000000000de5b54362e53ef23,62429715,0x3a0953713e0b3d817d685a1021aba26df071298e03f7da068950e0ba8bbb0af7,1758821205,2025-09-25T17:26:45.000Z
0x54e65199e9d0ca8d28fdf94a6b1a010f188f0caf,0x00000000000000000000000093575affb89ad34a,62493035,0x0bf8c9d7a67e6fc296cea0d7619af1e2ea01bc7a02d40f812d2a50965c7035ff,1758868701,2025-09-26T06:38:21.000Z
0x54e65199e9d0ca8d28fdf94a6b1a010f188f0caf,0x000000000000000000000000195fd033be64ef32,62493035,0x0bf8c9d7a67e6fc296cea0d7619af1e2ea01bc7a02d40f812d2a50965c7035ff,1758868701,2025-09-26T06:38:21.000Z
0x54e65199e9d0ca8d28fdf94a6b1a010f188f0caf,0x0000000000000000000000002356eedaea55128f,62493035,0x0bf8c9d7a67e6fc296cea0d7619af1e2ea01bc7a02d40f812d2a50965c7035ff,1758868701,2025-09-26T06:38:21.000Z
0x54e65199e9d0ca8d28fdf94a6b1a010f188f0caf,0x000000000000000000000000de5b54362e53ef23,62493035,0x0bf8c9d7a67e6fc296cea0d7619af1e2ea01bc7a02d40f812d2a50965c7035ff,1758868701,2025-09-26T06:38:21.000Z
0xbe7509064574892cb77bb32191ef15fa3a89dbf1,0x0000000000000000000000009fb14be047e85483,62525901,0xaf90914bb5a7ab5db8ee722063cc6519a1f88bbbfae21aec72fdfba721a09cd1,1758893356,2025-09-26T13:29:16.000Z
0xbe7509064574892cb77bb32191ef15fa3a89dbf1,0x000000000000000000000000d10f420f61fb8e7c,62525901,0xaf90914bb5a7ab5db8ee722063cc6519a1f88bbbfae21aec72fdfba721a09cd1,1758893356,2025-09-26T13:29:16.000Z
0xbe7509064574892cb77bb32191ef15fa3a89dbf1,0x000000000000000000000000df9729e425c7e2be,62525901,0xaf90914bb5a7ab5db8ee722063cc6519a1f88bbbfae21aec72fdfba721a09cd1,1758893356,2025-09-26T13:29:16.000Z
0xbe7509064574892cb77bb32191ef15fa3a89dbf1,0x000000000000000000000000de5b54362e53ef23,62525901,0xaf90914bb5a7ab5db8ee722063cc6519a1f88bbbfae21aec72fdfba721a09cd1,1758893356,2025-09-26T13:29:16.000Z
0x685e3b99a1fa5d575b58d39880fad67df4f86bc4,0x000000000000000000000000be7509064574892c,62527069,0xc42f723e3c05764281f767d3a39d27f482f9911047c6120a25477102db195f74,1758894232,2025-09-26T13:43:52.000Z
0x685e3b99a1fa5d575b58d39880fad67df4f86bc4,0x0000000000000000000000009fb14be047e85483,62527069,0xc42f723e3c05764281f767d3a39d27f482f9911047c6120a25477102db195f74,1758894232,2025-09-26T13:43:52.000Z
0x685e3b99a1fa5d575b58d39880fad67df4f86bc4,0x000000000000000000000000d10f420f61fb8e7c,62527069,0xc42f723e3c05764281f767d3a39d27f482f9911047c6120a25477102db195f74,1758894232,2025-09-26T13:43:52.000Z
0x685e3b99a1fa5d575b58d39880fad67df4f86bc4,0x000000000000000000000000de5b54362e53ef23,62527069,0xc42f723e3c05764281f767d3a39d27f482f9911047c6120a25477102db195f74,1758894232,2025-09-26T13:43:52.000Z
0xe9d95fd020bf2d72e5df1fdeac6a7e747ef1308d,0x000000000000000000000000685e3b99a1fa5d57,62527462,0x8bd4843af6f943f185e53b0d4bc59d0863b07e493859d6f142749391a8e4c228,1758894526,2025-09-26T13:48:46.000Z
0xe9d95fd020bf2d72e5df1fdeac6a7e747ef1308d,0x000000000000000000000000be7509064574892c,62527462,0x8bd4843af6f943f185e53b0d4bc59d0863b07e493859d6f142749391a8e4c228,1758894526,2025-09-26T13:48:46.000Z
0xe9d95fd020bf2d72e5df1fdeac6a7e747ef1308d,0x0000000000000000000000009fb14be047e85483,62527462,0x8bd4843af6f943f185e53b0d4bc59d0863b07e493859d6f142749391a8e4c228,1758894526,2025-09-26T13:48:46.000Z
0xe9d95fd020bf2d72e5df1fdeac6a7e747ef1308d,0x000000000000000000000000de5b54362e53ef23,62527462,0x8bd4843af6f943f185e53b0d4bc59d0863b07e493859d6f142749391a8e4c228,1758894526,2025-09-26T13:48:46.000Z
0xa6e5a56dc7ad9033fd09942c333f4657af2d8b07,0x000000000000000000000000d6ecbc0d6e1902db,62537559,0xc3e738c3286df29f736c8478bde7e551c043dd65cc2e0215a8391eb20b00e76a,1758902100,2025-09-26T15:55:00.000Z
0xa6e5a56dc7ad9033fd09942c333f4657af2d8b07,0x000000000000000000000000056e259dfd953287,62537559,0xc3e738c3286df29f736c8478bde7e551c043dd65cc2e0215a8391eb20b00e76a,1758902100,2025-09-26T15:55:00.000Z
0xa6e5a56dc7ad9033fd09942c333f4657af2d8b07,0x0000000000000000000000002c214e73f55a73f1,62537559,0xc3e738c3286df29f736c8478bde7e551c043dd65cc2e0215a8391eb20b00e76a,1758902100,2025-09-26T15:55:00.000Z
0xa6e5a56dc7ad9033fd09942c333f4657af2d8b07,0x000000000000000000000000de5b54362e53ef23,62537559,0xc3e738c3286df29f736c8478bde7e551c043dd65cc2e0215a8391eb20b00e76a,1758902100,2025-09-26T15:55:00.000Z
0x73b64c6ebfd8aa93ac71d0df48fe3fb72583196d,0x000000000000000000000000001cf5a7520a553f,62609887,0x908519fdbefe8e7237a4273e36f161d92c6814026ab57029be756f984bdf5651,1758956355,2025-09-27T06:59:15.000Z
0x73b64c6ebfd8aa93ac71d0df48fe3fb72583196d,0x000000000000000000000000107bb14cc71a278e,62609887,0x908519fdbefe8e7237a4273e36f161d92c6814026ab57029be756f984bdf5651,1758956355,2025-09-27T06:59:15.000Z
0x73b64c6ebfd8aa93ac71d0df48fe3fb72583196d,0x00000000000000000000000092d6d3fbe4067a2f,62609887,0x908519fdbefe8e7237a4273e36f161d92c6814026ab57029be756f984bdf5651,1758956355,2025-09-27T06:59:15.000Z
0x73b64c6ebfd8aa93ac71d0df48fe3fb72583196d,0x000000000000000000000000de5b54362e53ef23,62609887,0x908519fdbefe8e7237a4273e36f161d92c6814026ab57029be756f984bdf5651,1758956355,2025-09-27T06:59:15.000Z
0xf9eb0bfce4d63ccf09cb4665525651c1bc46f249,0x000000000000000000000000524ad71c5d57ad62,62629824,0x5ad250de2d2e59d305ba5e05284d8bb47329d7d427539fc8001bc08270d88e08,1758971317,2025-09-27T11:08:37.000Z
0xf9eb0bfce4d63ccf09cb4665525651c1bc46f249,0x000000000000000000000000195fd033be64ef32,62629824,0x5ad250de2d2e59d305ba5e05284d8bb47329d7d427539fc8001bc08270d88e08,1758971317,2025-09-27T11:08:37.000Z
0xf9eb0bfce4d63ccf09cb4665525651c1bc46f249,0x0000000000000000000000002356eedaea55128f,62629824,0x5ad250de2d2e59d305ba5e05284d8bb47329d7d427539fc8001bc08270d88e08,1758971317,2025-09-27T11:08:37.000Z
0xf9eb0bfce4d63ccf09cb4665525651c1bc46f249,0x000000000000000000000000de5b54362e53ef23,62629824,0x5ad250de2d2e59d305ba5e05284d8bb47329d7d427539fc8001bc08270d88e08,1758971317,2025-09-27T11:08:37.000Z
0x1376f43a61726dcd4cc1b70c6624458f260b5b56,0x0000000000000000000000003d83e6fa650ba958,62640890,0x9458933cb39a13d1ac47b39deb12fa59dd426ebf1f724040aff437c19c4a2e22,1758979618,2025-09-27T13:26:58.000Z
0x1376f43a61726dcd4cc1b70c6624458f260b5b56,0x0000000000000000000000008d66facd7673f48c,62640890,0x9458933cb39a13d1ac47b39deb12fa59dd426ebf1f724040aff437c19c4a2e22,1758979618,2025-09-27T13:26:58.000Z
0x1376f43a61726dcd4cc1b70c6624458f260b5b56,0x000000000000000000000000d2dd610da3363d3f,62640890,0x9458933cb39a13d1ac47b39deb12fa59dd426ebf1f724040aff437c19c4a2e22,1758979618,2025-09-27T13:26:58.000Z
0x1376f43a61726dcd4cc1b70c6624458f260b5b56,0x000000000000000000000000de5b54362e53ef23,62640890,0x9458933cb39a13d1ac47b39deb12fa59dd426ebf1f724040aff437c19c4a2e22,1758979618,2025-09-27T13:26:58.000Z
0xa788c2b644df72720ed86b1e1df564669f586637,0x0000000000000000000000001b49e177b8dfe3fe,62643388,0x8b5f5549bd37c1608b143acc08e38e3d6c8a11ee0b85cd445136e6c28a2f796b,1758981491,2025-09-27T13:58:11.000Z
0xa788c2b644df72720ed86b1e1df564669f586637,0x0000000000000000000000004326a4441a01a4e7,62643388,0x8b5f5549bd37c1608b143acc08e38e3d6c8a11ee0b85cd445136e6c28a2f796b,1758981491,2025-09-27T13:58:11.000Z
0xa788c2b644df72720ed86b1e1df564669f586637,0x000000000000000000000000836e659a3e173a60,62643388,0x8b5f5549bd37c1608b143acc08e38e3d6c8a11ee0b85cd445136e6c28a2f796b,1758981491,2025-09-27T13:58:11.000Z
0xa788c2b644df72720ed86b1e1df564669f586637,0x000000000000000000000000de5b54362e53ef23,62643388,0x8b5f5549bd37c1608b143acc08e38e3d6c8a11ee0b85cd445136e6c28a2f796b,1758981491,2025-09-27T13:58:11.000Z
0x9c9c28036aa60467c52af7c699a4bb67f6525acb,0x000000000000000000000000001cf5a7520a553f,62665318,0x4a029ce0f4c638dc2561b2bd625548e8557240b0ae98cd01b6140a7a00a692b7,1758997949,2025-09-27T18:32:29.000Z
0x9c9c28036aa60467c52af7c699a4bb67f6525acb,0x000000000000000000000000107bb14cc71a278e,62665318,0x4a029ce0f4c638dc2561b2bd625548e8557240b0ae98cd01b6140a7a00a692b7,1758997949,2025-09-27T18:32:29.000Z
0x9c9c28036aa60467c52af7c699a4bb67f6525acb,0x00000000000000000000000092d6d3fbe4067a2f,62665318,0x4a029ce0f4c638dc2561b2bd625548e8557240b0ae98cd01b6140a7a00a692b7,1758997949,2025-09-27T18:32:29.000Z
0x9c9c28036aa60467c52af7c699a4bb67f6525acb,0x000000000000000000000000de5b54362e53ef23,62665318,0x4a029ce0f4c638dc2561b2bd625548e8557240b0ae98cd01b6140a7a00a692b7,1758997949,2025-09-27T18:32:29.000Z
0xdc535fb7b68bafd505e2a091f6c1d878bdf2f7d8,0x00000000000000000000000003901b80eef5a9ed,62705463,0x8aed49a373b3dd47e3bb4a5c41a40a6289f3defab95f5d1e3dff2a49c3c1279d,1759028072,2025-09-28T02:54:32.000Z
0xdc535fb7b68bafd505e2a091f6c1d878bdf2f7d8,0x00000000000000000000000068b17e1d670cb7ab,62705463,0x8aed49a373b3dd47e3bb4a5c41a40a6289f3defab95f5d1e3dff2a49c3c1279d,1759028072,2025-09-28T02:54:32.000Z
0xdc535fb7b68bafd505e2a091f6c1d878bdf2f7d8,0x000000000000000000000000788302f3e6b6955a,62705463,0x8aed49a373b3dd47e3bb4a5c41a40a6289f3defab95f5d1e3dff2a49c3c1279d,1759028072,2025-09-28T02:54:32.000Z
0xdc535fb7b68bafd505e2a091f6c1d878bdf2f7d8,0x000000000000000000000000de5b54362e53ef23,62705463,0x8aed49a373b3dd47e3bb4a5c41a40a6289f3defab95f5d1e3dff2a49c3c1279d,1759028072,2025-09-28T02:54:32.000Z
0xa35b7d9b5157360281ccbb034e248ec314f8b4fd,0x000000000000000000000000dc535fb7b68bafd5,62706910,0x4ccf0ed5cf1d9e2bf4044b10b439bbc91d03fd3749de79e1cdcc81c887f02f00,1759029157,2025-09-28T03:12:37.000Z
0xa35b7d9b5157360281ccbb034e248ec314f8b4fd,0x00000000000000000000000003901b80eef5a9ed,62706910,0x4ccf0ed5cf1d9e2bf4044b10b439bbc91d03fd3749de79e1cdcc81c887f02f00,1759029157,2025-09-28T03:12:37.000Z
0xa35b7d9b5157360281ccbb034e248ec314f8b4fd,0x00000000000000000000000068b17e1d670cb7ab,62706910,0x4ccf0ed5cf1d9e2bf4044b10b439bbc91d03fd3749de79e1cdcc81c887f02f00,1759029157,2025-09-28T03:12:37.000Z
0xa35b7d9b5157360281ccbb034e248ec314f8b4fd,0x000000000000000000000000de5b54362e53ef23,62706910,0x4ccf0ed5cf1d9e2bf4044b10b439bbc91d03fd3749de79e1cdcc81c887f02f00,1759029157,2025-09-28T03:12:37.000Z
0x538ed4ce5f4670ea47c6a574395ede0348459d83,0x000000000000000000000000001cf5a7520a553f,62717919,0x86fd4768374f0124f42415f524647dfadcad4d6de49a40dcf1bcacee8e624ddb,1759037418,2025-09-28T05:30:18.000Z
0x538ed4ce5f4670ea47c6a574395ede0348459d83,0x000000000000000000000000107bb14cc71a278e,62717919,0x86fd4768374f0124f42415f524647dfadcad4d6de49a40dcf1bcacee8e624ddb,1759037418,2025-09-28T05:30:18.000Z
0x538ed4ce5f4670ea47c6a574395ede0348459d83,0x00000000000000000000000092d6d3fbe4067a2f,62717919,0x86fd4768374f0124f42415f524647dfadcad4d6de49a40dcf1bcacee8e624ddb,1759037418,2025-09-28T05:30:18.000Z
0x538ed4ce5f4670ea47c6a574395ede0348459d83,0x000000000000000000000000de5b54362e53ef23,62717919,0x86fd4768374f0124f42415f524647dfadcad4d6de49a40dcf1bcacee8e624ddb,1759037418,2025-09-28T05:30:18.000Z
0xa68a1b178bd3a1be9da42f73c22f38acfdae4937,0x0000000000000000000000005cb0a2f1d9e76c8a,62727767,0x95fbae3dfd887b985a6278f32722bd69956b5473b6b4d3cdb2beef534424194a,1759044805,2025-09-28T07:33:25.000Z
0xa68a1b178bd3a1be9da42f73c22f38acfdae4937,0x0000000000000000000000001b49e177b8dfe3fe,62727767,0x95fbae3dfd887b985a6278f32722bd69956b5473b6b4d3cdb2beef534424194a,1759044805,2025-09-28T07:33:25.000Z
0xa68a1b178bd3a1be9da42f73c22f38acfdae4937,0x0000000000000000000000004326a4441a01a4e7,62727767,0x95fbae3dfd887b985a6278f32722bd69956b5473b6b4d3cdb2beef534424194a,1759044805,2025-09-28T07:33:25.000Z
0xa68a1b178bd3a1be9da42f73c22f38acfdae4937,0x000000000000000000000000de5b54362e53ef23,62727767,0x95fbae3dfd887b985a6278f32722bd69956b5473b6b4d3cdb2beef534424194a,1759044805,2025-09-28T07:33:25.000Z
0x6adbc6cb013f3b79c938ec6444152c099595b8d3,0x000000000000000000000000107bb14cc71a278e,62746685,0x4142e61903cf3616221a805f11f6183273159009da2ac0310340ca30de8f0321,1759058995,2025-09-28T11:29:55.000Z
0x6adbc6cb013f3b79c938ec6444152c099595b8d3,0x00000000000000000000000092d6d3fbe4067a2f,62746685,0x4142e61903cf3616221a805f11f6183273159009da2ac0310340ca30de8f0321,1759058995,2025-09-28T11:29:55.000Z
0x6adbc6cb013f3b79c938ec6444152c099595b8d3,0x0000000000000000000000008d66facd7673f48c,62746685,0x4142e61903cf3616221a805f11f6183273159009da2ac0310340ca30de8f0321,1759058995,2025-09-28T11:29:55.000Z
0x6adbc6cb013f3b79c938ec6444152c099595b8d3,0x000000000000000000000000de5b54362e53ef23,62746685,0x4142e61903cf3616221a805f11f6183273159009da2ac0310340ca30de8f0321,1759058995,2025-09-28T11:29:55.000Z
0x5f0dcb7e9932f854660c39da53d4fc5077d05b3b,0x000000000000000000000000cc459c4556da0158,62837493,0x83d7a360c2f1963aa88cfe31fac4a7878a149328eed4101e5021441b70bc3a11,1759127143,2025-09-29T06:25:43.000Z
0x5f0dcb7e9932f854660c39da53d4fc5077d05b3b,0x00000000000000000000000083c1d8839b952306,62837493,0x83d7a360c2f1963aa88cfe31fac4a7878a149328eed4101e5021441b70bc3a11,1759127143,2025-09-29T06:25:43.000Z
0x5f0dcb7e9932f854660c39da53d4fc5077d05b3b,0x000000000000000000000000d2dd610da3363d3f,62837493,0x83d7a360c2f1963aa88cfe31fac4a7878a149328eed4101e5021441b70bc3a11,1759127143,2025-09-29T06:25:43.000Z
0x5f0dcb7e9932f854660c39da53d4fc5077d05b3b,0x000000000000000000000000de5b54362e53ef23,62837493,0x83d7a360c2f1963aa88cfe31fac4a7878a149328eed4101e5021441b70bc3a11,1759127143,2025-09-29T06:25:43.000Z
0x47cabc1480433b2c21dc50304e4f1d427c5652d6,0x000000000000000000000000107bb14cc71a278e,62841606,0x67b4f0f32d0534ddf7c53f6880e2b5fbfd9df63b0bbd8c8381fc405b4a2291be,1759130227,2025-09-29T07:17:07.000Z
0x47cabc1480433b2c21dc50304e4f1d427c5652d6,0x00000000000000000000000092d6d3fbe4067a2f,62841606,0x67b4f0f32d0534ddf7c53f6880e2b5fbfd9df63b0bbd8c8381fc405b4a2291be,1759130227,2025-09-29T07:17:07.000Z
0x47cabc1480433b2c21dc50304e4f1d427c5652d6,0x0000000000000000000000008d66facd7673f48c,62841606,0x67b4f0f32d0534ddf7c53f6880e2b5fbfd9df63b0bbd8c8381fc405b4a2291be,1759130227,2025-09-29T07:17:07.000Z
0x47cabc1480433b2c21dc50304e4f1d427c5652d6,0x000000000000000000000000de5b54362e53ef23,62841606,0x67b4f0f32d0534ddf7c53f6880e2b5fbfd9df63b0bbd8c8381fc405b4a2291be,1759130227,2025-09-29T07:17:07.000Z
0x8eb7f69c72eca250a6dc5d1f5d20142968b3ef25,0x00000000000000000000000047cabc1480433b2c,62843814,0x76f552de7af7510af2bcff948acd46e7dc26a4bc8c317b44c3754271b33d221d,1759131884,2025-09-29T07:44:44.000Z
0x8eb7f69c72eca250a6dc5d1f5d20142968b3ef25,0x000000000000000000000000107bb14cc71a278e,62843814,0x76f552de7af7510af2bcff948acd46e7dc26a4bc8c317b44c3754271b33d221d,1759131884,2025-09-29T07:44:44.000Z
0x8eb7f69c72eca250a6dc5d1f5d20142968b3ef25,0x00000000000000000000000092d6d3fbe4067a2f,62843814,0x76f552de7af7510af2bcff948acd46e7dc26a4bc8c317b44c3754271b33d221d,1759131884,2025-09-29T07:44:44.000Z
0x8eb7f69c72eca250a6dc5d1f5d20142968b3ef25,0x000000000000000000000000de5b54362e53ef23,62843814,0x76f552de7af7510af2bcff948acd46e7dc26a4bc8c317b44c3754271b33d221d,1759131884,2025-09-29T07:44:44.000Z
0x89fa096f34c869f506379b4c0f496577b740cdb2,0x000000000000000000000000001cf5a7520a553f,62844989,0x1cc9734e203f906fea3fa33d35d92c1b3fdd5434d06f18dcf9fbf595f5865934,1759132765,2025-09-29T07:59:25.000Z
0x89fa096f34c869f506379b4c0f496577b740cdb2,0x000000000000000000000000107bb14cc71a278e,62844989,0x1cc9734e203f906fea3fa33d35d92c1b3fdd5434d06f18dcf9fbf595f5865934,1759132765,2025-09-29T07:59:25.000Z
0x89fa096f34c869f506379b4c0f496577b740cdb2,0x00000000000000000000000092d6d3fbe4067a2f,62844989,0x1cc9734e203f906fea3fa33d35d92c1b3fdd5434d06f18dcf9fbf595f5865934,1759132765,2025-09-29T07:59:25.000Z
0x89fa096f34c869f506379b4c0f496577b740cdb2,0x000000000000000000000000de5b54362e53ef23,62844989,0x1cc9734e203f906fea3fa33d35d92c1b3fdd5434d06f18dcf9fbf595f5865934,1759132765,2025-09-29T07:59:25.000Z
0x5a69c1464bf58c73a5b15f800e49cc824ca9fd84,0x000000000000000000000000107bb14cc71a278e,62848161,0xdb5af85628407205d6282ff8e468d8f7a4d3cef52a0c8a513d5bd9a3716f84ab,1759135144,2025-09-29T08:39:04.000Z
0x5a69c1464bf58c73a5b15f800e49cc824ca9fd84,0x00000000000000000000000092d6d3fbe4067a2f,62848161,0xdb5af85628407205d6282ff8e468d8f7a4d3cef52a0c8a513d5bd9a3716f84ab,1759135144,2025-09-29T08:39:04.000Z
0x5a69c1464bf58c73a5b15f800e49cc824ca9fd84,0x0000000000000000000000008d66facd7673f48c,62848161,0xdb5af85628407205d6282ff8e468d8f7a4d3cef52a0c8a513d5bd9a3716f84ab,1759135144,2025-09-29T08:39:04.000Z
0x5a69c1464bf58c73a5b15f800e49cc824ca9fd84,0x000000000000000000000000de5b54362e53ef23,62848161,0xdb5af85628407205d6282ff8e468d8f7a4d3cef52a0c8a513d5bd9a3716f84ab,1759135144,2025-09-29T08:39:04.000Z
0x3dedd8a41a9e0b6210e8d4f3e84a46f017dd58e9,0x0000000000000000000000005a69c1464bf58c73,62851368,0xf40a2b62ba99c49a80807cef53d00f83d5e5e0291cf42a9d00264b9200536b88,1759137549,2025-09-29T09:19:09.000Z
0x3dedd8a41a9e0b6210e8d4f3e84a46f017dd58e9,0x000000000000000000000000107bb14cc71a278e,62851368,0xf40a2b62ba99c49a80807cef53d00f83d5e5e0291cf42a9d00264b9200536b88,1759137549,2025-09-29T09:19:09.000Z
0x3dedd8a41a9e0b6210e8d4f3e84a46f017dd58e9,0x00000000000000000000000092d6d3fbe4067a2f,62851368,0xf40a2b62ba99c49a80807cef53d00f83d5e5e0291cf42a9d00264b9200536b88,1759137549,2025-09-29T09:19:09.000Z
0x3dedd8a41a9e0b6210e8d4f3e84a46f017dd58e9,0x000000000000000000000000de5b54362e53ef23,62851368,0xf40a2b62ba99c49a80807cef53d00f83d5e5e0291cf42a9d00264b9200536b88,1759137549,2025-09-29T09:19:09.000Z
0x521abe7f84e7bc03e1c0b690e52e5a7df4d7bc23,0x00000000000000000000000083c1d8839b952306,62865809,0x5fbc6794ac530eeb430b4ec28ed99cee5cf910072220cc8ef987101f26d22343,1759148384,2025-09-29T12:19:44.000Z
0x521abe7f84e7bc03e1c0b690e52e5a7df4d7bc23,0x000000000000000000000000d2dd610da3363d3f,62865809,0x5fbc6794ac530eeb430b4ec28ed99cee5cf910072220cc8ef987101f26d22343,1759148384,2025-09-29T12:19:44.000Z
0x521abe7f84e7bc03e1c0b690e52e5a7df4d7bc23,0x0000000000000000000000001b49e177b8dfe3fe,62865809,0x5fbc6794ac530eeb430b4ec28ed99cee5cf910072220cc8ef987101f26d22343,1759148384,2025-09-29T12:19:44.000Z
0x521abe7f84e7bc03e1c0b690e52e5a7df4d7bc23,0x000000000000000000000000de5b54362e53ef23,62865809,0x5fbc6794ac530eeb430b4ec28ed99cee5cf910072220cc8ef987101f26d22343,1759148384,2025-09-29T12:19:44.000Z
0x1468437d04aeff627d569c50ebdc8a4739634025,0x000000000000000000000000521abe7f84e7bc03,62866812,0x6421688cbf3d947b0942d7037c1db40b0256f871867557f10b5bd03e47cd4673,1759149136,2025-09-29T12:32:16.000Z
0x1468437d04aeff627d569c50ebdc8a4739634025,0x00000000000000000000000083c1d8839b952306,62866812,0x6421688cbf3d947b0942d7037c1db40b0256f871867557f10b5bd03e47cd4673,1759149136,2025-09-29T12:32:16.000Z
0x1468437d04aeff627d569c50ebdc8a4739634025,0x000000000000000000000000d2dd610da3363d3f,62866812,0x6421688cbf3d947b0942d7037c1db40b0256f871867557f10b5bd03e47cd4673,1759149136,2025-09-29T12:32:16.000Z
0x1468437d04aeff627d569c50ebdc8a4739634025,0x000000000000000000000000de5b54362e53ef23,62866812,0x6421688cbf3d947b0942d7037c1db40b0256f871867557f10b5bd03e47cd4673,1759149136,2025-09-29T12:32:16.000Z
0xc3826d437b51e5c8d53acd9a4760a44e6caff6ed,0x000000000000000000000000cc459c4556da0158,62872085,0x23881789d75d165b9ccfb2b3f1004e0e85b88a910ffe300d4adcfe401257d722,1759153095,2025-09-29T13:38:15.000Z
0xc3826d437b51e5c8d53acd9a4760a44e6caff6ed,0x00000000000000000000000083c1d8839b952306,62872085,0x23881789d75d165b9ccfb2b3f1004e0e85b88a910ffe300d4adcfe401257d722,1759153095,2025-09-29T13:38:15.000Z
0xc3826d437b51e5c8d53acd9a4760a44e6caff6ed,0x000000000000000000000000d2dd610da3363d3f,62872085,0x23881789d75d165b9ccfb2b3f1004e0e85b88a910ffe300d4adcfe401257d722,1759153095,2025-09-29T13:38:15.000Z
0xc3826d437b51e5c8d53acd9a4760a44e6caff6ed,0x000000000000000000000000de5b54362e53ef23,62872085,0x23881789d75d165b9ccfb2b3f1004e0e85b88a910ffe300d4adcfe401257d722,1759153095,2025-09-29T13:38:15.000Z
0x84b1d01e98c22232ef2041bbbc04304f1e43518d,0x000000000000000000000000d10f420f61fb8e7c,62892953,0x5b6b73e1106d097720a53fbc0695271b01f92cbc10fbbbcbe45199ae57a482d3,1759168756,2025-09-29T17:59:16.000Z
0x84b1d01e98c22232ef2041bbbc04304f1e43518d,0x000000000000000000000000df9729e425c7e2be,62892953,0x5b6b73e1106d097720a53fbc0695271b01f92cbc10fbbbcbe45199ae57a482d3,1759168756,2025-09-29T17:59:16.000Z
0x84b1d01e98c22232ef2041bbbc04304f1e43518d,0x00000000000000000000000088677928d919004a,62892953,0x5b6b73e1106d097720a53fbc0695271b01f92cbc10fbbbcbe45199ae57a482d3,1759168756,2025-09-29T17:59:16.000Z
0x84b1d01e98c22232ef2041bbbc04304f1e43518d,0x000000000000000000000000de5b54362e53ef23,62892953,0x5b6b73e1106d097720a53fbc0695271b01f92cbc10fbbbcbe45199ae57a482d3,1759168756,2025-09-29T17:59:16.000Z
0x40a30b7902593ff21d26f5a3e3a4f1b7a08b6485,0x00000000000000000000000084b1d01e98c22232,62893111,0x2bdbb36bc4bdf3c420fa0ca7f8a4464006fbe5863ccc9636db3e76ccf0639b10,1759168875,2025-09-29T18:01:15.000Z
0x40a30b7902593ff21d26f5a3e3a4f1b7a08b6485,0x000000000000000000000000d10f420f61fb8e7c,62893111,0x2bdbb36bc4bdf3c420fa0ca7f8a4464006fbe5863ccc9636db3e76ccf0639b10,1759168875,2025-09-29T18:01:15.000Z
0x40a30b7902593ff21d26f5a3e3a4f1b7a08b6485,0x000000000000000000000000df9729e425c7e2be,62893111,0x2bdbb36bc4bdf3c420fa0ca7f8a4464006fbe5863ccc9636db3e76ccf0639b10,1759168875,2025-09-29T18:01:15.000Z
0x40a30b7902593ff21d26f5a3e3a4f1b7a08b6485,0x000000000000000000000000de5b54362e53ef23,62893111,0x2bdbb36bc4bdf3c420fa0ca7f8a4464006fbe5863ccc9636db3e76ccf0639b10,1759168875,2025-09-29T18:01:15.000Z
0xfc711d1eec2f11888b513920c80a84efab88372b,0x000000000000000000000000001cf5a7520a553f,62899541,0x1f5e2a95c98027a5c6d0a194412cd8bf50dd3d0e1cfedea0950a9a115cc096ac,1759173698,2025-09-29T19:21:38.000Z
0xfc711d1eec2f11888b513920c80a84efab88372b,0x000000000000000000000000107bb14cc71a278e,62899541,0x1f5e2a95c98027a5c6d0a194412cd8bf50dd3d0e1cfedea0950a9a115cc096ac,1759173698,2025-09-29T19:21:38.000Z
0xfc711d1eec2f11888b513920c80a84efab88372b,0x00000000000000000000000092d6d3fbe4067a2f,62899541,0x1f5e2a95c98027a5c6d0a194412cd8bf50dd3d0e1cfedea0950a9a115cc096ac,1759173698,2025-09-29T19:21:38.000Z
0xfc711d1eec2f11888b513920c80a84efab88372b,0x000000000000000000000000de5b54362e53ef23,62899541,0x1f5e2a95c98027a5c6d0a194412cd8bf50dd3d0e1cfedea0950a9a115cc096ac,1759173698,2025-09-29T19:21:38.000Z
0x6abbc8bb850207b505223fde56b1915b0a3d385f,0x000000000000000000000000001cf5a7520a553f,62968927,0xe45f5690544d4969234ca107964eb81b45e0dca507feb3f28197e7e036e6aa78,1759225750,2025-09-30T09:49:10.000Z
0x6abbc8bb850207b505223fde56b1915b0a3d385f,0x000000000000000000000000107bb14cc71a278e,62968927,0xe45f5690544d4969234ca107964eb81b45e0dca507feb3f28197e7e036e6aa78,1759225750,2025-09-30T09:49:10.000Z
0x6abbc8bb850207b505223fde56b1915b0a3d385f,0x00000000000000000000000092d6d3fbe4067a2f,62968927,0xe45f5690544d4969234ca107964eb81b45e0dca507feb3f28197e7e036e6aa78,1759225750,2025-09-30T09:49:10.000Z
0x6abbc8bb850207b505223fde56b1915b0a3d385f,0x000000000000000000000000de5b54362e53ef23,62968927,0xe45f5690544d4969234ca107964eb81b45e0dca507feb3f28197e7e036e6aa78,1759225750,2025-09-30T09:49:10.000Z
0xf0acc18841cf39e41c1ed7d0d14b69847b214f55,0x0000000000000000000000002b3bc5a945059f77,62972271,0x7dc488e39fe9b17715f45ee973e26f2d1a2ba9f59024930a01352244f42dddac,1759228258,2025-09-30T10:30:58.000Z
0xf0acc18841cf39e41c1ed7d0d14b69847b214f55,0x000000000000000000000000a3beed4a3ec3bbd1,62972271,0x7dc488e39fe9b17715f45ee973e26f2d1a2ba9f59024930a01352244f42dddac,1759228258,2025-09-30T10:30:58.000Z
0xf0acc18841cf39e41c1ed7d0d14b69847b214f55,0x000000000000000000000000aafda259ae041fcc,62972271,0x7dc488e39fe9b17715f45ee973e26f2d1a2ba9f59024930a01352244f42dddac,1759228258,2025-09-30T10:30:58.000Z
0xf0acc18841cf39e41c1ed7d0d14b69847b214f55,0x000000000000000000000000de5b54362e53ef23,62972271,0x7dc488e39fe9b17715f45ee973e26f2d1a2ba9f59024930a01352244f42dddac,1759228258,2025-09-30T10:30:58.000Z
0xc8f913906bac72df6da1e4a9f9bea6d0ae2a17d7,0x000000000000000000000000fb7e9dec8ae7b7be,62978724,0x3da2392dad3db8c57961bc66e431e7dee90584adfcea766ce8c1a0375be4320a,1759233101,2025-09-30T11:51:41.000Z
0xc8f913906bac72df6da1e4a9f9bea6d0ae2a17d7,0x000000000000000000000000a46f0d0f16221e7a,62978724,0x3da2392dad3db8c57961bc66e431e7dee90584adfcea766ce8c1a0375be4320a,1759233101,2025-09-30T11:51:41.000Z
0xc8f913906bac72df6da1e4a9f9bea6d0ae2a17d7,0x00000000000000000000000049776059b83322c5,62978724,0x3da2392dad3db8c57961bc66e431e7dee90584adfcea766ce8c1a0375be4320a,1759233101,2025-09-30T11:51:41.000Z
0xc8f913906bac72df6da1e4a9f9bea6d0ae2a17d7,0x000000000000000000000000de5b54362e53ef23,62978724,0x3da2392dad3db8c57961bc66e431e7dee90584adfcea766ce8c1a0375be4320a,1759233101,2025-09-30T11:51:41.000Z
0xb9e358eda035bffb4586b88df1a432ae5e92fb0c,0x000000000000000000000000ea2d9c6defc5808b,62983317,0x50c892738c439955f7dddb51450aea2edc026371103bcbc75f2e4ea6ad281e39,1759236547,2025-09-30T12:49:07.000Z
0xb9e358eda035bffb4586b88df1a432ae5e92fb0c,0x000000000000000000000000107bb14cc71a278e,62983317,0x50c892738c439955f7dddb51450aea2edc026371103bcbc75f2e4ea6ad281e39,1759236547,2025-09-30T12:49:07.000Z
0xb9e358eda035bffb4586b88df1a432ae5e92fb0c,0x00000000000000000000000092d6d3fbe4067a2f,62983317,0x50c892738c439955f7dddb51450aea2edc026371103bcbc75f2e4ea6ad281e39,1759236547,2025-09-30T12:49:07.000Z
0xb9e358eda035bffb4586b88df1a432ae5e92fb0c,0x000000000000000000000000de5b54362e53ef23,62983317,0x50c892738c439955f7dddb51450aea2edc026371103bcbc75f2e4ea6ad281e39,1759236547,2025-09-30T12:49:07.000Z
0xa2d07a6b11a87f732a2b7bcf20ce036c97cfc790,0x000000000000000000000000fc711d1eec2f1188,62995407,0xf5fbc6cc7ef83bf6c59c8a19584f711b6b722bc18e232f845b2dc085bdc6d761,1759245615,2025-09-30T15:20:15.000Z
0xa2d07a6b11a87f732a2b7bcf20ce036c97cfc790,0x000000000000000000000000001cf5a7520a553f,62995407,0xf5fbc6cc7ef83bf6c59c8a19584f711b6b722bc18e232f845b2dc085bdc6d761,1759245615,2025-09-30T15:20:15.000Z
0xa2d07a6b11a87f732a2b7bcf20ce036c97cfc790,0x000000000000000000000000107bb14cc71a278e,62995407,0xf5fbc6cc7ef83bf6c59c8a19584f711b6b722bc18e232f845b2dc085bdc6d761,1759245615,2025-09-30T15:20:15.000Z
0xa2d07a6b11a87f732a2b7bcf20ce036c97cfc790,0x000000000000000000000000de5b54362e53ef23,62995407,0xf5fbc6cc7ef83bf6c59c8a19584f711b6b722bc18e232f845b2dc085bdc6d761,1759245615,2025-09-30T15:20:15.000Z
0xbd479cb6e40ca540640b13492d9bb1bfafa83b68,0x000000000000000000000000a35b7d9b51573602,63011826,0xc1729e0c5134d0ee03ea05edd3bd0064d5350ef7fb4c0a13d3db7b1b4e5c68f8,1759257929,2025-09-30T18:45:29.000Z
0xbd479cb6e40ca540640b13492d9bb1bfafa83b68,0x000000000000000000000000dc535fb7b68bafd5,63011826,0xc1729e0c5134d0ee03ea05edd3bd0064d5350ef7fb4c0a13d3db7b1b4e5c68f8,1759257929,2025-09-30T18:45:29.000Z
0xbd479cb6e40ca540640b13492d9bb1bfafa83b68,0x00000000000000000000000003901b80eef5a9ed,63011826,0xc1729e0c5134d0ee03ea05edd3bd0064d5350ef7fb4c0a13d3db7b1b4e5c68f8,1759257929,2025-09-30T18:45:29.000Z
0xbd479cb6e40ca540640b13492d9bb1bfafa83b68,0x000000000000000000000000de5b54362e53ef23,63011826,0xc1729e0c5134d0ee03ea05edd3bd0064d5350ef7fb4c0a13d3db7b1b4e5c68f8,1759257929,2025-09-30T18:45:29.000Z
0x7698de5410a66341bfe60d453ef6357cc0306993,0x000000000000000000000000fc711d1eec2f1188,63061889,0x4d1812456a69370e4965002d154b593676fcf5e0fa9064050b7b8a8fc523c695,1759295481,2025-10-01T05:11:21.000Z
0x7698de5410a66341bfe60d453ef6357cc0306993,0x000000000000000000000000001cf5a7520a553f,63061889,0x4d1812456a69370e4965002d154b593676fcf5e0fa9064050b7b8a8fc523c695,1759295481,2025-10-01T05:11:21.000Z
0x7698de5410a66341bfe60d453ef6357cc0306993,0x000000000000000000000000107bb14cc71a278e,63061889,0x4d1812456a69370e4965002d154b593676fcf5e0fa9064050b7b8a8fc523c695,1759295481,2025-10-01T05:11:21.000Z
0x7698de5410a66341bfe60d453ef6357cc0306993,0x000000000000000000000000de5b54362e53ef23,63061889,0x4d1812456a69370e4965002d154b593676fcf5e0fa9064050b7b8a8fc523c695,1759295481,2025-10-01T05:11:21.000Z
0xfe5c5741588d4fd329429d07412b8b3ba775a72d,0x000000000000000000000000cd0ae697e23aaf64,63092994,0x6fb4b4e967279efe2d13fd237492157090ea5e780952fa08cfffb356e8b6b8fb,1759318812,2025-10-01T11:40:12.000Z
0xfe5c5741588d4fd329429d07412b8b3ba775a72d,0x00000000000000000000000093575affb89ad34a,63092994,0x6fb4b4e967279efe2d13fd237492157090ea5e780952fa08cfffb356e8b6b8fb,1759318812,2025-10-01T11:40:12.000Z
0xfe5c5741588d4fd329429d07412b8b3ba775a72d,0x000000000000000000000000195fd033be64ef32,63092994,0x6fb4b4e967279efe2d13fd237492157090ea5e780952fa08cfffb356e8b6b8fb,1759318812,2025-10-01T11:40:12.000Z
0xfe5c5741588d4fd329429d07412b8b3ba775a72d,0x000000000000000000000000de5b54362e53ef23,63092994,0x6fb4b4e967279efe2d13fd237492157090ea5e780952fa08cfffb356e8b6b8fb,1759318812,2025-10-01T11:40:12.000Z
0x85ff5b233d0c7b12d81af8647cb0aa5e64b7fcde,0x000000000000000000000000ea2d9c6defc5808b,63102250,0x98ddaf9c10237b0d2fcb9ac829e5715fd9462d52c3b58bf4ae76920ad1431979,1759325755,2025-10-01T13:35:55.000Z
0x85ff5b233d0c7b12d81af8647cb0aa5e64b7fcde,0x000000000000000000000000107bb14cc71a278e,63102250,0x98ddaf9c10237b0d2fcb9ac829e5715fd9462d52c3b58bf4ae76920ad1431979,1759325755,2025-10-01T13:35:55.000Z
0x85ff5b233d0c7b12d81af8647cb0aa5e64b7fcde,0x00000000000000000000000092d6d3fbe4067a2f,63102250,0x98ddaf9c10237b0d2fcb9ac829e5715fd9462d52c3b58bf4ae76920ad1431979,1759325755,2025-10-01T13:35:55.000Z
0x85ff5b233d0c7b12d81af8647cb0aa5e64b7fcde,0x000000000000000000000000de5b54362e53ef23,63102250,0x98ddaf9c10237b0d2fcb9ac829e5715fd9462d52c3b58bf4ae76920ad1431979,1759325755,2025-10-01T13:35:55.000Z
0x4cc990cb86a28d1ec73ab6f7e2f5c7961e7e840b,0x00000000000000000000000085ff5b233d0c7b12,63108379,0xc94447389d34f83c9cc9f04e9e0b96940304ee0a39b00eee799f8c1dc2de1587,1759330353,2025-10-01T14:52:33.000Z
0x4cc990cb86a28d1ec73ab6f7e2f5c7961e7e840b,0x000000000000000000000000ea2d9c6defc5808b,63108379,0xc94447389d34f83c9cc9f04e9e0b96940304ee0a39b00eee799f8c1dc2de1587,1759330353,2025-10-01T14:52:33.000Z
0x4cc990cb86a28d1ec73ab6f7e2f5c7961e7e840b,0x000000000000000000000000107bb14cc71a278e,63108379,0xc94447389d34f83c9cc9f04e9e0b96940304ee0a39b00eee799f8c1dc2de1587,1759330353,2025-10-01T14:52:33.000Z
0x4cc990cb86a28d1ec73ab6f7e2f5c7961e7e840b,0x000000000000000000000000de5b54362e53ef23,63108379,0xc94447389d34f83c9cc9f04e9e0b96940304ee0a39b00eee799f8c1dc2de1587,1759330353,2025-10-01T14:52:33.000Z
0x869e92a274e699d1438e0e708246fdd00558f3e7,0x000000000000000000000000ea2d9c6defc5808b,63115262,0x84857ddb0008353dafbe1ba16e6d229b55cb8e8f1e1f6951b2e5e03f2456b777,1759335521,2025-10-01T16:18:41.000Z
0x869e92a274e699d1438e0e708246fdd00558f3e7,0x000000000000000000000000107bb14cc71a278e,63115262,0x84857ddb0008353dafbe1ba16e6d229b55cb8e8f1e1f6951b2e5e03f2456b777,1759335521,2025-10-01T16:18:41.000Z
0x869e92a274e699d1438e0e708246fdd00558f3e7,0x00000000000000000000000092d6d3fbe4067a2f,63115262,0x84857ddb0008353dafbe1ba16e6d229b55cb8e8f1e1f6951b2e5e03f2456b777,1759335521,2025-10-01T16:18:41.000Z
0x869e92a274e699d1438e0e708246fdd00558f3e7,0x000000000000000000000000de5b54362e53ef23,63115262,0x84857ddb0008353dafbe1ba16e6d229b55cb8e8f1e1f6951b2e5e03f2456b777,1759335521,2025-10-01T16:18:41.000Z
0x1b3ad7560bb3f5af598f914fff8982efee286c0b,0x000000000000000000000000ea2d9c6defc5808b,63161948,0x199a441e6ea975c81fd75153ba3cf358b8320da49227e4f28a4ee384caaeba24,1759370541,2025-10-02T02:02:21.000Z
0x1b3ad7560bb3f5af598f914fff8982efee286c0b,0x000000000000000000000000107bb14cc71a278e,63161948,0x199a441e6ea975c81fd75153ba3cf358b8320da49227e4f28a4ee384caaeba24,1759370541,2025-10-02T02:02:21.000Z
0x1b3ad7560bb3f5af598f914fff8982efee286c0b,0x00000000000000000000000092d6d3fbe4067a2f,63161948,0x199a441e6ea975c81fd75153ba3cf358b8320da49227e4f28a4ee384caaeba24,1759370541,2025-10-02T02:02:21.000Z
0x1b3ad7560bb3f5af598f914fff8982efee286c0b,0x000000000000000000000000de5b54362e53ef23,63161948,0x199a441e6ea975c81fd75153ba3cf358b8320da49227e4f28a4ee384caaeba24,1759370541,2025-10-02T02:02:21.000Z
0x3656b5b28f9b63d04166c061290c3a7ab3ea38f0,0x000000000000000000000000b9e358eda035bffb,63168889,0x0f10356efb5692629d89afbc297194456c2232fdcefac0580513da09b9ffb195,1759375747,2025-10-02T03:29:07.000Z
0x3656b5b28f9b63d04166c061290c3a7ab3ea38f0,0x000000000000000000000000ea2d9c6defc5808b,63168889,0x0f10356efb5692629d89afbc297194456c2232fdcefac0580513da09b9ffb195,1759375747,2025-10-02T03:29:07.000Z
0x3656b5b28f9b63d04166c061290c3a7ab3ea38f0,0x000000000000000000000000107bb14cc71a278e,63168889,0x0f10356efb5692629d89afbc297194456c2232fdcefac0580513da09b9ffb195,1759375747,2025-10-02T03:29:07.000Z
0x3656b5b28f9b63d04166c061290c3a7ab3ea38f0,0x000000000000000000000000de5b54362e53ef23,63168889,0x0f10356efb5692629d89afbc297194456c2232fdcefac0580513da09b9ffb195,1759375747,2025-10-02T03:29:07.000Z
0x9cd12f222726fe3cf07da9bef6e4241d1106013b,0x00000000000000000000000085ff5b233d0c7b12,63184835,0xd248174f3a62bfd999cc601f84869f407cb32277e26a148225101be9e34ce662,1759387707,2025-10-02T06:48:27.000Z
0x9cd12f222726fe3cf07da9bef6e4241d1106013b,0x000000000000000000000000ea2d9c6defc5808b,63184835,0xd248174f3a62bfd999cc601f84869f407cb32277e26a148225101be9e34ce662,1759387707,2025-10-02T06:48:27.000Z
0x9cd12f222726fe3cf07da9bef6e4241d1106013b,0x000000000000000000000000107bb14cc71a278e,63184835,0xd248174f3a62bfd999cc601f84869f407cb32277e26a148225101be9e34ce662,1759387707,2025-10-02T06:48:27.000Z
0x9cd12f222726fe3cf07da9bef6e4241d1106013b,0x000000000000000000000000de5b54362e53ef23,63184835,0xd248174f3a62bfd999cc601f84869f407cb32277e26a148225101be9e34ce662,1759387707,2025-10-02T06:48:27.000Z
0x3a185fbf4d318c36b0e0559def81d97c4622a5bb,0x000000000000000000000000ea2d9c6defc5808b,63188192,0x7bc5a6be94d16413836fbb6b1f585def85a29674c6b4f87a69fb9ab40a3fe7eb,1759390225,2025-10-02T07:30:25.000Z
0x3a185fbf4d318c36b0e0559def81d97c4622a5bb,0x000000000000000000000000107bb14cc71a278e,63188192,0x7bc5a6be94d16413836fbb6b1f585def85a29674c6b4f87a69fb9ab40a3fe7eb,1759390225,2025-10-02T07:30:25.000Z
0x3a185fbf4d318c36b0e0559def81d97c4622a5bb,0x00000000000000000000000092d6d3fbe4067a2f,63188192,0x7bc5a6be94d16413836fbb6b1f585def85a29674c6b4f87a69fb9ab40a3fe7eb,1759390225,2025-10-02T07:30:25.000Z
0x3a185fbf4d318c36b0e0559def81d97c4622a5bb,0x000000000000000000000000de5b54362e53ef23,63188192,0x7bc5a6be94d16413836fbb6b1f585def85a29674c6b4f87a69fb9ab40a3fe7eb,1759390225,2025-10-02T07:30:25.000Z
0x1958e1d4579486907d208818b6c61de7bcf5242a,0x000000000000000000000000ea2d9c6defc5808b,63193664,0xc49973b6525836c4ac8fe8de6a1f6f5924f6f7bce9dd270825b2f6810550a662,1759394329,2025-10-02T08:38:49.000Z
0x1958e1d4579486907d208818b6c61de7bcf5242a,0x000000000000000000000000107bb14cc71a278e,63193664,0xc49973b6525836c4ac8fe8de6a1f6f5924f6f7bce9dd270825b2f6810550a662,1759394329,2025-10-02T08:38:49.000Z
0x1958e1d4579486907d208818b6c61de7bcf5242a,0x00000000000000000000000092d6d3fbe4067a2f,63193664,0xc49973b6525836c4ac8fe8de6a1f6f5924f6f7bce9dd270825b2f6810550a662,1759394329,2025-10-02T08:38:49.000Z
0x1958e1d4579486907d208818b6c61de7bcf5242a,0x000000000000000000000000de5b54362e53ef23,63193664,0xc49973b6525836c4ac8fe8de6a1f6f5924f6f7bce9dd270825b2f6810550a662,1759394329,2025-10-02T08:38:49.000Z
0xc3bc6c951ad0e4bcb106a89a98226a3b01adc3cf,0x0000000000000000000000003dedd8a41a9e0b62,63204698,0xf7f3323e416345e4c920b205468904548d617b35c616e863ba33cd37c049c938,1759402606,2025-10-02T10:56:46.000Z
0xc3bc6c951ad0e4bcb106a89a98226a3b01adc3cf,0x0000000000000000000000005a69c1464bf58c73,63204698,0xf7f3323e416345e4c920b205468904548d617b35c616e863ba33cd37c049c938,1759402606,2025-10-02T10:56:46.000Z
0xc3bc6c951ad0e4bcb106a89a98226a3b01adc3cf,0x000000000000000000000000107bb14cc71a278e,63204698,0xf7f3323e416345e4c920b205468904548d617b35c616e863ba33cd37c049c938,1759402606,2025-10-02T10:56:46.000Z
0xc3bc6c951ad0e4bcb106a89a98226a3b01adc3cf,0x000000000000000000000000de5b54362e53ef23,63204698,0xf7f3323e416345e4c920b205468904548d617b35c616e863ba33cd37c049c938,1759402606,2025-10-02T10:56:46.000Z
0x3688e6478671199b57c33afeceab7a7a1447c3f4,0x000000000000000000000000c3bc6c951ad0e4bc,63207012,0x68fb70f644aa9c83cab2f5192a97348cc3ee5a286d3b462e74d9d99bbd3690e4,1759404342,2025-10-02T11:25:42.000Z
0x3688e6478671199b57c33afeceab7a7a1447c3f4,0x0000000000000000000000003dedd8a41a9e0b62,63207012,0x68fb70f644aa9c83cab2f5192a97348cc3ee5a286d3b462e74d9d99bbd3690e4,1759404342,2025-10-02T11:25:42.000Z
0x3688e6478671199b57c33afeceab7a7a1447c3f4,0x0000000000000000000000005a69c1464bf58c73,63207012,0x68fb70f644aa9c83cab2f5192a97348cc3ee5a286d3b462e74d9d99bbd3690e4,1759404342,2025-10-02T11:25:42.000Z
0x3688e6478671199b57c33afeceab7a7a1447c3f4,0x000000000000000000000000de5b54362e53ef23,63207012,0x68fb70f644aa9c83cab2f5192a97348cc3ee5a286d3b462e74d9d99bbd3690e4,1759404342,2025-10-02T11:25:42.000Z
0xca492ae53dd9e406d3de8713777f4b977fb1e912,0x000000000000000000000000b9e358eda035bffb,63217598,0xd232ad6b0f3131190e22995216b1fc8b426f0ddb4f7518e23140950d35fb478d,1759412285,2025-10-02T13:38:05.000Z
0xca492ae53dd9e406d3de8713777f4b977fb1e912,0x000000000000000000000000ea2d9c6defc5808b,63217598,0xd232ad6b0f3131190e22995216b1fc8b426f0ddb4f7518e23140950d35fb478d,1759412285,2025-10-02T13:38:05.000Z
0xca492ae53dd9e406d3de8713777f4b977fb1e912,0x000000000000000000000000107bb14cc71a278e,63217598,0xd232ad6b0f3131190e22995216b1fc8b426f0ddb4f7518e23140950d35fb478d,1759412285,2025-10-02T13:38:05.000Z
0xca492ae53dd9e406d3de8713777f4b977fb1e912,0x000000000000000000000000de5b54362e53ef23,63217598,0xd232ad6b0f3131190e22995216b1fc8b426f0ddb4f7518e23140950d35fb478d,1759412285,2025-10-02T13:38:05.000Z
0x972204ab8651f57ec4e2f77a3cba4e495aa380f5,0x00000000000000000000000073b64c6ebfd8aa93,63291225,0x09defa66c951bc9902a2f6a92a1e782f05d9306df9d094fbcabd4ff774df91c1,1759467693,2025-10-03T05:01:33.000Z
0x972204ab8651f57ec4e2f77a3cba4e495aa380f5,0x000000000000000000000000001cf5a7520a553f,63291225,0x09defa66c951bc9902a2f6a92a1e782f05d9306df9d094fbcabd4ff774df91c1,1759467693,2025-10-03T05:01:33.000Z
0x972204ab8651f57ec4e2f77a3cba4e495aa380f5,0x000000000000000000000000107bb14cc71a278e,63291225,0x09defa66c951bc9902a2f6a92a1e782f05d9306df9d094fbcabd4ff774df91c1,1759467693,2025-10-03T05:01:33.000Z
0x972204ab8651f57ec4e2f77a3cba4e495aa380f5,0x000000000000000000000000de5b54362e53ef23,63291225,0x09defa66c951bc9902a2f6a92a1e782f05d9306df9d094fbcabd4ff774df91c1,1759467693,2025-10-03T05:01:33.000Z
0x833e8b8a9d87aa42c49ccfcaa17e58b8cd9a51fd,0x000000000000000000000000d2dd610da3363d3f,63297125,0xdcd926b5dfb016fefcccc1a0176d2a960058142ebb91cbc04c9ada1cc81b059b,1759472118,2025-10-03T06:15:18.000Z
0x833e8b8a9d87aa42c49ccfcaa17e58b8cd9a51fd,0x0000000000000000000000001b49e177b8dfe3fe,63297125,0xdcd926b5dfb016fefcccc1a0176d2a960058142ebb91cbc04c9ada1cc81b059b,1759472118,2025-10-03T06:15:18.000Z
0x833e8b8a9d87aa42c49ccfcaa17e58b8cd9a51fd,0x0000000000000000000000004326a4441a01a4e7,63297125,0xdcd926b5dfb016fefcccc1a0176d2a960058142ebb91cbc04c9ada1cc81b059b,1759472118,2025-10-03T06:15:18.000Z
0x833e8b8a9d87aa42c49ccfcaa17e58b8cd9a51fd,0x000000000000000000000000de5b54362e53ef23,63297125,0xdcd926b5dfb016fefcccc1a0176d2a960058142ebb91cbc04c9ada1cc81b059b,1759472118,2025-10-03T06:15:18.000Z
0x0a4060cf3b54b787012002d435c2e2477af3b44c,0x0000000000000000000000003688e6478671199b,63313056,0xd04146af4e3bc58c88e4f6798d8e398d63bf17df74542fc2819ff3d0b8580abd,1759484068,2025-10-03T09:34:28.000Z
0x0a4060cf3b54b787012002d435c2e2477af3b44c,0x000000000000000000000000c3bc6c951ad0e4bc,63313056,0xd04146af4e3bc58c88e4f6798d8e398d63bf17df74542fc2819ff3d0b8580abd,1759484068,2025-10-03T09:34:28.000Z
0x0a4060cf3b54b787012002d435c2e2477af3b44c,0x0000000000000000000000003dedd8a41a9e0b62,63313056,0xd04146af4e3bc58c88e4f6798d8e398d63bf17df74542fc2819ff3d0b8580abd,1759484068,2025-10-03T09:34:28.000Z
0x0a4060cf3b54b787012002d435c2e2477af3b44c,0x000000000000000000000000de5b54362e53ef23,63313056,0xd04146af4e3bc58c88e4f6798d8e398d63bf17df74542fc2819ff3d0b8580abd,1759484068,2025-10-03T09:34:28.000Z
0x747e3d2658053b160bf5a0c0e3caf9c7d7b49402,0x000000000000000000000000fc711d1eec2f1188,63317048,0x73dae738303b9281ac9f7561cd3a4121f70c88c45a4738ccca10f7b444f91cba,1759487062,2025-10-03T10:24:22.000Z
0x747e3d2658053b160bf5a0c0e3caf9c7d7b49402,0x000000000000000000000000001cf5a7520a553f,63317048,0x73dae738303b9281ac9f7561cd3a4121f70c88c45a4738ccca10f7b444f91cba,1759487062,2025-10-03T10:24:22.000Z
0x747e3d2658053b160bf5a0c0e3caf9c7d7b49402,0x000000000000000000000000107bb14cc71a278e,63317048,0x73dae738303b9281ac9f7561cd3a4121f70c88c45a4738ccca10f7b444f91cba,1759487062,2025-10-03T10:24:22.000Z
0x747e3d2658053b160bf5a0c0e3caf9c7d7b49402,0x000000000000000000000000de5b54362e53ef23,63317048,0x73dae738303b9281ac9f7561cd3a4121f70c88c45a4738ccca10f7b444f91cba,1759487062,2025-10-03T10:24:22.000Z
0x61a3ff8ceb94289beb7c7f14f82e6e2cd9258537,0x0000000000000000000000000a4060cf3b54b787,63317106,0x8579371610c6e756f0b9c64843959d93181f98fb01be67579068730fafcbcb4b,1759487106,2025-10-03T10:25:06.000Z
0x61a3ff8ceb94289beb7c7f14f82e6e2cd9258537,0x0000000000000000000000003688e6478671199b,63317106,0x8579371610c6e756f0b9c64843959d93181f98fb01be67579068730fafcbcb4b,1759487106,2025-10-03T10:25:06.000Z
0x61a3ff8ceb94289beb7c7f14f82e6e2cd9258537,0x000000000000000000000000c3bc6c951ad0e4bc,63317106,0x8579371610c6e756f0b9c64843959d93181f98fb01be67579068730fafcbcb4b,1759487106,2025-10-03T10:25:06.000Z
0x61a3ff8ceb94289beb7c7f14f82e6e2cd9258537,0x000000000000000000000000de5b54362e53ef23,63317106,0x8579371610c6e756f0b9c64843959d93181f98fb01be67579068730fafcbcb4b,1759487106,2025-10-03T10:25:06.000Z
0xcf8f8a58f779e786c27a86c1be01f452bce456c7,0x00000000000000000000000085ff5b233d0c7b12,63321131,0xeaed0dad9488e12d8e663d3b07a83ed6c1b69aad3460a447f5154d9e904204dc,1759490125,2025-10-03T11:15:25.000Z
0xcf8f8a58f779e786c27a86c1be01f452bce456c7,0x000000000000000000000000ea2d9c6defc5808b,63321131,0xeaed0dad9488e12d8e663d3b07a83ed6c1b69aad3460a447f5154d9e904204dc,1759490125,2025-10-03T11:15:25.000Z
0xcf8f8a58f779e786c27a86c1be01f452bce456c7,0x000000000000000000000000107bb14cc71a278e,63321131,0xeaed0dad9488e12d8e663d3b07a83ed6c1b69aad3460a447f5154d9e904204dc,1759490125,2025-10-03T11:15:25.000Z
0xcf8f8a58f779e786c27a86c1be01f452bce456c7,0x000000000000000000000000de5b54362e53ef23,63321131,0xeaed0dad9488e12d8e663d3b07a83ed6c1b69aad3460a447f5154d9e904204dc,1759490125,2025-10-03T11:15:25.000Z
0xaab6cfffdd13e27d29643358d1df1eb84bc61132,0x00000000000000000000000061a3ff8ceb94289b,63325318,0x9878316518218ec98e9b5a1f0a0a72514a640ea52d6ea009e0c22ae300a644fa,1759493265,2025-10-03T12:07:45.000Z
0xaab6cfffdd13e27d29643358d1df1eb84bc61132,0x0000000000000000000000000a4060cf3b54b787,63325318,0x9878316518218ec98e9b5a1f0a0a72514a640ea52d6ea009e0c22ae300a644fa,1759493265,2025-10-03T12:07:45.000Z
0xaab6cfffdd13e27d29643358d1df1eb84bc61132,0x0000000000000000000000003688e6478671199b,63325318,0x9878316518218ec98e9b5a1f0a0a72514a640ea52d6ea009e0c22ae300a644fa,1759493265,2025-10-03T12:07:45.000Z
0xaab6cfffdd13e27d29643358d1df1eb84bc61132,0x000000000000000000000000de5b54362e53ef23,63325318,0x9878316518218ec98e9b5a1f0a0a72514a640ea52d6ea009e0c22ae300a644fa,1759493265,2025-10-03T12:07:45.000Z
0x35c9e1465d124af63cd9cf629bc494285c884607,0x0000000000000000000000009cd12f222726fe3c,63331150,0x3927c155432306a8ef476e2e439d47d68a6d95838ddb900e58a3b85cc0d2a984,1759497639,2025-10-03T13:20:39.000Z
0x35c9e1465d124af63cd9cf629bc494285c884607,0x00000000000000000000000085ff5b233d0c7b12,63331150,0x3927c155432306a8ef476e2e439d47d68a6d95838ddb900e58a3b85cc0d2a984,1759497639,2025-10-03T13:20:39.000Z
0x35c9e1465d124af63cd9cf629bc494285c884607,0x000000000000000000000000ea2d9c6defc5808b,63331150,0x3927c155432306a8ef476e2e439d47d68a6d95838ddb900e58a3b85cc0d2a984,1759497639,2025-10-03T13:20:39.000Z
0x35c9e1465d124af63cd9cf629bc494285c884607,0x000000000000000000000000de5b54362e53ef23,63331150,0x3927c155432306a8ef476e2e439d47d68a6d95838ddb900e58a3b85cc0d2a984,1759497639,2025-10-03T13:20:39.000Z
0x065854bf7570f1fa3090fae429293c7232ac0837,0x00000000000000000000000092d6d3fbe4067a2f,63341108,0x077bd71e4be3e1594e44e751c275632cc2f9e9df41be67031600827c65fe8fb3,1759505108,2025-10-03T15:25:08.000Z
0x065854bf7570f1fa3090fae429293c7232ac0837,0x0000000000000000000000008d66facd7673f48c,63341108,0x077bd71e4be3e1594e44e751c275632cc2f9e9df41be67031600827c65fe8fb3,1759505108,2025-10-03T15:25:08.000Z
0x065854bf7570f1fa3090fae429293c7232ac0837,0x000000000000000000000000d2dd610da3363d3f,63341108,0x077bd71e4be3e1594e44e751c275632cc2f9e9df41be67031600827c65fe8fb3,1759505108,2025-10-03T15:25:08.000Z
0x065854bf7570f1fa3090fae429293c7232ac0837,0x000000000000000000000000de5b54362e53ef23,63341108,0x077bd71e4be3e1594e44e751c275632cc2f9e9df41be67031600827c65fe8fb3,1759505108,2025-10-03T15:25:08.000Z
0xa6a66e99ae1bb4b65ab9a96cfc528ac8a8e346fe,0x00000000000000000000000093575affb89ad34a,63348543,0x4ef79dab60b9774c73c65fa88350fe79a6b1ab29ab85611bee49276462ee1ab8,1759510685,2025-10-03T16:58:05.000Z
0xa6a66e99ae1bb4b65ab9a96cfc528ac8a8e346fe,0x000000000000000000000000195fd033be64ef32,63348543,0x4ef79dab60b9774c73c65fa88350fe79a6b1ab29ab85611bee49276462ee1ab8,1759510685,2025-10-03T16:58:05.000Z
0xa6a66e99ae1bb4b65ab9a96cfc528ac8a8e346fe,0x0000000000000000000000002356eedaea55128f,63348543,0x4ef79dab60b9774c73c65fa88350fe79a6b1ab29ab85611bee49276462ee1ab8,1759510685,2025-10-03T16:58:05.000Z
0xa6a66e99ae1bb4b65ab9a96cfc528ac8a8e346fe,0x000000000000000000000000de5b54362e53ef23,63348543,0x4ef79dab60b9774c73c65fa88350fe79a6b1ab29ab85611bee49276462ee1ab8,1759510685,2025-10-03T16:58:05.000Z
0x27d4709756c0010f832eb2ee53e2d2a1abe7823b,0x000000000000000000000000fb7e9dec8ae7b7be,63355377,0x9aac36bc815c2b8ce7bb8958207073c200980340eb9b4808c8e24dd0a998af63,1759515810,2025-10-03T18:23:30.000Z
0x27d4709756c0010f832eb2ee53e2d2a1abe7823b,0x000000000000000000000000a46f0d0f16221e7a,63355377,0x9aac36bc815c2b8ce7bb8958207073c200980340eb9b4808c8e24dd0a998af63,1759515810,2025-10-03T18:23:30.000Z
0x27d4709756c0010f832eb2ee53e2d2a1abe7823b,0x00000000000000000000000049776059b83322c5,63355377,0x9aac36bc815c2b8ce7bb8958207073c200980340eb9b4808c8e24dd0a998af63,1759515810,2025-10-03T18:23:30.000Z
0x27d4709756c0010f832eb2ee53e2d2a1abe7823b,0x000000000000000000000000de5b54362e53ef23,63355377,0x9aac36bc815c2b8ce7bb8958207073c200980340eb9b4808c8e24dd0a998af63,1759515810,2025-10-03T18:23:30.000Z
0x2cef52aa47f9c05bf3ac0d83a123951c6a9d5749,0x000000000000000000000000aab6cfffdd13e27d,63355668,0x16bc943fcbec73cf426997caaeaff1382561a978258a2748a89d2338db2d0d0b,1759516028,2025-10-03T18:27:08.000Z
0x2cef52aa47f9c05bf3ac0d83a123951c6a9d5749,0x00000000000000000000000061a3ff8ceb94289b,63355668,0x16bc943fcbec73cf426997caaeaff1382561a978258a2748a89d2338db2d0d0b,1759516028,2025-10-03T18:27:08.000Z
0x2cef52aa47f9c05bf3ac0d83a123951c6a9d5749,0x0000000000000000000000000a4060cf3b54b787,63355668,0x16bc943fcbec73cf426997caaeaff1382561a978258a2748a89d2338db2d0d0b,1759516028,2025-10-03T18:27:08.000Z
0x2cef52aa47f9c05bf3ac0d83a123951c6a9d5749,0x000000000000000000000000de5b54362e53ef23,63355668,0x16bc943fcbec73cf426997caaeaff1382561a978258a2748a89d2338db2d0d0b,1759516028,2025-10-03T18:27:08.000Z
0x0ff7d6cfc89a831b4d379f3bdef7e207b834c510,0x0000000000000000000000002cef52aa47f9c05b,63356410,0xdd894483cfe7c13bf8a8ed4830c9d7f879d0378b74b0e5a2ff4a853f65e49d07,1759516585,2025-10-03T18:36:25.000Z
0x0ff7d6cfc89a831b4d379f3bdef7e207b834c510,0x000000000000000000000000aab6cfffdd13e27d,63356410,0xdd894483cfe7c13bf8a8ed4830c9d7f879d0378b74b0e5a2ff4a853f65e49d07,1759516585,2025-10-03T18:36:25.000Z
0x0ff7d6cfc89a831b4d379f3bdef7e207b834c510,0x00000000000000000000000061a3ff8ceb94289b,63356410,0xdd894483cfe7c13bf8a8ed4830c9d7f879d0378b74b0e5a2ff4a853f65e49d07,1759516585,2025-10-03T18:36:25.000Z
0x0ff7d6cfc89a831b4d379f3bdef7e207b834c510,0x000000000000000000000000de5b54362e53ef23,63356410,0xdd894483cfe7c13bf8a8ed4830c9d7f879d0378b74b0e5a2ff4a853f65e49d07,1759516585,2025-10-03T18:36:25.000Z
0xaded426e1601346166d6be623da65bcb9e0dba87,0x000000000000000000000000e20876db2e981f5b,63406864,0x2ff9f236c9b0dfc6b7b144037068569147c21e72d1f2683caa16cf12814d6027,1759554430,2025-10-04T05:07:10.000Z
0xaded426e1601346166d6be623da65bcb9e0dba87,0x000000000000000000000000c352463c8174920d,63406864,0x2ff9f236c9b0dfc6b7b144037068569147c21e72d1f2683caa16cf12814d6027,1759554430,2025-10-04T05:07:10.000Z
0xaded426e1601346166d6be623da65bcb9e0dba87,0x0000000000000000000000004fc4b98950db0f04,63406864,0x2ff9f236c9b0dfc6b7b144037068569147c21e72d1f2683caa16cf12814d6027,1759554430,2025-10-04T05:07:10.000Z
0xaded426e1601346166d6be623da65bcb9e0dba87,0x000000000000000000000000de5b54362e53ef23,63406864,0x2ff9f236c9b0dfc6b7b144037068569147c21e72d1f2683caa16cf12814d6027,1759554430,2025-10-04T05:07:10.000Z
0x4e9b00fd33a02b6e90e3d0f6eea46b3d340c6087,0x000000000000000000000000c352463c8174920d,63418455,0xa8577bd31c8a2a07d976697038f2f364826d3c8677a5672acca3c5e02d73af01,1759563126,2025-10-04T07:32:06.000Z
0x4e9b00fd33a02b6e90e3d0f6eea46b3d340c6087,0x0000000000000000000000004fc4b98950db0f04,63418455,0xa8577bd31c8a2a07d976697038f2f364826d3c8677a5672acca3c5e02d73af01,1759563126,2025-10-04T07:32:06.000Z
0x4e9b00fd33a02b6e90e3d0f6eea46b3d340c6087,0x0000000000000000000000001b49e177b8dfe3fe,63418455,0xa8577bd31c8a2a07d976697038f2f364826d3c8677a5672acca3c5e02d73af01,1759563126,2025-10-04T07:32:06.000Z
0x4e9b00fd33a02b6e90e3d0f6eea46b3d340c6087,0x000000000000000000000000de5b54362e53ef23,63418455,0xa8577bd31c8a2a07d976697038f2f364826d3c8677a5672acca3c5e02d73af01,1759563126,2025-10-04T07:32:06.000Z
0xb01821c9782acd3d4b22091f5acf536e92f8e6d5,0x000000000000000000000000107bb14cc71a278e,63421431,0x53165433decb31ef39c3369607fa382b2ff8e0885612ee5ec3f1ee1cc2235c03,1759565358,2025-10-04T08:09:18.000Z
0xb01821c9782acd3d4b22091f5acf536e92f8e6d5,0x00000000000000000000000092d6d3fbe4067a2f,63421431,0x53165433decb31ef39c3369607fa382b2ff8e0885612ee5ec3f1ee1cc2235c03,1759565358,2025-10-04T08:09:18.000Z
0xb01821c9782acd3d4b22091f5acf536e92f8e6d5,0x0000000000000000000000008d66facd7673f48c,63421431,0x53165433decb31ef39c3369607fa382b2ff8e0885612ee5ec3f1ee1cc2235c03,1759565358,2025-10-04T08:09:18.000Z
0xb01821c9782acd3d4b22091f5acf536e92f8e6d5,0x000000000000000000000000de5b54362e53ef23,63421431,0x53165433decb31ef39c3369607fa382b2ff8e0885612ee5ec3f1ee1cc2235c03,1759565358,2025-10-04T08:09:18.000Z
0x45a72584a188c2146165b0e0910c1ba4b04e8fe6,0x000000000000000000000000a2d07a6b11a87f73,63424999,0xf3c426fc685a1cdc4190449f9db9e31fd031d5c8670eb8536ee42d261783b6d6,1759568034,2025-10-04T08:53:54.000Z
0x45a72584a188c2146165b0e0910c1ba4b04e8fe6,0x000000000000000000000000fc711d1eec2f1188,63424999,0xf3c426fc685a1cdc4190449f9db9e31fd031d5c8670eb8536ee42d261783b6d6,1759568034,2025-10-04T08:53:54.000Z
0x45a72584a188c2146165b0e0910c1ba4b04e8fe6,0x000000000000000000000000001cf5a7520a553f,63424999,0xf3c426fc685a1cdc4190449f9db9e31fd031d5c8670eb8536ee42d261783b6d6,1759568034,2025-10-04T08:53:54.000Z
0x45a72584a188c2146165b0e0910c1ba4b04e8fe6,0x000000000000000000000000de5b54362e53ef23,63424999,0xf3c426fc685a1cdc4190449f9db9e31fd031d5c8670eb8536ee42d261783b6d6,1759568034,2025-10-04T08:53:54.000Z
0x85c57f2b7bce1b13e5d6aa6721e2f5b58d166f04,0x00000000000000000000000073b64c6ebfd8aa93,63428095,0xcbe242eb16ac63e8e98070b37e578b42013e9cf733791f871bdefea96bb6743b,1759570356,2025-10-04T09:32:36.000Z
0x85c57f2b7bce1b13e5d6aa6721e2f5b58d166f04,0x000000000000000000000000001cf5a7520a553f,63428095,0xcbe242eb16ac63e8e98070b37e578b42013e9cf733791f871bdefea96bb6743b,1759570356,2025-10-04T09:32:36.000Z
0x85c57f2b7bce1b13e5d6aa6721e2f5b58d166f04,0x000000000000000000000000107bb14cc71a278e,63428095,0xcbe242eb16ac63e8e98070b37e578b42013e9cf733791f871bdefea96bb6743b,1759570356,2025-10-04T09:32:36.000Z
0x85c57f2b7bce1b13e5d6aa6721e2f5b58d166f04,0x000000000000000000000000de5b54362e53ef23,63428095,0xcbe242eb16ac63e8e98070b37e578b42013e9cf733791f871bdefea96bb6743b,1759570356,2025-10-04T09:32:36.000Z
0x7c9117875fa415510a04bcd493b1ef33ba8f1a62,0x000000000000000000000000107bb14cc71a278e,63431808,0x81d35429ed20c7e8e4aba77f9e142d58e89bacfa9e204a3ada6e27af7d53b970,1759573141,2025-10-04T10:19:01.000Z
0x7c9117875fa415510a04bcd493b1ef33ba8f1a62,0x00000000000000000000000092d6d3fbe4067a2f,63431808,0x81d35429ed20c7e8e4aba77f9e142d58e89bacfa9e204a3ada6e27af7d53b970,1759573141,2025-10-04T10:19:01.000Z
0x7c9117875fa415510a04bcd493b1ef33ba8f1a62,0x0000000000000000000000008d66facd7673f48c,63431808,0x81d35429ed20c7e8e4aba77f9e142d58e89bacfa9e204a3ada6e27af7d53b970,1759573141,2025-10-04T10:19:01.000Z
0x7c9117875fa415510a04bcd493b1ef33ba8f1a62,0x000000000000000000000000de5b54362e53ef23,63431808,0x81d35429ed20c7e8e4aba77f9e142d58e89bacfa9e204a3ada6e27af7d53b970,1759573141,2025-10-04T10:19:01.000Z
0xe6e6f0790a56590856c60d68ae703e090afaa526,0x000000000000000000000000fc711d1eec2f1188,63432303,0x8b29648d559e1cadaf257cade09864270e2ed2054cf7012ad2b26da5a4cd6e73,1759573512,2025-10-04T10:25:12.000Z
0xe6e6f0790a56590856c60d68ae703e090afaa526,0x000000000000000000000000001cf5a7520a553f,63432303,0x8b29648d559e1cadaf257cade09864270e2ed2054cf7012ad2b26da5a4cd6e73,1759573512,2025-10-04T10:25:12.000Z
0xe6e6f0790a56590856c60d68ae703e090afaa526,0x000000000000000000000000107bb14cc71a278e,63432303,0x8b29648d559e1cadaf257cade09864270e2ed2054cf7012ad2b26da5a4cd6e73,1759573512,2025-10-04T10:25:12.000Z
0xe6e6f0790a56590856c60d68ae703e090afaa526,0x000000000000000000000000de5b54362e53ef23,63432303,0x8b29648d559e1cadaf257cade09864270e2ed2054cf7012ad2b26da5a4cd6e73,1759573512,2025-10-04T10:25:12.000Z
0x00e1d66a04f1a4d359222529d77446f01e456bb1,0x000000000000000000000000ea2d9c6defc5808b,63439612,0xddd3dd19da4e5b41b7bb9e660f681e493536480922476acb0f35cd149edee4e4,1759578994,2025-10-04T11:56:34.000Z
0x00e1d66a04f1a4d359222529d77446f01e456bb1,0x000000000000000000000000107bb14cc71a278e,63439612,0xddd3dd19da4e5b41b7bb9e660f681e493536480922476acb0f35cd149edee4e4,1759578994,2025-10-04T11:56:34.000Z
0x00e1d66a04f1a4d359222529d77446f01e456bb1,0x00000000000000000000000092d6d3fbe4067a2f,63439612,0xddd3dd19da4e5b41b7bb9e660f681e493536480922476acb0f35cd149edee4e4,1759578994,2025-10-04T11:56:34.000Z
0x00e1d66a04f1a4d359222529d77446f01e456bb1,0x000000000000000000000000de5b54362e53ef23,63439612,0xddd3dd19da4e5b41b7bb9e660f681e493536480922476acb0f35cd149edee4e4,1759578994,2025-10-04T11:56:34.000Z
0x6ff4888bf73efe61a04f3f6babe714dd5d519a46,0x000000000000000000000000ea2d9c6defc5808b,63440081,0x69b8e256e9396e562318f76941064deb9273640520e744bc092c235517e067d4,1759579346,2025-10-04T12:02:26.000Z
0x6ff4888bf73efe61a04f3f6babe714dd5d519a46,0x000000000000000000000000107bb14cc71a278e,63440081,0x69b8e256e9396e562318f76941064deb9273640520e744bc092c235517e067d4,1759579346,2025-10-04T12:02:26.000Z
0x6ff4888bf73efe61a04f3f6babe714dd5d519a46,0x00000000000000000000000092d6d3fbe4067a2f,63440081,0x69b8e256e9396e562318f76941064deb9273640520e744bc092c235517e067d4,1759579346,2025-10-04T12:02:26.000Z
0x6ff4888bf73efe61a04f3f6babe714dd5d519a46,0x000000000000000000000000de5b54362e53ef23,63440081,0x69b8e256e9396e562318f76941064deb9273640520e744bc092c235517e067d4,1759579346,2025-10-04T12:02:26.000Z
0x4bfc74c8494ad00ac2a1c56939254ae7df274ce3,0x000000000000000000000000ea2d9c6defc5808b,63446823,0xae6ac383509a6e639a91b261e7114f5f9181f3cce93ef2eb999af6565de41864,1759584403,2025-10-04T13:26:43.000Z
0x4bfc74c8494ad00ac2a1c56939254ae7df274ce3,0x000000000000000000000000107bb14cc71a278e,63446823,0xae6ac383509a6e639a91b261e7114f5f9181f3cce93ef2eb999af6565de41864,1759584403,2025-10-04T13:26:43.000Z
0x4bfc74c8494ad00ac2a1c56939254ae7df274ce3,0x00000000000000000000000092d6d3fbe4067a2f,63446823,0xae6ac383509a6e639a91b261e7114f5f9181f3cce93ef2eb999af6565de41864,1759584403,2025-10-04T13:26:43.000Z
0x4bfc74c8494ad00ac2a1c56939254ae7df274ce3,0x000000000000000000000000de5b54362e53ef23,63446823,0xae6ac383509a6e639a91b261e7114f5f9181f3cce93ef2eb999af6565de41864,1759584403,2025-10-04T13:26:43.000Z
0xfbf98d0cc82617065f923e85456a34bc51edc080,0x00000000000000000000000045a72584a188c214,63451967,0x88b448a399eea46cd7d907b21f5fa028bb8cd1ec444890fecdf46a070cf80408,1759588262,2025-10-04T14:31:02.000Z
0xfbf98d0cc82617065f923e85456a34bc51edc080,0x000000000000000000000000a2d07a6b11a87f73,63451967,0x88b448a399eea46cd7d907b21f5fa028bb8cd1ec444890fecdf46a070cf80408,1759588262,2025-10-04T14:31:02.000Z
0xfbf98d0cc82617065f923e85456a34bc51edc080,0x000000000000000000000000fc711d1eec2f1188,63451967,0x88b448a399eea46cd7d907b21f5fa028bb8cd1ec444890fecdf46a070cf80408,1759588262,2025-10-04T14:31:02.000Z
0xfbf98d0cc82617065f923e85456a34bc51edc080,0x000000000000000000000000de5b54362e53ef23,63451967,0x88b448a399eea46cd7d907b21f5fa028bb8cd1ec444890fecdf46a070cf80408,1759588262,2025-10-04T14:31:02.000Z
0x0d34bc861aaf3e54b0fd8179d9b6ec69f88a8606,0x000000000000000000000000ea2d9c6defc5808b,63452122,0x4d27743e95b436cc117212293f1718b7936990c7c83c8609190fb6d840e8855c,1759588378,2025-10-04T14:32:58.000Z
0x0d34bc861aaf3e54b0fd8179d9b6ec69f88a8606,0x000000000000000000000000107bb14cc71a278e,63452122,0x4d27743e95b436cc117212293f1718b7936990c7c83c8609190fb6d840e8855c,1759588378,2025-10-04T14:32:58.000Z
0x0d34bc861aaf3e54b0fd8179d9b6ec69f88a8606,0x00000000000000000000000092d6d3fbe4067a2f,63452122,0x4d27743e95b436cc117212293f1718b7936990c7c83c8609190fb6d840e8855c,1759588378,2025-10-04T14:32:58.000Z
0x0d34bc861aaf3e54b0fd8179d9b6ec69f88a8606,0x000000000000000000000000de5b54362e53ef23,63452122,0x4d27743e95b436cc117212293f1718b7936990c7c83c8609190fb6d840e8855c,1759588378,2025-10-04T14:32:58.000Z
0x5c84c0169a7afff8174275cbd709ef24dafa4bbb,0x0000000000000000000000009cd12f222726fe3c,63459129,0xbeb82f4115e6dd92a47f26612907f630baa06170b6108dd3044f956b9bf60062,1759593635,2025-10-04T16:00:35.000Z
0x5c84c0169a7afff8174275cbd709ef24dafa4bbb,0x00000000000000000000000085ff5b233d0c7b12,63459129,0xbeb82f4115e6dd92a47f26612907f630baa06170b6108dd3044f956b9bf60062,1759593635,2025-10-04T16:00:35.000Z
0x5c84c0169a7afff8174275cbd709ef24dafa4bbb,0x000000000000000000000000ea2d9c6defc5808b,63459129,0xbeb82f4115e6dd92a47f26612907f630baa06170b6108dd3044f956b9bf60062,1759593635,2025-10-04T16:00:35.000Z
0x5c84c0169a7afff8174275cbd709ef24dafa4bbb,0x000000000000000000000000de5b54362e53ef23,63459129,0xbeb82f4115e6dd92a47f26612907f630baa06170b6108dd3044f956b9bf60062,1759593635,2025-10-04T16:00:35.000Z
0x52cc0f56ce4ce5053c66d0aaff66e0d2f145680f,0x00000000000000000000000007588bd36bb84aff,63518964,0x906eef5c7e5c91dae0a79cb42194486157421c39c2f3037e75d799c329ffb831,1759638517,2025-10-05T04:28:37.000Z
0x52cc0f56ce4ce5053c66d0aaff66e0d2f145680f,0x00000000000000000000000041fa7ea2c359a2f0,63518964,0x906eef5c7e5c91dae0a79cb42194486157421c39c2f3037e75d799c329ffb831,1759638517,2025-10-05T04:28:37.000Z
0x52cc0f56ce4ce5053c66d0aaff66e0d2f145680f,0x00000000000000000000000002d32f712712df82,63518964,0x906eef5c7e5c91dae0a79cb42194486157421c39c2f3037e75d799c329ffb831,1759638517,2025-10-05T04:28:37.000Z
0x52cc0f56ce4ce5053c66d0aaff66e0d2f145680f,0x000000000000000000000000de5b54362e53ef23,63518964,0x906eef5c7e5c91dae0a79cb42194486157421c39c2f3037e75d799c329ffb831,1759638517,2025-10-05T04:28:37.000Z
0x2c322b0a1627f214ede8b4569fcf2323829dc010,0x00000000000000000000000085ff5b233d0c7b12,63521813,0xe43ada4b7ac799d0ca6b7f95663f0975159d9f308baa69d9fb373342765b81cc,1759640654,2025-10-05T05:04:14.000Z
0x2c322b0a1627f214ede8b4569fcf2323829dc010,0x000000000000000000000000ea2d9c6defc5808b,63521813,0xe43ada4b7ac799d0ca6b7f95663f0975159d9f308baa69d9fb373342765b81cc,1759640654,2025-10-05T05:04:14.000Z
0x2c322b0a1627f214ede8b4569fcf2323829dc010,0x000000000000000000000000107bb14cc71a278e,63521813,0xe43ada4b7ac799d0ca6b7f95663f0975159d9f308baa69d9fb373342765b81cc,1759640654,2025-10-05T05:04:14.000Z
0x2c322b0a1627f214ede8b4569fcf2323829dc010,0x000000000000000000000000de5b54362e53ef23,63521813,0xe43ada4b7ac799d0ca6b7f95663f0975159d9f308baa69d9fb373342765b81cc,1759640654,2025-10-05T05:04:14.000Z
0x3754c5b78649badce92e55e305799222a848490e,0x000000000000000000000000c352463c8174920d,63559570,0x7460a68ea5eee5697f1a547bb03892a41e468e72da60a94acfc716a7d0bcbed8,1759668976,2025-10-05T12:56:16.000Z
0x3754c5b78649badce92e55e305799222a848490e,0x0000000000000000000000004fc4b98950db0f04,63559570,0x7460a68ea5eee5697f1a547bb03892a41e468e72da60a94acfc716a7d0bcbed8,1759668976,2025-10-05T12:56:16.000Z
0x3754c5b78649badce92e55e305799222a848490e,0x0000000000000000000000001b49e177b8dfe3fe,63559570,0x7460a68ea5eee5697f1a547bb03892a41e468e72da60a94acfc716a7d0bcbed8,1759668976,2025-10-05T12:56:16.000Z
0x3754c5b78649badce92e55e305799222a848490e,0x000000000000000000000000de5b54362e53ef23,63559570,0x7460a68ea5eee5697f1a547bb03892a41e468e72da60a94acfc716a7d0bcbed8,1759668976,2025-10-05T12:56:16.000Z
0x4551cc5b1330f30be322cc137215408814fd2c5c,0x000000000000000000000000fc711d1eec2f1188,63584017,0xffd724fe049a283e5a76b870e936cdb371bb46cb265d1e9b6d702812a30865e4,1759687316,2025-10-05T18:01:56.000Z
0x4551cc5b1330f30be322cc137215408814fd2c5c,0x000000000000000000000000001cf5a7520a553f,63584017,0xffd724fe049a283e5a76b870e936cdb371bb46cb265d1e9b6d702812a30865e4,1759687316,2025-10-05T18:01:56.000Z
0x4551cc5b1330f30be322cc137215408814fd2c5c,0x000000000000000000000000107bb14cc71a278e,63584017,0xffd724fe049a283e5a76b870e936cdb371bb46cb265d1e9b6d702812a30865e4,1759687316,2025-10-05T18:01:56.000Z
0x4551cc5b1330f30be322cc137215408814fd2c5c,0x000000000000000000000000de5b54362e53ef23,63584017,0xffd724fe049a283e5a76b870e936cdb371bb46cb265d1e9b6d702812a30865e4,1759687316,2025-10-05T18:01:56.000Z
0x85fb31b65b6ed8756e1ffd06747ab2fe6eb6061b,0x000000000000000000000000195fd033be64ef32,63633143,0x098e15dd695a79aa85252029894b5d343a540b9e58c6b8b8cfe21fe3a8e6396d,1759724162,2025-10-06T04:16:02.000Z
0x85fb31b65b6ed8756e1ffd06747ab2fe6eb6061b,0x0000000000000000000000002356eedaea55128f,63633143,0x098e15dd695a79aa85252029894b5d343a540b9e58c6b8b8cfe21fe3a8e6396d,1759724162,2025-10-06T04:16:02.000Z
0x85fb31b65b6ed8756e1ffd06747ab2fe6eb6061b,0x00000000000000000000000021af484ac218e322,63633143,0x098e15dd695a79aa85252029894b5d343a540b9e58c6b8b8cfe21fe3a8e6396d,1759724162,2025-10-06T04:16:02.000Z
0x85fb31b65b6ed8756e1ffd06747ab2fe6eb6061b,0x000000000000000000000000de5b54362e53ef23,63633143,0x098e15dd695a79aa85252029894b5d343a540b9e58c6b8b8cfe21fe3a8e6396d,1759724162,2025-10-06T04:16:02.000Z
0xef62371df3ad12f4b87ab353f962dac94fe08058,0x000000000000000000000000833e8b8a9d87aa42,63642955,0x738a372938580f8355451fa8e89057f57d7d02de83ce583b9cf4981440f6a0a4,1759731521,2025-10-06T06:18:41.000Z
0xef62371df3ad12f4b87ab353f962dac94fe08058,0x000000000000000000000000d2dd610da3363d3f,63642955,0x738a372938580f8355451fa8e89057f57d7d02de83ce583b9cf4981440f6a0a4,1759731521,2025-10-06T06:18:41.000Z
0xef62371df3ad12f4b87ab353f962dac94fe08058,0x0000000000000000000000001b49e177b8dfe3fe,63642955,0x738a372938580f8355451fa8e89057f57d7d02de83ce583b9cf4981440f6a0a4,1759731521,2025-10-06T06:18:41.000Z
0xef62371df3ad12f4b87ab353f962dac94fe08058,0x000000000000000000000000de5b54362e53ef23,63642955,0x738a372938580f8355451fa8e89057f57d7d02de83ce583b9cf4981440f6a0a4,1759731521,2025-10-06T06:18:41.000Z
0xf6ee3dd7eebfd47746a808f8fa91820df03a97c4,0x000000000000000000000000ceba129e0462c7e5,63645292,0x7e40b0cbb0c458750f0cc18ade4b4d2f5ec81f5d66414742f91606a0f9d65a7d,1759733276,2025-10-06T06:47:56.000Z
0xf6ee3dd7eebfd47746a808f8fa91820df03a97c4,0x000000000000000000000000c0db02f3b35ee917,63645292,0x7e40b0cbb0c458750f0cc18ade4b4d2f5ec81f5d66414742f91606a0f9d65a7d,1759733276,2025-10-06T06:47:56.000Z
0xf6ee3dd7eebfd47746a808f8fa91820df03a97c4,0x000000000000000000000000509aad7bc34a1474,63645292,0x7e40b0cbb0c458750f0cc18ade4b4d2f5ec81f5d66414742f91606a0f9d65a7d,1759733276,2025-10-06T06:47:56.000Z
0xf6ee3dd7eebfd47746a808f8fa91820df03a97c4,0x000000000000000000000000de5b54362e53ef23,63645292,0x7e40b0cbb0c458750f0cc18ade4b4d2f5ec81f5d66414742f91606a0f9d65a7d,1759733276,2025-10-06T06:47:56.000Z
0x07ff9ff67a58388942b66240e4d81103b939c296,0x0000000000000000000000007698de5410a66341,63659476,0x9cc5775052cef47b326d461d6c792297bcccfd411e437964539726868d720b6f,1759743915,2025-10-06T09:45:15.000Z
0x07ff9ff67a58388942b66240e4d81103b939c296,0x000000000000000000000000fc711d1eec2f1188,63659476,0x9cc5775052cef47b326d461d6c792297bcccfd411e437964539726868d720b6f,1759743915,2025-10-06T09:45:15.000Z
0x07ff9ff67a58388942b66240e4d81103b939c296,0x000000000000000000000000001cf5a7520a553f,63659476,0x9cc5775052cef47b326d461d6c792297bcccfd411e437964539726868d720b6f,1759743915,2025-10-06T09:45:15.000Z
0x07ff9ff67a58388942b66240e4d81103b939c296,0x000000000000000000000000de5b54362e53ef23,63659476,0x9cc5775052cef47b326d461d6c792297bcccfd411e437964539726868d720b6f,1759743915,2025-10-06T09:45:15.000Z
0x5b10c77bd6eab79a9bc89c868795c83d5ba8de3e,0x000000000000000000000000f6ee3dd7eebfd477,63667061,0x8b03ebba04aa87f3a22e44c4d5e4f2011793c6f68860ad8402b8a8c77471c961,1759749605,2025-10-06T11:20:05.000Z
0x5b10c77bd6eab79a9bc89c868795c83d5ba8de3e,0x000000000000000000000000ceba129e0462c7e5,63667061,0x8b03ebba04aa87f3a22e44c4d5e4f2011793c6f68860ad8402b8a8c77471c961,1759749605,2025-10-06T11:20:05.000Z
0x5b10c77bd6eab79a9bc89c868795c83d5ba8de3e,0x000000000000000000000000c0db02f3b35ee917,63667061,0x8b03ebba04aa87f3a22e44c4d5e4f2011793c6f68860ad8402b8a8c77471c961,1759749605,2025-10-06T11:20:05.000Z
0x5b10c77bd6eab79a9bc89c868795c83d5ba8de3e,0x000000000000000000000000de5b54362e53ef23,63667061,0x8b03ebba04aa87f3a22e44c4d5e4f2011793c6f68860ad8402b8a8c77471c961,1759749605,2025-10-06T11:20:05.000Z
0xa2a493eee6cae11ea970d151474286d631f740e6,0x0000000000000000000000009cd12f222726fe3c,63672563,0xc8db7e8483864a6ebc187f7b3aa5dd6d29e3dc051b0e2bf1c514b0759e92bca0,1759753733,2025-10-06T12:28:53.000Z
0xa2a493eee6cae11ea970d151474286d631f740e6,0x00000000000000000000000085ff5b233d0c7b12,63672563,0xc8db7e8483864a6ebc187f7b3aa5dd6d29e3dc051b0e2bf1c514b0759e92bca0,1759753733,2025-10-06T12:28:53.000Z
0xa2a493eee6cae11ea970d151474286d631f740e6,0x000000000000000000000000ea2d9c6defc5808b,63672563,0xc8db7e8483864a6ebc187f7b3aa5dd6d29e3dc051b0e2bf1c514b0759e92bca0,1759753733,2025-10-06T12:28:53.000Z
0xa2a493eee6cae11ea970d151474286d631f740e6,0x000000000000000000000000de5b54362e53ef23,63672563,0xc8db7e8483864a6ebc187f7b3aa5dd6d29e3dc051b0e2bf1c514b0759e92bca0,1759753733,2025-10-06T12:28:53.000Z
0xda731c4b6c46cf9f76615855682e0f674ec3ec71,0x000000000000000000000000a2a493eee6cae11e,63677833,0x6063e5862d4b3248f2446353622e954b57475dc908f1b00b7cfc95b10102e6a1,1759757690,2025-10-06T13:34:50.000Z
0xda731c4b6c46cf9f76615855682e0f674ec3ec71,0x0000000000000000000000009cd12f222726fe3c,63677833,0x6063e5862d4b3248f2446353622e954b57475dc908f1b00b7cfc95b10102e6a1,1759757690,2025-10-06T13:34:50.000Z
0xda731c4b6c46cf9f76615855682e0f674ec3ec71,0x00000000000000000000000085ff5b233d0c7b12,63677833,0x6063e5862d4b3248f2446353622e954b57475dc908f1b00b7cfc95b10102e6a1,1759757690,2025-10-06T13:34:50.000Z
0xda731c4b6c46cf9f76615855682e0f674ec3ec71,0x000000000000000000000000de5b54362e53ef23,63677833,0x6063e5862d4b3248f2446353622e954b57475dc908f1b00b7cfc95b10102e6a1,1759757690,2025-10-06T13:34:50.000Z
0x4b61403e7fe21b427e0b8dd422061de54aba1444,0x00000000000000000000000007ff9ff67a583889,63683190,0x911a858b85596f856ca5618f11a10be5a66ecc00a606253abd7463621d969bd8,1759761708,2025-10-06T14:41:48.000Z
0x4b61403e7fe21b427e0b8dd422061de54aba1444,0x0000000000000000000000007698de5410a66341,63683190,0x911a858b85596f856ca5618f11a10be5a66ecc00a606253abd7463621d969bd8,1759761708,2025-10-06T14:41:48.000Z
0x4b61403e7fe21b427e0b8dd422061de54aba1444,0x000000000000000000000000fc711d1eec2f1188,63683190,0x911a858b85596f856ca5618f11a10be5a66ecc00a606253abd7463621d969bd8,1759761708,2025-10-06T14:41:48.000Z
0x4b61403e7fe21b427e0b8dd422061de54aba1444,0x000000000000000000000000de5b54362e53ef23,63683190,0x911a858b85596f856ca5618f11a10be5a66ecc00a606253abd7463621d969bd8,1759761708,2025-10-06T14:41:48.000Z
0x31dc6f2b99602b90cf0d11c1b5a1e1b763cd6b97,0x000000000000000000000000f9eb0bfce4d63ccf,63698560,0x842da068f912a8adbce03b4b32d868c5f0d68ffccaa3ad7fc3795adaa70da4c8,1759773237,2025-10-06T17:53:57.000Z
0x31dc6f2b99602b90cf0d11c1b5a1e1b763cd6b97,0x000000000000000000000000524ad71c5d57ad62,63698560,0x842da068f912a8adbce03b4b32d868c5f0d68ffccaa3ad7fc3795adaa70da4c8,1759773237,2025-10-06T17:53:57.000Z
0x31dc6f2b99602b90cf0d11c1b5a1e1b763cd6b97,0x000000000000000000000000195fd033be64ef32,63698560,0x842da068f912a8adbce03b4b32d868c5f0d68ffccaa3ad7fc3795adaa70da4c8,1759773237,2025-10-06T17:53:57.000Z
0x31dc6f2b99602b90cf0d11c1b5a1e1b763cd6b97,0x000000000000000000000000de5b54362e53ef23,63698560,0x842da068f912a8adbce03b4b32d868c5f0d68ffccaa3ad7fc3795adaa70da4c8,1759773237,2025-10-06T17:53:57.000Z
0x5cd3b233ddbd9ecc82f27505f1d59341c862c258,0x000000000000000000000000fc711d1eec2f1188,63746185,0xa63d424c8993b70d703eb39e15deb45d114baaaf9dd8021c2c84b70f17e56b4c,1759808960,2025-10-07T03:49:20.000Z
0x5cd3b233ddbd9ecc82f27505f1d59341c862c258,0x000000000000000000000000001cf5a7520a553f,63746185,0xa63d424c8993b70d703eb39e15deb45d114baaaf9dd8021c2c84b70f17e56b4c,1759808960,2025-10-07T03:49:20.000Z
0x5cd3b233ddbd9ecc82f27505f1d59341c862c258,0x000000000000000000000000107bb14cc71a278e,63746185,0xa63d424c8993b70d703eb39e15deb45d114baaaf9dd8021c2c84b70f17e56b4c,1759808960,2025-10-07T03:49:20.000Z
0x5cd3b233ddbd9ecc82f27505f1d59341c862c258,0x000000000000000000000000de5b54362e53ef23,63746185,0xa63d424c8993b70d703eb39e15deb45d114baaaf9dd8021c2c84b70f17e56b4c,1759808960,2025-10-07T03:49:20.000Z
0xa90e5179852caa9f992c2a15bdea118c3f3e3b6f,0x0000000000000000000000009cd12f222726fe3c,63754951,0xabff4d73a098db1be64da8a6094ed9349d40e7651619fe5c83f9053fcd5dc400,1759815536,2025-10-07T05:38:56.000Z
0xa90e5179852caa9f992c2a15bdea118c3f3e3b6f,0x00000000000000000000000085ff5b233d0c7b12,63754951,0xabff4d73a098db1be64da8a6094ed9349d40e7651619fe5c83f9053fcd5dc400,1759815536,2025-10-07T05:38:56.000Z
0xa90e5179852caa9f992c2a15bdea118c3f3e3b6f,0x000000000000000000000000ea2d9c6defc5808b,63754951,0xabff4d73a098db1be64da8a6094ed9349d40e7651619fe5c83f9053fcd5dc400,1759815536,2025-10-07T05:38:56.000Z
0xa90e5179852caa9f992c2a15bdea118c3f3e3b6f,0x000000000000000000000000de5b54362e53ef23,63754951,0xabff4d73a098db1be64da8a6094ed9349d40e7651619fe5c83f9053fcd5dc400,1759815536,2025-10-07T05:38:56.000Z
0x374ccfd89ddd14ae955c417ec6aa100e454b0264,0x00000000000000000000000073b64c6ebfd8aa93,63759070,0x6b9b6d0a70a8359814f042ef8d545c29cc6e374c635cbc0c43d37e54a2e59eb3,1759818626,2025-10-07T06:30:26.000Z
0x374ccfd89ddd14ae955c417ec6aa100e454b0264,0x000000000000000000000000001cf5a7520a553f,63759070,0x6b9b6d0a70a8359814f042ef8d545c29cc6e374c635cbc0c43d37e54a2e59eb3,1759818626,2025-10-07T06:30:26.000Z
0x374ccfd89ddd14ae955c417ec6aa100e454b0264,0x000000000000000000000000107bb14cc71a278e,63759070,0x6b9b6d0a70a8359814f042ef8d545c29cc6e374c635cbc0c43d37e54a2e59eb3,1759818626,2025-10-07T06:30:26.000Z
0x374ccfd89ddd14ae955c417ec6aa100e454b0264,0x000000000000000000000000de5b54362e53ef23,63759070,0x6b9b6d0a70a8359814f042ef8d545c29cc6e374c635cbc0c43d37e54a2e59eb3,1759818626,2025-10-07T06:30:26.000Z
0xa473d53cae0cfa0608670aa6cd3b84d15ac31f99,0x0000000000000000000000009cd12f222726fe3c,63771665,0xcc950e124d7a36db8c39d162615a85016e4afe87bd41599a3c3b2faf7dd500e4,1759828072,2025-10-07T09:07:52.000Z
0xa473d53cae0cfa0608670aa6cd3b84d15ac31f99,0x00000000000000000000000085ff5b233d0c7b12,63771665,0xcc950e124d7a36db8c39d162615a85016e4afe87bd41599a3c3b2faf7dd500e4,1759828072,2025-10-07T09:07:52.000Z
0xa473d53cae0cfa0608670aa6cd3b84d15ac31f99,0x000000000000000000000000ea2d9c6defc5808b,63771665,0xcc950e124d7a36db8c39d162615a85016e4afe87bd41599a3c3b2faf7dd500e4,1759828072,2025-10-07T09:07:52.000Z
0xa473d53cae0cfa0608670aa6cd3b84d15ac31f99,0x000000000000000000000000de5b54362e53ef23,63771665,0xcc950e124d7a36db8c39d162615a85016e4afe87bd41599a3c3b2faf7dd500e4,1759828072,2025-10-07T09:07:52.000Z
0xb3df790851d10aa9fe1c6594ed3338fae8f0fda9,0x000000000000000000000000fc711d1eec2f1188,63783403,0xf305a61ad1e5c132242fef518e9533b49b3d0b871d60a99c3f42ec03dd88b5f5,1759836877,2025-10-07T11:34:37.000Z
0xb3df790851d10aa9fe1c6594ed3338fae8f0fda9,0x000000000000000000000000001cf5a7520a553f,63783403,0xf305a61ad1e5c132242fef518e9533b49b3d0b871d60a99c3f42ec03dd88b5f5,1759836877,2025-10-07T11:34:37.000Z
0xb3df790851d10aa9fe1c6594ed3338fae8f0fda9,0x000000000000000000000000107bb14cc71a278e,63783403,0xf305a61ad1e5c132242fef518e9533b49b3d0b871d60a99c3f42ec03dd88b5f5,1759836877,2025-10-07T11:34:37.000Z
0xb3df790851d10aa9fe1c6594ed3338fae8f0fda9,0x000000000000000000000000de5b54362e53ef23,63783403,0xf305a61ad1e5c132242fef518e9533b49b3d0b871d60a99c3f42ec03dd88b5f5,1759836877,2025-10-07T11:34:37.000Z
0xe71b3d228a5786a797e4a770b28b9974da2487a5,0x000000000000000000000000869e92a274e699d1,63789842,0x6ec3281d18f5c5e3d0fef02bfd29d844942489980066cc51e0ee677c6808f38c,1759841710,2025-10-07T12:55:10.000Z
0xe71b3d228a5786a797e4a770b28b9974da2487a5,0x000000000000000000000000ea2d9c6defc5808b,63789842,0x6ec3281d18f5c5e3d0fef02bfd29d844942489980066cc51e0ee677c6808f38c,1759841710,2025-10-07T12:55:10.000Z
0xe71b3d228a5786a797e4a770b28b9974da2487a5,0x000000000000000000000000107bb14cc71a278e,63789842,0x6ec3281d18f5c5e3d0fef02bfd29d844942489980066cc51e0ee677c6808f38c,1759841710,2025-10-07T12:55:10.000Z
0xe71b3d228a5786a797e4a770b28b9974da2487a5,0x000000000000000000000000de5b54362e53ef23,63789842,0x6ec3281d18f5c5e3d0fef02bfd29d844942489980066cc51e0ee677c6808f38c,1759841710,2025-10-07T12:55:10.000Z
0xbde0653a8d656313043a690f5c485ae1848e73d4,0x000000000000000000000000e71b3d228a5786a7,63790695,0xc3ed5a0fb8a87ab94a2c51c959ff01d35de6277d0c65a95d7029dde88e9eb5b3,1759842349,2025-10-07T13:05:49.000Z
0xbde0653a8d656313043a690f5c485ae1848e73d4,0x000000000000000000000000869e92a274e699d1,63790695,0xc3ed5a0fb8a87ab94a2c51c959ff01d35de6277d0c65a95d7029dde88e9eb5b3,1759842349,2025-10-07T13:05:49.000Z
0xbde0653a8d656313043a690f5c485ae1848e73d4,0x000000000000000000000000ea2d9c6defc5808b,63790695,0xc3ed5a0fb8a87ab94a2c51c959ff01d35de6277d0c65a95d7029dde88e9eb5b3,1759842349,2025-10-07T13:05:49.000Z
0xbde0653a8d656313043a690f5c485ae1848e73d4,0x000000000000000000000000de5b54362e53ef23,63790695,0xc3ed5a0fb8a87ab94a2c51c959ff01d35de6277d0c65a95d7029dde88e9eb5b3,1759842349,2025-10-07T13:05:49.000Z
0xd127c336ae958321f611cf83af508a239e11e2cc,0x000000000000000000000000afc5348925afe255,63801920,0x6fb460ea165c91859735a67a8c78e32a00ac8cc4764ecf5144176d5952e244a5,1759850773,2025-10-07T15:26:13.000Z
0xd127c336ae958321f611cf83af508a239e11e2cc,0x000000000000000000000000bf0a4c6dacfccbce,63801920,0x6fb460ea165c91859735a67a8c78e32a00ac8cc4764ecf5144176d5952e244a5,1759850773,2025-10-07T15:26:13.000Z
0xd127c336ae958321f611cf83af508a239e11e2cc,0x000000000000000000000000bd3a2115cd56b1c2,63801920,0x6fb460ea165c91859735a67a8c78e32a00ac8cc4764ecf5144176d5952e244a5,1759850773,2025-10-07T15:26:13.000Z
0xd127c336ae958321f611cf83af508a239e11e2cc,0x000000000000000000000000de5b54362e53ef23,63801920,0x6fb460ea165c91859735a67a8c78e32a00ac8cc4764ecf5144176d5952e244a5,1759850773,2025-10-07T15:26:13.000Z
0x40416c385c907808872cf29b2a5ce840cf5ecd3b,0x000000000000000000000000afc5348925afe255,63821442,0x62df6934ece2cc2d213276c72a92d870c53160806271d4442ebdd66246a5b8af,1759865416,2025-10-07T19:30:16.000Z
0x40416c385c907808872cf29b2a5ce840cf5ecd3b,0x000000000000000000000000bf0a4c6dacfccbce,63821442,0x62df6934ece2cc2d213276c72a92d870c53160806271d4442ebdd66246a5b8af,1759865416,2025-10-07T19:30:16.000Z
0x40416c385c907808872cf29b2a5ce840cf5ecd3b,0x000000000000000000000000bd3a2115cd56b1c2,63821442,0x62df6934ece2cc2d213276c72a92d870c53160806271d4442ebdd66246a5b8af,1759865416,2025-10-07T19:30:16.000Z
0x40416c385c907808872cf29b2a5ce840cf5ecd3b,0x000000000000000000000000de5b54362e53ef23,63821442,0x62df6934ece2cc2d213276c72a92d870c53160806271d4442ebdd66246a5b8af,1759865416,2025-10-07T19:30:16.000Z
0xfeeb76b397084cfe91d15cf5711c6e1a5f6098ee,0x000000000000000000000000524ad71c5d57ad62,63881986,0x8094ae134918fe3853f95a4f374542ba1e6d5a08833817ebfd8489b1fcb0747e,1759910889,2025-10-08T08:08:09.000Z
0xfeeb76b397084cfe91d15cf5711c6e1a5f6098ee,0x000000000000000000000000195fd033be64ef32,63881986,0x8094ae134918fe3853f95a4f374542ba1e6d5a08833817ebfd8489b1fcb0747e,1759910889,2025-10-08T08:08:09.000Z
0xfeeb76b397084cfe91d15cf5711c6e1a5f6098ee,0x0000000000000000000000002356eedaea55128f,63881986,0x8094ae134918fe3853f95a4f374542ba1e6d5a08833817ebfd8489b1fcb0747e,1759910889,2025-10-08T08:08:09.000Z
0xfeeb76b397084cfe91d15cf5711c6e1a5f6098ee,0x000000000000000000000000de5b54362e53ef23,63881986,0x8094ae134918fe3853f95a4f374542ba1e6d5a08833817ebfd8489b1fcb0747e,1759910889,2025-10-08T08:08:09.000Z
0x5dcf7ad60bd8d0a0602a76511f1fd6a7fd25a3d4,0x000000000000000000000000a35b7d9b51573602,63900597,0x30cd55941b2a5a58f173e26712c02249c876a74ac0a27f5a491173cec58ae460,1759924869,2025-10-08T12:01:09.000Z
0x5dcf7ad60bd8d0a0602a76511f1fd6a7fd25a3d4,0x000000000000000000000000dc535fb7b68bafd5,63900597,0x30cd55941b2a5a58f173e26712c02249c876a74ac0a27f5a491173cec58ae460,1759924869,2025-10-08T12:01:09.000Z
0x5dcf7ad60bd8d0a0602a76511f1fd6a7fd25a3d4,0x00000000000000000000000003901b80eef5a9ed,63900597,0x30cd55941b2a5a58f173e26712c02249c876a74ac0a27f5a491173cec58ae460,1759924869,2025-10-08T12:01:09.000Z
0x5dcf7ad60bd8d0a0602a76511f1fd6a7fd25a3d4,0x000000000000000000000000de5b54362e53ef23,63900597,0x30cd55941b2a5a58f173e26712c02249c876a74ac0a27f5a491173cec58ae460,1759924869,2025-10-08T12:01:09.000Z
0xe0dcdf6fa2175728c75ccd503f758b6f06c39f81,0x000000000000000000000000a813adc464a7e80f,63903136,0xdc6d2fa14c13a86d0a5a69717d91693836487be49649fed8bf4ad813ce1b84ce,1759926774,2025-10-08T12:32:54.000Z
0xe0dcdf6fa2175728c75ccd503f758b6f06c39f81,0x000000000000000000000000a3beed4a3ec3bbd1,63903136,0xdc6d2fa14c13a86d0a5a69717d91693836487be49649fed8bf4ad813ce1b84ce,1759926774,2025-10-08T12:32:54.000Z
0xe0dcdf6fa2175728c75ccd503f758b6f06c39f81,0x000000000000000000000000aafda259ae041fcc,63903136,0xdc6d2fa14c13a86d0a5a69717d91693836487be49649fed8bf4ad813ce1b84ce,1759926774,2025-10-08T12:32:54.000Z
0xe0dcdf6fa2175728c75ccd503f758b6f06c39f81,0x000000000000000000000000de5b54362e53ef23,63903136,0xdc6d2fa14c13a86d0a5a69717d91693836487be49649fed8bf4ad813ce1b84ce,1759926774,2025-10-08T12:32:54.000Z
0x342ea6fb87c8cec79f2d4fecf6062c51c3c975cc,0x0000000000000000000000004baef833e5ae2fd1,63904808,0x0da64e1c17bc1c8408bf3e56845bf9e54df6d54b886460a3c0277ecc4a055eb7,1759928028,2025-10-08T12:53:48.000Z
0x342ea6fb87c8cec79f2d4fecf6062c51c3c975cc,0x000000000000000000000000ba68a891d3c02272,63904808,0x0da64e1c17bc1c8408bf3e56845bf9e54df6d54b886460a3c0277ecc4a055eb7,1759928028,2025-10-08T12:53:48.000Z
0x342ea6fb87c8cec79f2d4fecf6062c51c3c975cc,0x000000000000000000000000c87b173cc66db02c,63904808,0x0da64e1c17bc1c8408bf3e56845bf9e54df6d54b886460a3c0277ecc4a055eb7,1759928028,2025-10-08T12:53:48.000Z
0x342ea6fb87c8cec79f2d4fecf6062c51c3c975cc,0x000000000000000000000000de5b54362e53ef23,63904808,0x0da64e1c17bc1c8408bf3e56845bf9e54df6d54b886460a3c0277ecc4a055eb7,1759928028,2025-10-08T12:53:48.000Z
0x203afe566f4bbb934d1e13fd951b058aded1bd17,0x000000000000000000000000342ea6fb87c8cec7,63906793,0xa6d4ad55ddbab41a0b53ce383385f340129dbb4bff490a3e779aa512f4046bb6,1759929517,2025-10-08T13:18:37.000Z
0x203afe566f4bbb934d1e13fd951b058aded1bd17,0x0000000000000000000000004baef833e5ae2fd1,63906793,0xa6d4ad55ddbab41a0b53ce383385f340129dbb4bff490a3e779aa512f4046bb6,1759929517,2025-10-08T13:18:37.000Z
0x203afe566f4bbb934d1e13fd951b058aded1bd17,0x000000000000000000000000ba68a891d3c02272,63906793,0xa6d4ad55ddbab41a0b53ce383385f340129dbb4bff490a3e779aa512f4046bb6,1759929517,2025-10-08T13:18:37.000Z
0x203afe566f4bbb934d1e13fd951b058aded1bd17,0x000000000000000000000000de5b54362e53ef23,63906793,0xa6d4ad55ddbab41a0b53ce383385f340129dbb4bff490a3e779aa512f4046bb6,1759929517,2025-10-08T13:18:37.000Z
0x15ade19111a3e80ffef2606935c810b2243e6191,0x0000000000000000000000006ffeb2bfc1f2c9d1,63907339,0x7ad901ce4925de41ceb427c91e322210e02dfd782d527f4f5c8fa89f5049853d,1759929926,2025-10-08T13:25:26.000Z
0x15ade19111a3e80ffef2606935c810b2243e6191,0x00000000000000000000000088ecbcc049b7d047,63907339,0x7ad901ce4925de41ceb427c91e322210e02dfd782d527f4f5c8fa89f5049853d,1759929926,2025-10-08T13:25:26.000Z
0x15ade19111a3e80ffef2606935c810b2243e6191,0x000000000000000000000000b2b98660ee73de2e,63907339,0x7ad901ce4925de41ceb427c91e322210e02dfd782d527f4f5c8fa89f5049853d,1759929926,2025-10-08T13:25:26.000Z
0x15ade19111a3e80ffef2606935c810b2243e6191,0x000000000000000000000000de5b54362e53ef23,63907339,0x7ad901ce4925de41ceb427c91e322210e02dfd782d527f4f5c8fa89f5049853d,1759929926,2025-10-08T13:25:26.000Z
0xd413c10b67d0afa9ab651aa5d15d5e92d0edf930,0x0000000000000000000000005c84c0169a7afff8,63911275,0xb302c987337ed6a85032d12f527526520a43392c23312e0b36f298f461f3a661,1759932878,2025-10-08T14:14:38.000Z
0xd413c10b67d0afa9ab651aa5d15d5e92d0edf930,0x0000000000000000000000009cd12f222726fe3c,63911275,0xb302c987337ed6a85032d12f527526520a43392c23312e0b36f298f461f3a661,1759932878,2025-10-08T14:14:38.000Z
0xd413c10b67d0afa9ab651aa5d15d5e92d0edf930,0x00000000000000000000000085ff5b233d0c7b12,63911275,0xb302c987337ed6a85032d12f527526520a43392c23312e0b36f298f461f3a661,1759932878,2025-10-08T14:14:38.000Z
0xd413c10b67d0afa9ab651aa5d15d5e92d0edf930,0x000000000000000000000000de5b54362e53ef23,63911275,0xb302c987337ed6a85032d12f527526520a43392c23312e0b36f298f461f3a661,1759932878,2025-10-08T14:14:38.000Z
0xc5c763932b898effb06616ead49261bef0c84b86,0x000000000000000000000000e20876db2e981f5b,63911762,0xac9b4ab8f8516b515ed4104228c755495d0cc9336ec56a28ca81b77ff7ffded6,1759933244,2025-10-08T14:20:44.000Z
0xc5c763932b898effb06616ead49261bef0c84b86,0x000000000000000000000000c352463c8174920d,63911762,0xac9b4ab8f8516b515ed4104228c755495d0cc9336ec56a28ca81b77ff7ffded6,1759933244,2025-10-08T14:20:44.000Z
0xc5c763932b898effb06616ead49261bef0c84b86,0x0000000000000000000000004fc4b98950db0f04,63911762,0xac9b4ab8f8516b515ed4104228c755495d0cc9336ec56a28ca81b77ff7ffded6,1759933244,2025-10-08T14:20:44.000Z
0xc5c763932b898effb06616ead49261bef0c84b86,0x000000000000000000000000de5b54362e53ef23,63911762,0xac9b4ab8f8516b515ed4104228c755495d0cc9336ec56a28ca81b77ff7ffded6,1759933244,2025-10-08T14:20:44.000Z
0xfc76b370563e9be908dd75d74eeefad3b4be0c7e,0x0000000000000000000000002b3bc5a945059f77,63918357,0xc8087f701af60657eae311898341d4a7a1941a15e4fb321a0773e78b1168335a,1759938190,2025-10-08T15:43:10.000Z
0xfc76b370563e9be908dd75d74eeefad3b4be0c7e,0x000000000000000000000000a3beed4a3ec3bbd1,63918357,0xc8087f701af60657eae311898341d4a7a1941a15e4fb321a0773e78b1168335a,1759938190,2025-10-08T15:43:10.000Z
0xfc76b370563e9be908dd75d74eeefad3b4be0c7e,0x000000000000000000000000aafda259ae041fcc,63918357,0xc8087f701af60657eae311898341d4a7a1941a15e4fb321a0773e78b1168335a,1759938190,2025-10-08T15:43:10.000Z
0xfc76b370563e9be908dd75d74eeefad3b4be0c7e,0x000000000000000000000000de5b54362e53ef23,63918357,0xc8087f701af60657eae311898341d4a7a1941a15e4fb321a0773e78b1168335a,1759938190,2025-10-08T15:43:10.000Z
0x2e72802b76ddc7e33eb23e0225d58f7438effb73,0x000000000000000000000000a35b7d9b51573602,63922509,0xf6a02c2df816c9fae4e5e5e6be2388f2a7903c61396433b5d2973c1c9480a4c0,1759941304,2025-10-08T16:35:04.000Z
0x2e72802b76ddc7e33eb23e0225d58f7438effb73,0x000000000000000000000000dc535fb7b68bafd5,63922509,0xf6a02c2df816c9fae4e5e5e6be2388f2a7903c61396433b5d2973c1c9480a4c0,1759941304,2025-10-08T16:35:04.000Z
0x2e72802b76ddc7e33eb23e0225d58f7438effb73,0x00000000000000000000000003901b80eef5a9ed,63922509,0xf6a02c2df816c9fae4e5e5e6be2388f2a7903c61396433b5d2973c1c9480a4c0,1759941304,2025-10-08T16:35:04.000Z
0x2e72802b76ddc7e33eb23e0225d58f7438effb73,0x000000000000000000000000de5b54362e53ef23,63922509,0xf6a02c2df816c9fae4e5e5e6be2388f2a7903c61396433b5d2973c1c9480a4c0,1759941304,2025-10-08T16:35:04.000Z
0x525c76d7b0ec75ceaf9fb2a5f51f66d303085d29,0x000000000000000000000000a35b7d9b51573602,63923113,0x4b2f9aefdf42dd276ee363a0bbbc497351429f8e65bda45756fb148b563cd3c7,1759941757,2025-10-08T16:42:37.000Z
0x525c76d7b0ec75ceaf9fb2a5f51f66d303085d29,0x000000000000000000000000dc535fb7b68bafd5,63923113,0x4b2f9aefdf42dd276ee363a0bbbc497351429f8e65bda45756fb148b563cd3c7,1759941757,2025-10-08T16:42:37.000Z
0x525c76d7b0ec75ceaf9fb2a5f51f66d303085d29,0x00000000000000000000000003901b80eef5a9ed,63923113,0x4b2f9aefdf42dd276ee363a0bbbc497351429f8e65bda45756fb148b563cd3c7,1759941757,2025-10-08T16:42:37.000Z
0x525c76d7b0ec75ceaf9fb2a5f51f66d303085d29,0x000000000000000000000000de5b54362e53ef23,63923113,0x4b2f9aefdf42dd276ee363a0bbbc497351429f8e65bda45756fb148b563cd3c7,1759941757,2025-10-08T16:42:37.000Z
0x3e207878fd80fdf7367c8f7456df0dcb324a4daa,0x000000000000000000000000a35b7d9b51573602,63927267,0xe4d71d24a595f9a23a3883c5bba9fd61615a6f0fcaca6f3e265462e1931d2ef1,1759944872,2025-10-08T17:34:32.000Z
0x3e207878fd80fdf7367c8f7456df0dcb324a4daa,0x000000000000000000000000dc535fb7b68bafd5,63927267,0xe4d71d24a595f9a23a3883c5bba9fd61615a6f0fcaca6f3e265462e1931d2ef1,1759944872,2025-10-08T17:34:32.000Z
0x3e207878fd80fdf7367c8f7456df0dcb324a4daa,0x00000000000000000000000003901b80eef5a9ed,63927267,0xe4d71d24a595f9a23a3883c5bba9fd61615a6f0fcaca6f3e265462e1931d2ef1,1759944872,2025-10-08T17:34:32.000Z
0x3e207878fd80fdf7367c8f7456df0dcb324a4daa,0x000000000000000000000000de5b54362e53ef23,63927267,0xe4d71d24a595f9a23a3883c5bba9fd61615a6f0fcaca6f3e265462e1931d2ef1,1759944872,2025-10-08T17:34:32.000Z
0x754eda762bdee035d9ec631300a94d54eacb6963,0x000000000000000000000000a35b7d9b51573602,63927867,0x9f3d339f99c3ac1dee9a4393b9bbd1d34ee6b3cae4b2fd073da1f575f1c9e2e4,1759945322,2025-10-08T17:42:02.000Z
0x754eda762bdee035d9ec631300a94d54eacb6963,0x000000000000000000000000dc535fb7b68bafd5,63927867,0x9f3d339f99c3ac1dee9a4393b9bbd1d34ee6b3cae4b2fd073da1f575f1c9e2e4,1759945322,2025-10-08T17:42:02.000Z
0x754eda762bdee035d9ec631300a94d54eacb6963,0x00000000000000000000000003901b80eef5a9ed,63927867,0x9f3d339f99c3ac1dee9a4393b9bbd1d34ee6b3cae4b2fd073da1f575f1c9e2e4,1759945322,2025-10-08T17:42:02.000Z
0x754eda762bdee035d9ec631300a94d54eacb6963,0x000000000000000000000000de5b54362e53ef23,63927867,0x9f3d339f99c3ac1dee9a4393b9bbd1d34ee6b3cae4b2fd073da1f575f1c9e2e4,1759945322,2025-10-08T17:42:02.000Z
0x5ed177ba47945858e894d5f02efe417c84dadf59,0x000000000000000000000000a35b7d9b51573602,63930177,0x45a5f6003114b8da6c40eaaf69a731de5cd5be62c10da467df070b37cadb3810,1759947055,2025-10-08T18:10:55.000Z
0x5ed177ba47945858e894d5f02efe417c84dadf59,0x000000000000000000000000dc535fb7b68bafd5,63930177,0x45a5f6003114b8da6c40eaaf69a731de5cd5be62c10da467df070b37cadb3810,1759947055,2025-10-08T18:10:55.000Z
0x5ed177ba47945858e894d5f02efe417c84dadf59,0x00000000000000000000000003901b80eef5a9ed,63930177,0x45a5f6003114b8da6c40eaaf69a731de5cd5be62c10da467df070b37cadb3810,1759947055,2025-10-08T18:10:55.000Z
0x5ed177ba47945858e894d5f02efe417c84dadf59,0x000000000000000000000000de5b54362e53ef23,63930177,0x45a5f6003114b8da6c40eaaf69a731de5cd5be62c10da467df070b37cadb3810,1759947055,2025-10-08T18:10:55.000Z
0x712aa37affaf01ca733b75808420f5b7ad5d1ee2,0x000000000000000000000000a35b7d9b51573602,63930622,0x11f1e422f846e74acd0638c62bce1d4a77828b714833739d0499956f313e0e1e,1759947389,2025-10-08T18:16:29.000Z
0x712aa37affaf01ca733b75808420f5b7ad5d1ee2,0x000000000000000000000000dc535fb7b68bafd5,63930622,0x11f1e422f846e74acd0638c62bce1d4a77828b714833739d0499956f313e0e1e,1759947389,2025-10-08T18:16:29.000Z
0x712aa37affaf01ca733b75808420f5b7ad5d1ee2,0x00000000000000000000000003901b80eef5a9ed,63930622,0x11f1e422f846e74acd0638c62bce1d4a77828b714833739d0499956f313e0e1e,1759947389,2025-10-08T18:16:29.000Z
0x712aa37affaf01ca733b75808420f5b7ad5d1ee2,0x000000000000000000000000de5b54362e53ef23,63930622,0x11f1e422f846e74acd0638c62bce1d4a77828b714833739d0499956f313e0e1e,1759947389,2025-10-08T18:16:29.000Z
0x4f14bfa0c7da71adc412abc58efefbdaafeb41c5,0x000000000000000000000000a35b7d9b51573602,63988163,0xdfc7abf0bba247fb0d3f9475b2d975ff4fe7acc8ee25dbd2987270f76f358c1b,1759990551,2025-10-09T06:15:51.000Z
0x4f14bfa0c7da71adc412abc58efefbdaafeb41c5,0x000000000000000000000000dc535fb7b68bafd5,63988163,0xdfc7abf0bba247fb0d3f9475b2d975ff4fe7acc8ee25dbd2987270f76f358c1b,1759990551,2025-10-09T06:15:51.000Z
0x4f14bfa0c7da71adc412abc58efefbdaafeb41c5,0x00000000000000000000000003901b80eef5a9ed,63988163,0xdfc7abf0bba247fb0d3f9475b2d975ff4fe7acc8ee25dbd2987270f76f358c1b,1759990551,2025-10-09T06:15:51.000Z
0x4f14bfa0c7da71adc412abc58efefbdaafeb41c5,0x000000000000000000000000de5b54362e53ef23,63988163,0xdfc7abf0bba247fb0d3f9475b2d975ff4fe7acc8ee25dbd2987270f76f358c1b,1759990551,2025-10-09T06:15:51.000Z
0x212e3c30987cb391fb2b7898860612797aec8a56,0x000000000000000000000000a35b7d9b51573602,63989050,0x176521df40c44a816a82a38e4654f8ae311629fe45dad6721106b1edb025bb2a,1759991216,2025-10-09T06:26:56.000Z
0x212e3c30987cb391fb2b7898860612797aec8a56,0x000000000000000000000000dc535fb7b68bafd5,63989050,0x176521df40c44a816a82a38e4654f8ae311629fe45dad6721106b1edb025bb2a,1759991216,2025-10-09T06:26:56.000Z
0x212e3c30987cb391fb2b7898860612797aec8a56,0x00000000000000000000000003901b80eef5a9ed,63989050,0x176521df40c44a816a82a38e4654f8ae311629fe45dad6721106b1edb025bb2a,1759991216,2025-10-09T06:26:56.000Z
0x212e3c30987cb391fb2b7898860612797aec8a56,0x000000000000000000000000de5b54362e53ef23,63989050,0x176521df40c44a816a82a38e4654f8ae311629fe45dad6721106b1edb025bb2a,1759991216,2025-10-09T06:26:56.000Z
0x0eda4bb3460046f041870ed35aa379ff4f6fead7,0x000000000000000000000000a35b7d9b51573602,63989503,0x58143aa6bc0d9683d298d3b91d65983201657dc8efeb07e12960fb41e38ed6fc,1759991556,2025-10-09T06:32:36.000Z
0x0eda4bb3460046f041870ed35aa379ff4f6fead7,0x000000000000000000000000dc535fb7b68bafd5,63989503,0x58143aa6bc0d9683d298d3b91d65983201657dc8efeb07e12960fb41e38ed6fc,1759991556,2025-10-09T06:32:36.000Z
0x0eda4bb3460046f041870ed35aa379ff4f6fead7,0x00000000000000000000000003901b80eef5a9ed,63989503,0x58143aa6bc0d9683d298d3b91d65983201657dc8efeb07e12960fb41e38ed6fc,1759991556,2025-10-09T06:32:36.000Z
0x0eda4bb3460046f041870ed35aa379ff4f6fead7,0x000000000000000000000000de5b54362e53ef23,63989503,0x58143aa6bc0d9683d298d3b91d65983201657dc8efeb07e12960fb41e38ed6fc,1759991556,2025-10-09T06:32:36.000Z
0xe58a994c68443ce129cf6db0a30c6f5afc96cdc4,0x000000000000000000000000a35b7d9b51573602,63990058,0xfce5a0415ef560b826c6dc2f6c6b48f161fe920c9424f5acfe41d13da4ad012a,1759991972,2025-10-09T06:39:32.000Z
0xe58a994c68443ce129cf6db0a30c6f5afc96cdc4,0x000000000000000000000000dc535fb7b68bafd5,63990058,0xfce5a0415ef560b826c6dc2f6c6b48f161fe920c9424f5acfe41d13da4ad012a,1759991972,2025-10-09T06:39:32.000Z
0xe58a994c68443ce129cf6db0a30c6f5afc96cdc4,0x00000000000000000000000003901b80eef5a9ed,63990058,0xfce5a0415ef560b826c6dc2f6c6b48f161fe920c9424f5acfe41d13da4ad012a,1759991972,2025-10-09T06:39:32.000Z
0xe58a994c68443ce129cf6db0a30c6f5afc96cdc4,0x000000000000000000000000de5b54362e53ef23,63990058,0xfce5a0415ef560b826c6dc2f6c6b48f161fe920c9424f5acfe41d13da4ad012a,1759991972,2025-10-09T06:39:32.000Z
0x5c2015eadd29df627b151ec7f802ec4c31740b69,0x000000000000000000000000a35b7d9b51573602,63991393,0x0d87f08ab15ed563b5f7611dfe5e789f953ddc215a3de159b225b031c5c1efcb,1759992974,2025-10-09T06:56:14.000Z
0x5c2015eadd29df627b151ec7f802ec4c31740b69,0x000000000000000000000000dc535fb7b68bafd5,63991393,0x0d87f08ab15ed563b5f7611dfe5e789f953ddc215a3de159b225b031c5c1efcb,1759992974,2025-10-09T06:56:14.000Z
0x5c2015eadd29df627b151ec7f802ec4c31740b69,0x00000000000000000000000003901b80eef5a9ed,63991393,0x0d87f08ab15ed563b5f7611dfe5e789f953ddc215a3de159b225b031c5c1efcb,1759992974,2025-10-09T06:56:14.000Z
0x5c2015eadd29df627b151ec7f802ec4c31740b69,0x000000000000000000000000de5b54362e53ef23,63991393,0x0d87f08ab15ed563b5f7611dfe5e789f953ddc215a3de159b225b031c5c1efcb,1759992974,2025-10-09T06:56:14.000Z
0x2c944df1eb71110a2d364802887b36cf86f55256,0x000000000000000000000000a35b7d9b51573602,63991772,0xe1281eab46bbdee61c18b61bea1ae09e49314289ab37b9ae076c992ad2093e31,1759993258,2025-10-09T07:00:58.000Z
0x2c944df1eb71110a2d364802887b36cf86f55256,0x000000000000000000000000dc535fb7b68bafd5,63991772,0xe1281eab46bbdee61c18b61bea1ae09e49314289ab37b9ae076c992ad2093e31,1759993258,2025-10-09T07:00:58.000Z
0x2c944df1eb71110a2d364802887b36cf86f55256,0x00000000000000000000000003901b80eef5a9ed,63991772,0xe1281eab46bbdee61c18b61bea1ae09e49314289ab37b9ae076c992ad2093e31,1759993258,2025-10-09T07:00:58.000Z
0x2c944df1eb71110a2d364802887b36cf86f55256,0x000000000000000000000000de5b54362e53ef23,63991772,0xe1281eab46bbdee61c18b61bea1ae09e49314289ab37b9ae076c992ad2093e31,1759993258,2025-10-09T07:00:58.000Z
0xa758c0678299caf45525f6861210065cfa29b302,0x000000000000000000000000a35b7d9b51573602,63992342,0x5c72159e8b01de9b2465d4b15cc99d0b0e56057d217599aafb1fa31f246ac3fd,1759993686,2025-10-09T07:08:06.000Z
0xa758c0678299caf45525f6861210065cfa29b302,0x000000000000000000000000dc535fb7b68bafd5,63992342,0x5c72159e8b01de9b2465d4b15cc99d0b0e56057d217599aafb1fa31f246ac3fd,1759993686,2025-10-09T07:08:06.000Z
0xa758c0678299caf45525f6861210065cfa29b302,0x00000000000000000000000003901b80eef5a9ed,63992342,0x5c72159e8b01de9b2465d4b15cc99d0b0e56057d217599aafb1fa31f246ac3fd,1759993686,2025-10-09T07:08:06.000Z
0xa758c0678299caf45525f6861210065cfa29b302,0x000000000000000000000000de5b54362e53ef23,63992342,0x5c72159e8b01de9b2465d4b15cc99d0b0e56057d217599aafb1fa31f246ac3fd,1759993686,2025-10-09T07:08:06.000Z
0xbcb184335f9b87ba4b52406a9197e6b0ee53efd1,0x0000000000000000000000004326a4441a01a4e7,63992384,0xeff1824e0516669b88c45dff92d872ccd241f9048207b75d7263fde9fd37f40e,1759993717,2025-10-09T07:08:37.000Z
0xbcb184335f9b87ba4b52406a9197e6b0ee53efd1,0x000000000000000000000000836e659a3e173a60,63992384,0xeff1824e0516669b88c45dff92d872ccd241f9048207b75d7263fde9fd37f40e,1759993717,2025-10-09T07:08:37.000Z
0xbcb184335f9b87ba4b52406a9197e6b0ee53efd1,0x000000000000000000000000d10f420f61fb8e7c,63992384,0xeff1824e0516669b88c45dff92d872ccd241f9048207b75d7263fde9fd37f40e,1759993717,2025-10-09T07:08:37.000Z
0xbcb184335f9b87ba4b52406a9197e6b0ee53efd1,0x000000000000000000000000de5b54362e53ef23,63992384,0xeff1824e0516669b88c45dff92d872ccd241f9048207b75d7263fde9fd37f40e,1759993717,2025-10-09T07:08:37.000Z
0xa2f4abf4f6732469e9319d4c68bdc8d6406370c6,0x000000000000000000000000a35b7d9b51573602,63992794,0x82336a5ef1dca328d3b726b5f2e296ad97e5fba78ee5ef7fb15cb2726eb2740a,1759994025,2025-10-09T07:13:45.000Z
0xa2f4abf4f6732469e9319d4c68bdc8d6406370c6,0x000000000000000000000000dc535fb7b68bafd5,63992794,0x82336a5ef1dca328d3b726b5f2e296ad97e5fba78ee5ef7fb15cb2726eb2740a,1759994025,2025-10-09T07:13:45.000Z
0xa2f4abf4f6732469e9319d4c68bdc8d6406370c6,0x00000000000000000000000003901b80eef5a9ed,63992794,0x82336a5ef1dca328d3b726b5f2e296ad97e5fba78ee5ef7fb15cb2726eb2740a,1759994025,2025-10-09T07:13:45.000Z
0xa2f4abf4f6732469e9319d4c68bdc8d6406370c6,0x000000000000000000000000de5b54362e53ef23,63992794,0x82336a5ef1dca328d3b726b5f2e296ad97e5fba78ee5ef7fb15cb2726eb2740a,1759994025,2025-10-09T07:13:45.000Z
0x0c695f6095df7fd0b3eb4d0ead0337efc7881cfd,0x000000000000000000000000a35b7d9b51573602,63993182,0xc4b59def52e8198eeefb661927a45722cb6f3792cde9a575b0f39ef7517f3b55,1759994316,2025-10-09T07:18:36.000Z
0x0c695f6095df7fd0b3eb4d0ead0337efc7881cfd,0x000000000000000000000000dc535fb7b68bafd5,63993182,0xc4b59def52e8198eeefb661927a45722cb6f3792cde9a575b0f39ef7517f3b55,1759994316,2025-10-09T07:18:36.000Z
0x0c695f6095df7fd0b3eb4d0ead0337efc7881cfd,0x00000000000000000000000003901b80eef5a9ed,63993182,0xc4b59def52e8198eeefb661927a45722cb6f3792cde9a575b0f39ef7517f3b55,1759994316,2025-10-09T07:18:36.000Z
0x0c695f6095df7fd0b3eb4d0ead0337efc7881cfd,0x000000000000000000000000de5b54362e53ef23,63993182,0xc4b59def52e8198eeefb661927a45722cb6f3792cde9a575b0f39ef7517f3b55,1759994316,2025-10-09T07:18:36.000Z
0xd9bb76454b382b2d3bca576b5483fe2bb67db76d,0x000000000000000000000000a35b7d9b51573602,63993618,0xd4a5c103892382edd8238b98ae88e7d12312b19356aba47acc803e652b69d0b7,1759994643,2025-10-09T07:24:03.000Z
0xd9bb76454b382b2d3bca576b5483fe2bb67db76d,0x000000000000000000000000dc535fb7b68bafd5,63993618,0xd4a5c103892382edd8238b98ae88e7d12312b19356aba47acc803e652b69d0b7,1759994643,2025-10-09T07:24:03.000Z
0xd9bb76454b382b2d3bca576b5483fe2bb67db76d,0x00000000000000000000000003901b80eef5a9ed,63993618,0xd4a5c103892382edd8238b98ae88e7d12312b19356aba47acc803e652b69d0b7,1759994643,2025-10-09T07:24:03.000Z
0xd9bb76454b382b2d3bca576b5483fe2bb67db76d,0x000000000000000000000000de5b54362e53ef23,63993618,0xd4a5c103892382edd8238b98ae88e7d12312b19356aba47acc803e652b69d0b7,1759994643,2025-10-09T07:24:03.000Z
0x03c3adcff65ac0d87bd298bbc0a4305093caf576,0x000000000000000000000000a35b7d9b51573602,63994491,0x4a24fd9894860f16f8a4f55d7f5ff3b74f142b429888c834429fc2b91ae08818,1759995298,2025-10-09T07:34:58.000Z
0x03c3adcff65ac0d87bd298bbc0a4305093caf576,0x000000000000000000000000dc535fb7b68bafd5,63994491,0x4a24fd9894860f16f8a4f55d7f5ff3b74f142b429888c834429fc2b91ae08818,1759995298,2025-10-09T07:34:58.000Z
0x03c3adcff65ac0d87bd298bbc0a4305093caf576,0x00000000000000000000000003901b80eef5a9ed,63994491,0x4a24fd9894860f16f8a4f55d7f5ff3b74f142b429888c834429fc2b91ae08818,1759995298,2025-10-09T07:34:58.000Z
0x03c3adcff65ac0d87bd298bbc0a4305093caf576,0x000000000000000000000000de5b54362e53ef23,63994491,0x4a24fd9894860f16f8a4f55d7f5ff3b74f142b429888c834429fc2b91ae08818,1759995298,2025-10-09T07:34:58.000Z
0x1ba866db07df9652fc38668cfaa2f035aad952da,0x000000000000000000000000a35b7d9b51573602,63996186,0x5d8fae427ee31fc30f021776ff96d46abfbd3b2385cff2a78158612a74e91b8a,1759996569,2025-10-09T07:56:09.000Z
0x1ba866db07df9652fc38668cfaa2f035aad952da,0x000000000000000000000000dc535fb7b68bafd5,63996186,0x5d8fae427ee31fc30f021776ff96d46abfbd3b2385cff2a78158612a74e91b8a,1759996569,2025-10-09T07:56:09.000Z
0x1ba866db07df9652fc38668cfaa2f035aad952da,0x00000000000000000000000003901b80eef5a9ed,63996186,0x5d8fae427ee31fc30f021776ff96d46abfbd3b2385cff2a78158612a74e91b8a,1759996569,2025-10-09T07:56:09.000Z
0x1ba866db07df9652fc38668cfaa2f035aad952da,0x000000000000000000000000de5b54362e53ef23,63996186,0x5d8fae427ee31fc30f021776ff96d46abfbd3b2385cff2a78158612a74e91b8a,1759996569,2025-10-09T07:56:09.000Z
0xd2db9809decfb6049b101e0c9e5c5afa6477679f,0x000000000000000000000000a35b7d9b51573602,63996430,0xd8045b8a42067a9c4e5a483245a5091d95a2bf851db0db3675a0fffd3296c24b,1759996752,2025-10-09T07:59:12.000Z
0xd2db9809decfb6049b101e0c9e5c5afa6477679f,0x000000000000000000000000dc535fb7b68bafd5,63996430,0xd8045b8a42067a9c4e5a483245a5091d95a2bf851db0db3675a0fffd3296c24b,1759996752,2025-10-09T07:59:12.000Z
0xd2db9809decfb6049b101e0c9e5c5afa6477679f,0x00000000000000000000000003901b80eef5a9ed,63996430,0xd8045b8a42067a9c4e5a483245a5091d95a2bf851db0db3675a0fffd3296c24b,1759996752,2025-10-09T07:59:12.000Z
0xd2db9809decfb6049b101e0c9e5c5afa6477679f,0x000000000000000000000000de5b54362e53ef23,63996430,0xd8045b8a42067a9c4e5a483245a5091d95a2bf851db0db3675a0fffd3296c24b,1759996752,2025-10-09T07:59:12.000Z
0xc358af937980a2f191cad6ae9d4b73c0a16a80a0,0x000000000000000000000000a35b7d9b51573602,63996681,0x57cab81c5f95a4e292dbb24d3f762f2b0f5d6092801a83f3329973c22dcf2084,1759996940,2025-10-09T08:02:20.000Z
0xc358af937980a2f191cad6ae9d4b73c0a16a80a0,0x000000000000000000000000dc535fb7b68bafd5,63996681,0x57cab81c5f95a4e292dbb24d3f762f2b0f5d6092801a83f3329973c22dcf2084,1759996940,2025-10-09T08:02:20.000Z
0xc358af937980a2f191cad6ae9d4b73c0a16a80a0,0x00000000000000000000000003901b80eef5a9ed,63996681,0x57cab81c5f95a4e292dbb24d3f762f2b0f5d6092801a83f3329973c22dcf2084,1759996940,2025-10-09T08:02:20.000Z
0xc358af937980a2f191cad6ae9d4b73c0a16a80a0,0x000000000000000000000000de5b54362e53ef23,63996681,0x57cab81c5f95a4e292dbb24d3f762f2b0f5d6092801a83f3329973c22dcf2084,1759996940,2025-10-09T08:02:20.000Z
0x2824fde774c5bc85ae486037c6768aabc8da0a68,0x0000000000000000000000003d83e6fa650ba958,63997067,0xac8225692cb6e75038b90291d6405b69521cd6f4f3af3c2d44702e5177f88335,1759997230,2025-10-09T08:07:10.000Z
0x2824fde774c5bc85ae486037c6768aabc8da0a68,0x0000000000000000000000008d66facd7673f48c,63997067,0xac8225692cb6e75038b90291d6405b69521cd6f4f3af3c2d44702e5177f88335,1759997230,2025-10-09T08:07:10.000Z
0x2824fde774c5bc85ae486037c6768aabc8da0a68,0x000000000000000000000000d2dd610da3363d3f,63997067,0xac8225692cb6e75038b90291d6405b69521cd6f4f3af3c2d44702e5177f88335,1759997230,2025-10-09T08:07:10.000Z
0x2824fde774c5bc85ae486037c6768aabc8da0a68,0x000000000000000000000000de5b54362e53ef23,63997067,0xac8225692cb6e75038b90291d6405b69521cd6f4f3af3c2d44702e5177f88335,1759997230,2025-10-09T08:07:10.000Z
0xf06169fc5405de44d799e62f448e1d0634693dfb,0x000000000000000000000000a35b7d9b51573602,64001665,0xf58b5f99838e9b46076837a1f02dec7ba8b6f112eba65ee87aea4d7087cc7d94,1760000678,2025-10-09T09:04:38.000Z
0xf06169fc5405de44d799e62f448e1d0634693dfb,0x000000000000000000000000dc535fb7b68bafd5,64001665,0xf58b5f99838e9b46076837a1f02dec7ba8b6f112eba65ee87aea4d7087cc7d94,1760000678,2025-10-09T09:04:38.000Z
0xf06169fc5405de44d799e62f448e1d0634693dfb,0x00000000000000000000000003901b80eef5a9ed,64001665,0xf58b5f99838e9b46076837a1f02dec7ba8b6f112eba65ee87aea4d7087cc7d94,1760000678,2025-10-09T09:04:38.000Z
0xf06169fc5405de44d799e62f448e1d0634693dfb,0x000000000000000000000000de5b54362e53ef23,64001665,0xf58b5f99838e9b46076837a1f02dec7ba8b6f112eba65ee87aea4d7087cc7d94,1760000678,2025-10-09T09:04:38.000Z
0x37235882e0cb729abfafdad908b37ec7dbd1718e,0x000000000000000000000000a35b7d9b51573602,64001877,0xfeb75e441a9315e6b60e7ba1d96649380c540c15828f9f55dfd63a8c870ecc46,1760000837,2025-10-09T09:07:17.000Z
0x37235882e0cb729abfafdad908b37ec7dbd1718e,0x000000000000000000000000dc535fb7b68bafd5,64001877,0xfeb75e441a9315e6b60e7ba1d96649380c540c15828f9f55dfd63a8c870ecc46,1760000837,2025-10-09T09:07:17.000Z
0x37235882e0cb729abfafdad908b37ec7dbd1718e,0x00000000000000000000000003901b80eef5a9ed,64001877,0xfeb75e441a9315e6b60e7ba1d96649380c540c15828f9f55dfd63a8c870ecc46,1760000837,2025-10-09T09:07:17.000Z
0x37235882e0cb729abfafdad908b37ec7dbd1718e,0x000000000000000000000000de5b54362e53ef23,64001877,0xfeb75e441a9315e6b60e7ba1d96649380c540c15828f9f55dfd63a8c870ecc46,1760000837,2025-10-09T09:07:17.000Z
0xf6d7e80d7235a1fd4b68e9d4b899d66ba58e17fb,0x000000000000000000000000a35b7d9b51573602,64002107,0x4bd3f77cdcc89f83ba4b26fa65854b2a46ccdce666ff1c3ae26c04d7a24ac658,1760001010,2025-10-09T09:10:10.000Z
0xf6d7e80d7235a1fd4b68e9d4b899d66ba58e17fb,0x000000000000000000000000dc535fb7b68bafd5,64002107,0x4bd3f77cdcc89f83ba4b26fa65854b2a46ccdce666ff1c3ae26c04d7a24ac658,1760001010,2025-10-09T09:10:10.000Z
0xf6d7e80d7235a1fd4b68e9d4b899d66ba58e17fb,0x00000000000000000000000003901b80eef5a9ed,64002107,0x4bd3f77cdcc89f83ba4b26fa65854b2a46ccdce666ff1c3ae26c04d7a24ac658,1760001010,2025-10-09T09:10:10.000Z
0xf6d7e80d7235a1fd4b68e9d4b899d66ba58e17fb,0x000000000000000000000000de5b54362e53ef23,64002107,0x4bd3f77cdcc89f83ba4b26fa65854b2a46ccdce666ff1c3ae26c04d7a24ac658,1760001010,2025-10-09T09:10:10.000Z
0x4f1950e525068d478f124df33e9587a367ab169b,0x000000000000000000000000a35b7d9b51573602,64002381,0xc5fa0090edd00755efc05533053288418586a0818850fa3be7cebe1897709ce0,1760001215,2025-10-09T09:13:35.000Z
0x4f1950e525068d478f124df33e9587a367ab169b,0x000000000000000000000000dc535fb7b68bafd5,64002381,0xc5fa0090edd00755efc05533053288418586a0818850fa3be7cebe1897709ce0,1760001215,2025-10-09T09:13:35.000Z
0x4f1950e525068d478f124df33e9587a367ab169b,0x00000000000000000000000003901b80eef5a9ed,64002381,0xc5fa0090edd00755efc05533053288418586a0818850fa3be7cebe1897709ce0,1760001215,2025-10-09T09:13:35.000Z
0x4f1950e525068d478f124df33e9587a367ab169b,0x000000000000000000000000de5b54362e53ef23,64002381,0xc5fa0090edd00755efc05533053288418586a0818850fa3be7cebe1897709ce0,1760001215,2025-10-09T09:13:35.000Z
0xe924ab8c120a6c5452c658506f3afb909b80637a,0x000000000000000000000000a35b7d9b51573602,64002632,0x2497d887729962f692a27f590cf1ae387ca37f250c3ba23ebdbe1babf78cd477,1760001403,2025-10-09T09:16:43.000Z
0xe924ab8c120a6c5452c658506f3afb909b80637a,0x000000000000000000000000dc535fb7b68bafd5,64002632,0x2497d887729962f692a27f590cf1ae387ca37f250c3ba23ebdbe1babf78cd477,1760001403,2025-10-09T09:16:43.000Z
0xe924ab8c120a6c5452c658506f3afb909b80637a,0x00000000000000000000000003901b80eef5a9ed,64002632,0x2497d887729962f692a27f590cf1ae387ca37f250c3ba23ebdbe1babf78cd477,1760001403,2025-10-09T09:16:43.000Z
0xe924ab8c120a6c5452c658506f3afb909b80637a,0x000000000000000000000000de5b54362e53ef23,64002632,0x2497d887729962f692a27f590cf1ae387ca37f250c3ba23ebdbe1babf78cd477,1760001403,2025-10-09T09:16:43.000Z
0xd16713e67c442334fec197e3ce5d32b4ae4b8cb2,0x00000000000000000000000007588bd36bb84aff,64005802,0x55c13a871c5df0fc205fd938793d037fd09658fe41b5b064c5ea7d70c64420ce,1760003781,2025-10-09T09:56:21.000Z
0xd16713e67c442334fec197e3ce5d32b4ae4b8cb2,0x00000000000000000000000041fa7ea2c359a2f0,64005802,0x55c13a871c5df0fc205fd938793d037fd09658fe41b5b064c5ea7d70c64420ce,1760003781,2025-10-09T09:56:21.000Z
0xd16713e67c442334fec197e3ce5d32b4ae4b8cb2,0x00000000000000000000000002d32f712712df82,64005802,0x55c13a871c5df0fc205fd938793d037fd09658fe41b5b064c5ea7d70c64420ce,1760003781,2025-10-09T09:56:21.000Z
0xd16713e67c442334fec197e3ce5d32b4ae4b8cb2,0x000000000000000000000000de5b54362e53ef23,64005802,0x55c13a871c5df0fc205fd938793d037fd09658fe41b5b064c5ea7d70c64420ce,1760003781,2025-10-09T09:56:21.000Z
0xd7df7546b6f691e9b664fcca0e513fbd3f2c9b83,0x000000000000000000000000e0dcdf6fa2175728,64008614,0x29da541ff86a89b229163ed4bb5e3ddca2165f2bbc4dd3e574679d2907e2174c,1760005890,2025-10-09T10:31:30.000Z
0xd7df7546b6f691e9b664fcca0e513fbd3f2c9b83,0x000000000000000000000000a813adc464a7e80f,64008614,0x29da541ff86a89b229163ed4bb5e3ddca2165f2bbc4dd3e574679d2907e2174c,1760005890,2025-10-09T10:31:30.000Z
0xd7df7546b6f691e9b664fcca0e513fbd3f2c9b83,0x000000000000000000000000a3beed4a3ec3bbd1,64008614,0x29da541ff86a89b229163ed4bb5e3ddca2165f2bbc4dd3e574679d2907e2174c,1760005890,2025-10-09T10:31:30.000Z
0xd7df7546b6f691e9b664fcca0e513fbd3f2c9b83,0x000000000000000000000000de5b54362e53ef23,64008614,0x29da541ff86a89b229163ed4bb5e3ddca2165f2bbc4dd3e574679d2907e2174c,1760005890,2025-10-09T10:31:30.000Z
0x651f24ebbe57969d763f9ad6ee2b7d6600f0285c,0x000000000000000000000000feeb76b397084cfe,64008996,0x3dc3d7ef89442060396ea1cb42d7f229ffdc845da204e83f502f2b96de53ba76,1760006176,2025-10-09T10:36:16.000Z
0x651f24ebbe57969d763f9ad6ee2b7d6600f0285c,0x000000000000000000000000524ad71c5d57ad62,64008996,0x3dc3d7ef89442060396ea1cb42d7f229ffdc845da204e83f502f2b96de53ba76,1760006176,2025-10-09T10:36:16.000Z
0x651f24ebbe57969d763f9ad6ee2b7d6600f0285c,0x000000000000000000000000195fd033be64ef32,64008996,0x3dc3d7ef89442060396ea1cb42d7f229ffdc845da204e83f502f2b96de53ba76,1760006176,2025-10-09T10:36:16.000Z
0x651f24ebbe57969d763f9ad6ee2b7d6600f0285c,0x000000000000000000000000de5b54362e53ef23,64008996,0x3dc3d7ef89442060396ea1cb42d7f229ffdc845da204e83f502f2b96de53ba76,1760006176,2025-10-09T10:36:16.000Z
0x72ae99ec64068aa933db72b1be2f3910f301febc,0x000000000000000000000000a35b7d9b51573602,64016009,0x5c89ef81cd6b62e732822f3e7790e7fdae19c17225ad525d16801cd39e567ec7,1760011437,2025-10-09T12:03:57.000Z
0x72ae99ec64068aa933db72b1be2f3910f301febc,0x000000000000000000000000dc535fb7b68bafd5,64016009,0x5c89ef81cd6b62e732822f3e7790e7fdae19c17225ad525d16801cd39e567ec7,1760011437,2025-10-09T12:03:57.000Z
0x72ae99ec64068aa933db72b1be2f3910f301febc,0x00000000000000000000000003901b80eef5a9ed,64016009,0x5c89ef81cd6b62e732822f3e7790e7fdae19c17225ad525d16801cd39e567ec7,1760011437,2025-10-09T12:03:57.000Z
0x72ae99ec64068aa933db72b1be2f3910f301febc,0x000000000000000000000000de5b54362e53ef23,64016009,0x5c89ef81cd6b62e732822f3e7790e7fdae19c17225ad525d16801cd39e567ec7,1760011437,2025-10-09T12:03:57.000Z
0x70744d14cc18dccffc7499ef70ec3e2d94a2ac5d,0x000000000000000000000000a35b7d9b51573602,64016327,0x79ead5c601875e527a829b23abc505d6ef8ff1f2cb7b6c4747f56d9a46c99c9a,1760011676,2025-10-09T12:07:56.000Z
0x70744d14cc18dccffc7499ef70ec3e2d94a2ac5d,0x000000000000000000000000dc535fb7b68bafd5,64016327,0x79ead5c601875e527a829b23abc505d6ef8ff1f2cb7b6c4747f56d9a46c99c9a,1760011676,2025-10-09T12:07:56.000Z
0x70744d14cc18dccffc7499ef70ec3e2d94a2ac5d,0x00000000000000000000000003901b80eef5a9ed,64016327,0x79ead5c601875e527a829b23abc505d6ef8ff1f2cb7b6c4747f56d9a46c99c9a,1760011676,2025-10-09T12:07:56.000Z
0x70744d14cc18dccffc7499ef70ec3e2d94a2ac5d,0x000000000000000000000000de5b54362e53ef23,64016327,0x79ead5c601875e527a829b23abc505d6ef8ff1f2cb7b6c4747f56d9a46c99c9a,1760011676,2025-10-09T12:07:56.000Z
0x10029dcf1680da8f5bdf1d97b2a9ea74af1c720d,0x000000000000000000000000a35b7d9b51573602,64016578,0xb5c660a82312e296108eaba10a7bf91a8eb501f25f8236ed21335bec2e9b3c24,1760011864,2025-10-09T12:11:04.000Z
0x10029dcf1680da8f5bdf1d97b2a9ea74af1c720d,0x000000000000000000000000dc535fb7b68bafd5,64016578,0xb5c660a82312e296108eaba10a7bf91a8eb501f25f8236ed21335bec2e9b3c24,1760011864,2025-10-09T12:11:04.000Z
0x10029dcf1680da8f5bdf1d97b2a9ea74af1c720d,0x00000000000000000000000003901b80eef5a9ed,64016578,0xb5c660a82312e296108eaba10a7bf91a8eb501f25f8236ed21335bec2e9b3c24,1760011864,2025-10-09T12:11:04.000Z
0x10029dcf1680da8f5bdf1d97b2a9ea74af1c720d,0x000000000000000000000000de5b54362e53ef23,64016578,0xb5c660a82312e296108eaba10a7bf91a8eb501f25f8236ed21335bec2e9b3c24,1760011864,2025-10-09T12:11:04.000Z
0x5ba2ed49acbf9b538aed71951098f3d123d81cb0,0x000000000000000000000000a35b7d9b51573602,64016884,0xac12d40c9728021fd5bd18410497d975fbe0a4e1341825a676d28dc0f7f65f9a,1760012094,2025-10-09T12:14:54.000Z
0x5ba2ed49acbf9b538aed71951098f3d123d81cb0,0x000000000000000000000000dc535fb7b68bafd5,64016884,0xac12d40c9728021fd5bd18410497d975fbe0a4e1341825a676d28dc0f7f65f9a,1760012094,2025-10-09T12:14:54.000Z
0x5ba2ed49acbf9b538aed71951098f3d123d81cb0,0x00000000000000000000000003901b80eef5a9ed,64016884,0xac12d40c9728021fd5bd18410497d975fbe0a4e1341825a676d28dc0f7f65f9a,1760012094,2025-10-09T12:14:54.000Z
0x5ba2ed49acbf9b538aed71951098f3d123d81cb0,0x000000000000000000000000de5b54362e53ef23,64016884,0xac12d40c9728021fd5bd18410497d975fbe0a4e1341825a676d28dc0f7f65f9a,1760012094,2025-10-09T12:14:54.000Z
0xd5517fd226e9a4bc530bb93d282d7229a4ff3295,0x00000000000000000000000015ade19111a3e80f,64017112,0x5e462b3b3a2071cacab6219ff445b7bb61c2591234725d5f11355baf4694bc73,1760012265,2025-10-09T12:17:45.000Z
0xd5517fd226e9a4bc530bb93d282d7229a4ff3295,0x0000000000000000000000006ffeb2bfc1f2c9d1,64017112,0x5e462b3b3a2071cacab6219ff445b7bb61c2591234725d5f11355baf4694bc73,1760012265,2025-10-09T12:17:45.000Z
0xd5517fd226e9a4bc530bb93d282d7229a4ff3295,0x00000000000000000000000088ecbcc049b7d047,64017112,0x5e462b3b3a2071cacab6219ff445b7bb61c2591234725d5f11355baf4694bc73,1760012265,2025-10-09T12:17:45.000Z
0xd5517fd226e9a4bc530bb93d282d7229a4ff3295,0x000000000000000000000000de5b54362e53ef23,64017112,0x5e462b3b3a2071cacab6219ff445b7bb61c2591234725d5f11355baf4694bc73,1760012265,2025-10-09T12:17:45.000Z
0x1d7f1c5bf484e98ddab5ead94ff8882faef91400,0x000000000000000000000000a35b7d9b51573602,64017168,0xfd1284a9fedd10e3f68483c46b32197544f1f053494438e77b93dec1c993cfa9,1760012307,2025-10-09T12:18:27.000Z
0x1d7f1c5bf484e98ddab5ead94ff8882faef91400,0x000000000000000000000000dc535fb7b68bafd5,64017168,0xfd1284a9fedd10e3f68483c46b32197544f1f053494438e77b93dec1c993cfa9,1760012307,2025-10-09T12:18:27.000Z
0x1d7f1c5bf484e98ddab5ead94ff8882faef91400,0x00000000000000000000000003901b80eef5a9ed,64017168,0xfd1284a9fedd10e3f68483c46b32197544f1f053494438e77b93dec1c993cfa9,1760012307,2025-10-09T12:18:27.000Z
0x1d7f1c5bf484e98ddab5ead94ff8882faef91400,0x000000000000000000000000de5b54362e53ef23,64017168,0xfd1284a9fedd10e3f68483c46b32197544f1f053494438e77b93dec1c993cfa9,1760012307,2025-10-09T12:18:27.000Z
0xa249269b2fec81a2ccde17556fd5eb6cfdf8849a,0x000000000000000000000000aded426e16013461,64020184,0x3f228d1938ff9c4dfa20d7edde1f6de017950e6f9c0d33ff30414894c7cc31a3,1760014569,2025-10-09T12:56:09.000Z
0xa249269b2fec81a2ccde17556fd5eb6cfdf8849a,0x000000000000000000000000e20876db2e981f5b,64020184,0x3f228d1938ff9c4dfa20d7edde1f6de017950e6f9c0d33ff30414894c7cc31a3,1760014569,2025-10-09T12:56:09.000Z
0xa249269b2fec81a2ccde17556fd5eb6cfdf8849a,0x000000000000000000000000c352463c8174920d,64020184,0x3f228d1938ff9c4dfa20d7edde1f6de017950e6f9c0d33ff30414894c7cc31a3,1760014569,2025-10-09T12:56:09.000Z
0xa249269b2fec81a2ccde17556fd5eb6cfdf8849a,0x000000000000000000000000de5b54362e53ef23,64020184,0x3f228d1938ff9c4dfa20d7edde1f6de017950e6f9c0d33ff30414894c7cc31a3,1760014569,2025-10-09T12:56:09.000Z
0x0612b9c45f2f8715133e4626879ae62303ef07f5,0x000000000000000000000000a35b7d9b51573602,64030493,0xd1b3b96c6f89fdfbb9329aaa909036bfcd7b02402faa2720663d519f2d4b169a,1760022302,2025-10-09T15:05:02.000Z
0x0612b9c45f2f8715133e4626879ae62303ef07f5,0x000000000000000000000000dc535fb7b68bafd5,64030493,0xd1b3b96c6f89fdfbb9329aaa909036bfcd7b02402faa2720663d519f2d4b169a,1760022302,2025-10-09T15:05:02.000Z
0x0612b9c45f2f8715133e4626879ae62303ef07f5,0x00000000000000000000000003901b80eef5a9ed,64030493,0xd1b3b96c6f89fdfbb9329aaa909036bfcd7b02402faa2720663d519f2d4b169a,1760022302,2025-10-09T15:05:02.000Z
0x0612b9c45f2f8715133e4626879ae62303ef07f5,0x000000000000000000000000de5b54362e53ef23,64030493,0xd1b3b96c6f89fdfbb9329aaa909036bfcd7b02402faa2720663d519f2d4b169a,1760022302,2025-10-09T15:05:02.000Z
0x3fab3988fd01ca59177d3b05796ae68d7ee9fe39,0x000000000000000000000000a35b7d9b51573602,64030794,0x6fc62c28a7668961ac3b1cb1adfce6099fa6dac9af8daefbf87aaf1f43761b26,1760022528,2025-10-09T15:08:48.000Z
0x3fab3988fd01ca59177d3b05796ae68d7ee9fe39,0x000000000000000000000000dc535fb7b68bafd5,64030794,0x6fc62c28a7668961ac3b1cb1adfce6099fa6dac9af8daefbf87aaf1f43761b26,1760022528,2025-10-09T15:08:48.000Z
0x3fab3988fd01ca59177d3b05796ae68d7ee9fe39,0x00000000000000000000000003901b80eef5a9ed,64030794,0x6fc62c28a7668961ac3b1cb1adfce6099fa6dac9af8daefbf87aaf1f43761b26,1760022528,2025-10-09T15:08:48.000Z
0x3fab3988fd01ca59177d3b05796ae68d7ee9fe39,0x000000000000000000000000de5b54362e53ef23,64030794,0x6fc62c28a7668961ac3b1cb1adfce6099fa6dac9af8daefbf87aaf1f43761b26,1760022528,2025-10-09T15:08:48.000Z
0x46708ec464576040d9dba43a5c078246b4637461,0x000000000000000000000000a35b7d9b51573602,64031073,0x4a9ef6a607c09f90ef7e59c1996976713d3469bd2ede9dbaf057d6f01f4ace4e,1760022737,2025-10-09T15:12:17.000Z
0x46708ec464576040d9dba43a5c078246b4637461,0x000000000000000000000000dc535fb7b68bafd5,64031073,0x4a9ef6a607c09f90ef7e59c1996976713d3469bd2ede9dbaf057d6f01f4ace4e,1760022737,2025-10-09T15:12:17.000Z
0x46708ec464576040d9dba43a5c078246b4637461,0x00000000000000000000000003901b80eef5a9ed,64031073,0x4a9ef6a607c09f90ef7e59c1996976713d3469bd2ede9dbaf057d6f01f4ace4e,1760022737,2025-10-09T15:12:17.000Z
0x46708ec464576040d9dba43a5c078246b4637461,0x000000000000000000000000de5b54362e53ef23,64031073,0x4a9ef6a607c09f90ef7e59c1996976713d3469bd2ede9dbaf057d6f01f4ace4e,1760022737,2025-10-09T15:12:17.000Z
0x81e2f49ef308d4a5bf4009734f8687cd85e672ff,0x000000000000000000000000a35b7d9b51573602,64031347,0xf3f0bfd83b655b368154049cbcc9c1af13eea64995d340c2918908e345e12e80,1760022942,2025-10-09T15:15:42.000Z
0x81e2f49ef308d4a5bf4009734f8687cd85e672ff,0x000000000000000000000000dc535fb7b68bafd5,64031347,0xf3f0bfd83b655b368154049cbcc9c1af13eea64995d340c2918908e345e12e80,1760022942,2025-10-09T15:15:42.000Z
0x81e2f49ef308d4a5bf4009734f8687cd85e672ff,0x00000000000000000000000003901b80eef5a9ed,64031347,0xf3f0bfd83b655b368154049cbcc9c1af13eea64995d340c2918908e345e12e80,1760022942,2025-10-09T15:15:42.000Z
0x81e2f49ef308d4a5bf4009734f8687cd85e672ff,0x000000000000000000000000de5b54362e53ef23,64031347,0xf3f0bfd83b655b368154049cbcc9c1af13eea64995d340c2918908e345e12e80,1760022942,2025-10-09T15:15:42.000Z
0x63dc2fa27a5fd2bb020ea30775a96764e21f739c,0x000000000000000000000000a35b7d9b51573602,64031612,0x69d4e7baca68963d1a2b317942cb176755fd015af8fe6c255af3fa6ea2cf71da,1760023141,2025-10-09T15:19:01.000Z
0x63dc2fa27a5fd2bb020ea30775a96764e21f739c,0x000000000000000000000000dc535fb7b68bafd5,64031612,0x69d4e7baca68963d1a2b317942cb176755fd015af8fe6c255af3fa6ea2cf71da,1760023141,2025-10-09T15:19:01.000Z
0x63dc2fa27a5fd2bb020ea30775a96764e21f739c,0x00000000000000000000000003901b80eef5a9ed,64031612,0x69d4e7baca68963d1a2b317942cb176755fd015af8fe6c255af3fa6ea2cf71da,1760023141,2025-10-09T15:19:01.000Z
0x63dc2fa27a5fd2bb020ea30775a96764e21f739c,0x000000000000000000000000de5b54362e53ef23,64031612,0x69d4e7baca68963d1a2b317942cb176755fd015af8fe6c255af3fa6ea2cf71da,1760023141,2025-10-09T15:19:01.000Z
0x79d0b0e71382cdc4236d249327b23e4d193fad62,0x000000000000000000000000a813adc464a7e80f,64031733,0x6844b412949e778aba8b512ebe487be533a3b01a462a9c18f30f9801f02bf207,1760023232,2025-10-09T15:20:32.000Z
0x79d0b0e71382cdc4236d249327b23e4d193fad62,0x000000000000000000000000a3beed4a3ec3bbd1,64031733,0x6844b412949e778aba8b512ebe487be533a3b01a462a9c18f30f9801f02bf207,1760023232,2025-10-09T15:20:32.000Z
0x79d0b0e71382cdc4236d249327b23e4d193fad62,0x000000000000000000000000aafda259ae041fcc,64031733,0x6844b412949e778aba8b512ebe487be533a3b01a462a9c18f30f9801f02bf207,1760023232,2025-10-09T15:20:32.000Z
0x79d0b0e71382cdc4236d249327b23e4d193fad62,0x000000000000000000000000de5b54362e53ef23,64031733,0x6844b412949e778aba8b512ebe487be533a3b01a462a9c18f30f9801f02bf207,1760023232,2025-10-09T15:20:32.000Z
0xd4744915369795886186e6d66594aae5d4d6537a,0x000000000000000000000000651f24ebbe57969d,64034004,0x13d467f33d400119d2f285166e8be60bdf59851de3cedf1384259b80dc363c46,1760024936,2025-10-09T15:48:56.000Z
0xd4744915369795886186e6d66594aae5d4d6537a,0x000000000000000000000000feeb76b397084cfe,64034004,0x13d467f33d400119d2f285166e8be60bdf59851de3cedf1384259b80dc363c46,1760024936,2025-10-09T15:48:56.000Z
0xd4744915369795886186e6d66594aae5d4d6537a,0x000000000000000000000000524ad71c5d57ad62,64034004,0x13d467f33d400119d2f285166e8be60bdf59851de3cedf1384259b80dc363c46,1760024936,2025-10-09T15:48:56.000Z
0xd4744915369795886186e6d66594aae5d4d6537a,0x000000000000000000000000de5b54362e53ef23,64034004,0x13d467f33d400119d2f285166e8be60bdf59851de3cedf1384259b80dc363c46,1760024936,2025-10-09T15:48:56.000Z
0xacad5fd7ec6fbb9a5ea8a049880dd8e42937b15d,0x000000000000000000000000a35b7d9b51573602,64042311,0xc7b04c574501c2f6b4334d4858af5da14c61bdc952e414d146cecfdde1e1e74f,1760031167,2025-10-09T17:32:47.000Z
0xacad5fd7ec6fbb9a5ea8a049880dd8e42937b15d,0x000000000000000000000000dc535fb7b68bafd5,64042311,0xc7b04c574501c2f6b4334d4858af5da14c61bdc952e414d146cecfdde1e1e74f,1760031167,2025-10-09T17:32:47.000Z
0xacad5fd7ec6fbb9a5ea8a049880dd8e42937b15d,0x00000000000000000000000003901b80eef5a9ed,64042311,0xc7b04c574501c2f6b4334d4858af5da14c61bdc952e414d146cecfdde1e1e74f,1760031167,2025-10-09T17:32:47.000Z
0xacad5fd7ec6fbb9a5ea8a049880dd8e42937b15d,0x000000000000000000000000de5b54362e53ef23,64042311,0xc7b04c574501c2f6b4334d4858af5da14c61bdc952e414d146cecfdde1e1e74f,1760031167,2025-10-09T17:32:47.000Z
0x55b04053bbba1afbd6f2776bdf0b46f79e70d357,0x000000000000000000000000a35b7d9b51573602,64042602,0x8da61bb9798393223946ebff94fbad686e964a5fcb7747adc4e1f0508389acfa,1760031385,2025-10-09T17:36:25.000Z
0x55b04053bbba1afbd6f2776bdf0b46f79e70d357,0x000000000000000000000000dc535fb7b68bafd5,64042602,0x8da61bb9798393223946ebff94fbad686e964a5fcb7747adc4e1f0508389acfa,1760031385,2025-10-09T17:36:25.000Z
0x55b04053bbba1afbd6f2776bdf0b46f79e70d357,0x00000000000000000000000003901b80eef5a9ed,64042602,0x8da61bb9798393223946ebff94fbad686e964a5fcb7747adc4e1f0508389acfa,1760031385,2025-10-09T17:36:25.000Z
0x55b04053bbba1afbd6f2776bdf0b46f79e70d357,0x000000000000000000000000de5b54362e53ef23,64042602,0x8da61bb9798393223946ebff94fbad686e964a5fcb7747adc4e1f0508389acfa,1760031385,2025-10-09T17:36:25.000Z
0x2748eb11aaf12f62d12cb229d60b2175f07542f8,0x000000000000000000000000a35b7d9b51573602,64042827,0x6658c68840d65ec778f55ba954741053c3b2e8ccc09c19119495a2d019edc443,1760031554,2025-10-09T17:39:14.000Z
0x2748eb11aaf12f62d12cb229d60b2175f07542f8,0x000000000000000000000000dc535fb7b68bafd5,64042827,0x6658c68840d65ec778f55ba954741053c3b2e8ccc09c19119495a2d019edc443,1760031554,2025-10-09T17:39:14.000Z
0x2748eb11aaf12f62d12cb229d60b2175f07542f8,0x00000000000000000000000003901b80eef5a9ed,64042827,0x6658c68840d65ec778f55ba954741053c3b2e8ccc09c19119495a2d019edc443,1760031554,2025-10-09T17:39:14.000Z
0x2748eb11aaf12f62d12cb229d60b2175f07542f8,0x000000000000000000000000de5b54362e53ef23,64042827,0x6658c68840d65ec778f55ba954741053c3b2e8ccc09c19119495a2d019edc443,1760031554,2025-10-09T17:39:14.000Z
0x8dfb7b4bd9d2c32c5d50473f6b04daadae37bec4,0x000000000000000000000000a35b7d9b51573602,64043068,0x7544a2254e84d6aea90274ab35c6643015055a4eb638aadd2162bebebf7dea31,1760031735,2025-10-09T17:42:15.000Z
0x8dfb7b4bd9d2c32c5d50473f6b04daadae37bec4,0x000000000000000000000000dc535fb7b68bafd5,64043068,0x7544a2254e84d6aea90274ab35c6643015055a4eb638aadd2162bebebf7dea31,1760031735,2025-10-09T17:42:15.000Z
0x8dfb7b4bd9d2c32c5d50473f6b04daadae37bec4,0x00000000000000000000000003901b80eef5a9ed,64043068,0x7544a2254e84d6aea90274ab35c6643015055a4eb638aadd2162bebebf7dea31,1760031735,2025-10-09T17:42:15.000Z
0x8dfb7b4bd9d2c32c5d50473f6b04daadae37bec4,0x000000000000000000000000de5b54362e53ef23,64043068,0x7544a2254e84d6aea90274ab35c6643015055a4eb638aadd2162bebebf7dea31,1760031735,2025-10-09T17:42:15.000Z
0xa96368c303ec6a868cb0f7abe9fb252d33d117c0,0x000000000000000000000000a35b7d9b51573602,64043383,0x718bd78f26796311c2e838b13704c1eddc3742c1a7bcc06eb4a428c2a7ef1ecd,1760031971,2025-10-09T17:46:11.000Z
0xa96368c303ec6a868cb0f7abe9fb252d33d117c0,0x000000000000000000000000dc535fb7b68bafd5,64043383,0x718bd78f26796311c2e838b13704c1eddc3742c1a7bcc06eb4a428c2a7ef1ecd,1760031971,2025-10-09T17:46:11.000Z
0xa96368c303ec6a868cb0f7abe9fb252d33d117c0,0x00000000000000000000000003901b80eef5a9ed,64043383,0x718bd78f26796311c2e838b13704c1eddc3742c1a7bcc06eb4a428c2a7ef1ecd,1760031971,2025-10-09T17:46:11.000Z
0xa96368c303ec6a868cb0f7abe9fb252d33d117c0,0x000000000000000000000000de5b54362e53ef23,64043383,0x718bd78f26796311c2e838b13704c1eddc3742c1a7bcc06eb4a428c2a7ef1ecd,1760031971,2025-10-09T17:46:11.000Z
0x34993e3edf16551993992ee47b494ad46855ab0a,0x000000000000000000000000a35b7d9b51573602,64043674,0xf88507719260611d10e5f74758d3c1b9d8b3d4b2139cb9f9a861e1bf34f3a500,1760032189,2025-10-09T17:49:49.000Z
0x34993e3edf16551993992ee47b494ad46855ab0a,0x000000000000000000000000dc535fb7b68bafd5,64043674,0xf88507719260611d10e5f74758d3c1b9d8b3d4b2139cb9f9a861e1bf34f3a500,1760032189,2025-10-09T17:49:49.000Z
0x34993e3edf16551993992ee47b494ad46855ab0a,0x00000000000000000000000003901b80eef5a9ed,64043674,0xf88507719260611d10e5f74758d3c1b9d8b3d4b2139cb9f9a861e1bf34f3a500,1760032189,2025-10-09T17:49:49.000Z
0x34993e3edf16551993992ee47b494ad46855ab0a,0x000000000000000000000000de5b54362e53ef23,64043674,0xf88507719260611d10e5f74758d3c1b9d8b3d4b2139cb9f9a861e1bf34f3a500,1760032189,2025-10-09T17:49:49.000Z
0xf9a7d41be6f5d3d402c9adab1d2fea9e4a834c44,0x000000000000000000000000a35b7d9b51573602,64043998,0x868466a81bf351e2a97c1ed59127cc51f9046f18bd749738d5105e72d1ab1cbc,1760032432,2025-10-09T17:53:52.000Z
0xf9a7d41be6f5d3d402c9adab1d2fea9e4a834c44,0x000000000000000000000000dc535fb7b68bafd5,64043998,0x868466a81bf351e2a97c1ed59127cc51f9046f18bd749738d5105e72d1ab1cbc,1760032432,2025-10-09T17:53:52.000Z
0xf9a7d41be6f5d3d402c9adab1d2fea9e4a834c44,0x00000000000000000000000003901b80eef5a9ed,64043998,0x868466a81bf351e2a97c1ed59127cc51f9046f18bd749738d5105e72d1ab1cbc,1760032432,2025-10-09T17:53:52.000Z
0xf9a7d41be6f5d3d402c9adab1d2fea9e4a834c44,0x000000000000000000000000de5b54362e53ef23,64043998,0x868466a81bf351e2a97c1ed59127cc51f9046f18bd749738d5105e72d1ab1cbc,1760032432,2025-10-09T17:53:52.000Z
0x3d68482f3d5de428ab44619cd0fce54ee20805c9,0x000000000000000000000000a35b7d9b51573602,64044267,0x86dc5c42cf68e078ec06d481de1ce57db276a7fb2048332a2650717af1d8c021,1760032634,2025-10-09T17:57:14.000Z
0x3d68482f3d5de428ab44619cd0fce54ee20805c9,0x000000000000000000000000dc535fb7b68bafd5,64044267,0x86dc5c42cf68e078ec06d481de1ce57db276a7fb2048332a2650717af1d8c021,1760032634,2025-10-09T17:57:14.000Z
0x3d68482f3d5de428ab44619cd0fce54ee20805c9,0x00000000000000000000000003901b80eef5a9ed,64044267,0x86dc5c42cf68e078ec06d481de1ce57db276a7fb2048332a2650717af1d8c021,1760032634,2025-10-09T17:57:14.000Z
0x3d68482f3d5de428ab44619cd0fce54ee20805c9,0x000000000000000000000000de5b54362e53ef23,64044267,0x86dc5c42cf68e078ec06d481de1ce57db276a7fb2048332a2650717af1d8c021,1760032634,2025-10-09T17:57:14.000Z
0x0299084c4e0dce55dc6b5506229b653a8c63a69c,0x000000000000000000000000a35b7d9b51573602,64044566,0x22d6025a83bad5983a1092c26208db07f08f2e81d87fa42945dcf3a56e72fb31,1760032858,2025-10-09T18:00:58.000Z
0x0299084c4e0dce55dc6b5506229b653a8c63a69c,0x000000000000000000000000dc535fb7b68bafd5,64044566,0x22d6025a83bad5983a1092c26208db07f08f2e81d87fa42945dcf3a56e72fb31,1760032858,2025-10-09T18:00:58.000Z
0x0299084c4e0dce55dc6b5506229b653a8c63a69c,0x00000000000000000000000003901b80eef5a9ed,64044566,0x22d6025a83bad5983a1092c26208db07f08f2e81d87fa42945dcf3a56e72fb31,1760032858,2025-10-09T18:00:58.000Z
0x0299084c4e0dce55dc6b5506229b653a8c63a69c,0x000000000000000000000000de5b54362e53ef23,64044566,0x22d6025a83bad5983a1092c26208db07f08f2e81d87fa42945dcf3a56e72fb31,1760032858,2025-10-09T18:00:58.000Z
0x1b3b8bff8a72bace44ab127ca4f6b35a7f8b59dd,0x000000000000000000000000a35b7d9b51573602,64044866,0xda34e6eaead2048fa51eb058f7cc0959ed4e3d0474a1fc00c73d07c48e59c0c2,1760033083,2025-10-09T18:04:43.000Z
0x1b3b8bff8a72bace44ab127ca4f6b35a7f8b59dd,0x000000000000000000000000dc535fb7b68bafd5,64044866,0xda34e6eaead2048fa51eb058f7cc0959ed4e3d0474a1fc00c73d07c48e59c0c2,1760033083,2025-10-09T18:04:43.000Z
0x1b3b8bff8a72bace44ab127ca4f6b35a7f8b59dd,0x00000000000000000000000003901b80eef5a9ed,64044866,0xda34e6eaead2048fa51eb058f7cc0959ed4e3d0474a1fc00c73d07c48e59c0c2,1760033083,2025-10-09T18:04:43.000Z
0x1b3b8bff8a72bace44ab127ca4f6b35a7f8b59dd,0x000000000000000000000000de5b54362e53ef23,64044866,0xda34e6eaead2048fa51eb058f7cc0959ed4e3d0474a1fc00c73d07c48e59c0c2,1760033083,2025-10-09T18:04:43.000Z
0x0473a87a63fb38a01a803142ecd6a59c8c82fded,0x000000000000000000000000a35b7d9b51573602,64045234,0xd09734fe2cda04c8a65a8553da1aadc5244a962ca93fd26f4e6f5976eceaa566,1760033359,2025-10-09T18:09:19.000Z
0x0473a87a63fb38a01a803142ecd6a59c8c82fded,0x000000000000000000000000dc535fb7b68bafd5,64045234,0xd09734fe2cda04c8a65a8553da1aadc5244a962ca93fd26f4e6f5976eceaa566,1760033359,2025-10-09T18:09:19.000Z
0x0473a87a63fb38a01a803142ecd6a59c8c82fded,0x00000000000000000000000003901b80eef5a9ed,64045234,0xd09734fe2cda04c8a65a8553da1aadc5244a962ca93fd26f4e6f5976eceaa566,1760033359,2025-10-09T18:09:19.000Z
0x0473a87a63fb38a01a803142ecd6a59c8c82fded,0x000000000000000000000000de5b54362e53ef23,64045234,0xd09734fe2cda04c8a65a8553da1aadc5244a962ca93fd26f4e6f5976eceaa566,1760033359,2025-10-09T18:09:19.000Z
0xeae84b0724a16e02f470cfb3d8b4b9392516d040,0x000000000000000000000000a35b7d9b51573602,64045664,0x5cbab9b49a8d31cc091db9f7733248b3c6c56c0efca0fc141a4d0a64e4b45398,1760033682,2025-10-09T18:14:42.000Z
0xeae84b0724a16e02f470cfb3d8b4b9392516d040,0x000000000000000000000000dc535fb7b68bafd5,64045664,0x5cbab9b49a8d31cc091db9f7733248b3c6c56c0efca0fc141a4d0a64e4b45398,1760033682,2025-10-09T18:14:42.000Z
0xeae84b0724a16e02f470cfb3d8b4b9392516d040,0x00000000000000000000000003901b80eef5a9ed,64045664,0x5cbab9b49a8d31cc091db9f7733248b3c6c56c0efca0fc141a4d0a64e4b45398,1760033682,2025-10-09T18:14:42.000Z
0xeae84b0724a16e02f470cfb3d8b4b9392516d040,0x000000000000000000000000de5b54362e53ef23,64045664,0x5cbab9b49a8d31cc091db9f7733248b3c6c56c0efca0fc141a4d0a64e4b45398,1760033682,2025-10-09T18:14:42.000Z
0xa462befbe3b960df0322a20616fc41f809fa6dc4,0x000000000000000000000000a35b7d9b51573602,64045977,0xd689f45dc63e5454f2ab542b121963760a7c59a20cbbd9a5b5fbc8133cf7a9de,1760033916,2025-10-09T18:18:36.000Z
0xa462befbe3b960df0322a20616fc41f809fa6dc4,0x000000000000000000000000dc535fb7b68bafd5,64045977,0xd689f45dc63e5454f2ab542b121963760a7c59a20cbbd9a5b5fbc8133cf7a9de,1760033916,2025-10-09T18:18:36.000Z
0xa462befbe3b960df0322a20616fc41f809fa6dc4,0x00000000000000000000000003901b80eef5a9ed,64045977,0xd689f45dc63e5454f2ab542b121963760a7c59a20cbbd9a5b5fbc8133cf7a9de,1760033916,2025-10-09T18:18:36.000Z
0xa462befbe3b960df0322a20616fc41f809fa6dc4,0x000000000000000000000000de5b54362e53ef23,64045977,0xd689f45dc63e5454f2ab542b121963760a7c59a20cbbd9a5b5fbc8133cf7a9de,1760033916,2025-10-09T18:18:36.000Z
0xdea9de8e91ab6b164310f082f1d6f3109d246c5b,0x000000000000000000000000a35b7d9b51573602,64046264,0xac48e35354eac0d2a3e52df9c3b29d1c779d0bbccea4cbc811c23ae330d75a9a,1760034132,2025-10-09T18:22:12.000Z
0xdea9de8e91ab6b164310f082f1d6f3109d246c5b,0x000000000000000000000000dc535fb7b68bafd5,64046264,0xac48e35354eac0d2a3e52df9c3b29d1c779d0bbccea4cbc811c23ae330d75a9a,1760034132,2025-10-09T18:22:12.000Z
0xdea9de8e91ab6b164310f082f1d6f3109d246c5b,0x00000000000000000000000003901b80eef5a9ed,64046264,0xac48e35354eac0d2a3e52df9c3b29d1c779d0bbccea4cbc811c23ae330d75a9a,1760034132,2025-10-09T18:22:12.000Z
0xdea9de8e91ab6b164310f082f1d6f3109d246c5b,0x000000000000000000000000de5b54362e53ef23,64046264,0xac48e35354eac0d2a3e52df9c3b29d1c779d0bbccea4cbc811c23ae330d75a9a,1760034132,2025-10-09T18:22:12.000Z
0xe3fd4ffcf7907bdfb2257ac76082bb7f1ae94d46,0x000000000000000000000000a35b7d9b51573602,64046531,0xba36eba971188f1657253339b2f2fae422d3e00bb816cfa362a1c009a46d4af3,1760034332,2025-10-09T18:25:32.000Z
0xe3fd4ffcf7907bdfb2257ac76082bb7f1ae94d46,0x000000000000000000000000dc535fb7b68bafd5,64046531,0xba36eba971188f1657253339b2f2fae422d3e00bb816cfa362a1c009a46d4af3,1760034332,2025-10-09T18:25:32.000Z
0xe3fd4ffcf7907bdfb2257ac76082bb7f1ae94d46,0x00000000000000000000000003901b80eef5a9ed,64046531,0xba36eba971188f1657253339b2f2fae422d3e00bb816cfa362a1c009a46d4af3,1760034332,2025-10-09T18:25:32.000Z
0xe3fd4ffcf7907bdfb2257ac76082bb7f1ae94d46,0x000000000000000000000000de5b54362e53ef23,64046531,0xba36eba971188f1657253339b2f2fae422d3e00bb816cfa362a1c009a46d4af3,1760034332,2025-10-09T18:25:32.000Z
0xc71959d13b0c6004a62eaaf2dc1d3c78d7d20ac1,0x0000000000000000000000000fc24de6b5216b49,64063737,0x2f48de238572ba1f8ad8daee223a80e0ffd28ab95fa13e70631814dc50dce325,1760047240,2025-10-09T22:00:40.000Z
0xc71959d13b0c6004a62eaaf2dc1d3c78d7d20ac1,0x000000000000000000000000ceba129e0462c7e5,64063737,0x2f48de238572ba1f8ad8daee223a80e0ffd28ab95fa13e70631814dc50dce325,1760047240,2025-10-09T22:00:40.000Z
0xc71959d13b0c6004a62eaaf2dc1d3c78d7d20ac1,0x000000000000000000000000c0db02f3b35ee917,64063737,0x2f48de238572ba1f8ad8daee223a80e0ffd28ab95fa13e70631814dc50dce325,1760047240,2025-10-09T22:00:40.000Z
0xc71959d13b0c6004a62eaaf2dc1d3c78d7d20ac1,0x000000000000000000000000de5b54362e53ef23,64063737,0x2f48de238572ba1f8ad8daee223a80e0ffd28ab95fa13e70631814dc50dce325,1760047240,2025-10-09T22:00:40.000Z
0xc61ae4feee95785daedba88a15ef953b605e9de5,0x00000000000000000000000055a38d8db3b623fa,64128108,0x2b17f91d023ab38d94da61199b443b6992539381d46a02e2a89bbc2c97dd7331,1760095529,2025-10-10T11:25:29.000Z
0xc61ae4feee95785daedba88a15ef953b605e9de5,0x0000000000000000000000002b3bc5a945059f77,64128108,0x2b17f91d023ab38d94da61199b443b6992539381d46a02e2a89bbc2c97dd7331,1760095529,2025-10-10T11:25:29.000Z
0xc61ae4feee95785daedba88a15ef953b605e9de5,0x000000000000000000000000a3beed4a3ec3bbd1,64128108,0x2b17f91d023ab38d94da61199b443b6992539381d46a02e2a89bbc2c97dd7331,1760095529,2025-10-10T11:25:29.000Z
0xc61ae4feee95785daedba88a15ef953b605e9de5,0x000000000000000000000000de5b54362e53ef23,64128108,0x2b17f91d023ab38d94da61199b443b6992539381d46a02e2a89bbc2c97dd7331,1760095529,2025-10-10T11:25:29.000Z
0x383b26b587b5ce6d58a21d2f85367ba852e66cd7,0x000000000000000000000000a249269b2fec81a2,64129300,0x286e8d4bdd959c243598907a18081eff603050d04aae1ada55fbc198e8178cdb,1760096423,2025-10-10T11:40:23.000Z
0x383b26b587b5ce6d58a21d2f85367ba852e66cd7,0x000000000000000000000000aded426e16013461,64129300,0x286e8d4bdd959c243598907a18081eff603050d04aae1ada55fbc198e8178cdb,1760096423,2025-10-10T11:40:23.000Z
0x383b26b587b5ce6d58a21d2f85367ba852e66cd7,0x000000000000000000000000e20876db2e981f5b,64129300,0x286e8d4bdd959c243598907a18081eff603050d04aae1ada55fbc198e8178cdb,1760096423,2025-10-10T11:40:23.000Z
0x383b26b587b5ce6d58a21d2f85367ba852e66cd7,0x000000000000000000000000de5b54362e53ef23,64129300,0x286e8d4bdd959c243598907a18081eff603050d04aae1ada55fbc198e8178cdb,1760096423,2025-10-10T11:40:23.000Z
0x8444e900f4c6852745bc12cb15676d99076a4ba3,0x000000000000000000000000383b26b587b5ce6d,64133643,0x2cff60b89264fcb1a25129bee139862e2ecff1aaa10012f54c3ac7cc09a7faf3,1760099681,2025-10-10T12:34:41.000Z
0x8444e900f4c6852745bc12cb15676d99076a4ba3,0x000000000000000000000000a249269b2fec81a2,64133643,0x2cff60b89264fcb1a25129bee139862e2ecff1aaa10012f54c3ac7cc09a7faf3,1760099681,2025-10-10T12:34:41.000Z
0x8444e900f4c6852745bc12cb15676d99076a4ba3,0x000000000000000000000000aded426e16013461,64133643,0x2cff60b89264fcb1a25129bee139862e2ecff1aaa10012f54c3ac7cc09a7faf3,1760099681,2025-10-10T12:34:41.000Z
0x8444e900f4c6852745bc12cb15676d99076a4ba3,0x000000000000000000000000de5b54362e53ef23,64133643,0x2cff60b89264fcb1a25129bee139862e2ecff1aaa10012f54c3ac7cc09a7faf3,1760099681,2025-10-10T12:34:41.000Z
0x33e708769b71ccf35aa5442eee49e2f15fc7e8e7,0x000000000000000000000000a90e5179852caa9f,64136941,0x94618f1ba9c481df44bc333c47482d26a7db83fcdd0c130e0b08711cc5b976e1,1760102156,2025-10-10T13:15:56.000Z
0x33e708769b71ccf35aa5442eee49e2f15fc7e8e7,0x0000000000000000000000009cd12f222726fe3c,64136941,0x94618f1ba9c481df44bc333c47482d26a7db83fcdd0c130e0b08711cc5b976e1,1760102156,2025-10-10T13:15:56.000Z
0x33e708769b71ccf35aa5442eee49e2f15fc7e8e7,0x00000000000000000000000085ff5b233d0c7b12,64136941,0x94618f1ba9c481df44bc333c47482d26a7db83fcdd0c130e0b08711cc5b976e1,1760102156,2025-10-10T13:15:56.000Z
0x33e708769b71ccf35aa5442eee49e2f15fc7e8e7,0x000000000000000000000000de5b54362e53ef23,64136941,0x94618f1ba9c481df44bc333c47482d26a7db83fcdd0c130e0b08711cc5b976e1,1760102156,2025-10-10T13:15:56.000Z
0x6e621d7039496c2f7cfdbdceaa0955e20a18239b,0x000000000000000000000000203afe566f4bbb93,64140643,0xa071d5ea8c3b4f088062fee4c35436798f52ec0b6b179d2b5b333928404d8753,1760104932,2025-10-10T14:02:12.000Z
0x6e621d7039496c2f7cfdbdceaa0955e20a18239b,0x000000000000000000000000342ea6fb87c8cec7,64140643,0xa071d5ea8c3b4f088062fee4c35436798f52ec0b6b179d2b5b333928404d8753,1760104932,2025-10-10T14:02:12.000Z
0x6e621d7039496c2f7cfdbdceaa0955e20a18239b,0x0000000000000000000000004baef833e5ae2fd1,64140643,0xa071d5ea8c3b4f088062fee4c35436798f52ec0b6b179d2b5b333928404d8753,1760104932,2025-10-10T14:02:12.000Z
0x6e621d7039496c2f7cfdbdceaa0955e20a18239b,0x000000000000000000000000de5b54362e53ef23,64140643,0xa071d5ea8c3b4f088062fee4c35436798f52ec0b6b179d2b5b333928404d8753,1760104932,2025-10-10T14:02:12.000Z
0x690bcd438c11b2d111af00ea57f9dd2abbe985bf,0x0000000000000000000000006e621d7039496c2f,64141101,0x4377a88b82148c263a1360400a13aa17941162a1012277a38b0fc9354f8030f7,1760105276,2025-10-10T14:07:56.000Z
0x690bcd438c11b2d111af00ea57f9dd2abbe985bf,0x000000000000000000000000203afe566f4bbb93,64141101,0x4377a88b82148c263a1360400a13aa17941162a1012277a38b0fc9354f8030f7,1760105276,2025-10-10T14:07:56.000Z
0x690bcd438c11b2d111af00ea57f9dd2abbe985bf,0x000000000000000000000000342ea6fb87c8cec7,64141101,0x4377a88b82148c263a1360400a13aa17941162a1012277a38b0fc9354f8030f7,1760105276,2025-10-10T14:07:56.000Z
0x690bcd438c11b2d111af00ea57f9dd2abbe985bf,0x000000000000000000000000de5b54362e53ef23,64141101,0x4377a88b82148c263a1360400a13aa17941162a1012277a38b0fc9354f8030f7,1760105276,2025-10-10T14:07:56.000Z
0xc043907e1f36bba30c4811dd41cca5b4cbb5bf1f,0x000000000000000000000000690bcd438c11b2d1,64158144,0xabda5f127476ebbe209e480bbb2de0445d5fb5be9be8645aae717721b93fb413,1760118058,2025-10-10T17:40:58.000Z
0xc043907e1f36bba30c4811dd41cca5b4cbb5bf1f,0x0000000000000000000000006e621d7039496c2f,64158144,0xabda5f127476ebbe209e480bbb2de0445d5fb5be9be8645aae717721b93fb413,1760118058,2025-10-10T17:40:58.000Z
0xc043907e1f36bba30c4811dd41cca5b4cbb5bf1f,0x000000000000000000000000203afe566f4bbb93,64158144,0xabda5f127476ebbe209e480bbb2de0445d5fb5be9be8645aae717721b93fb413,1760118058,2025-10-10T17:40:58.000Z
0xc043907e1f36bba30c4811dd41cca5b4cbb5bf1f,0x000000000000000000000000de5b54362e53ef23,64158144,0xabda5f127476ebbe209e480bbb2de0445d5fb5be9be8645aae717721b93fb413,1760118058,2025-10-10T17:40:58.000Z
0x58a64c2ed883bb30cbe82462490e5caf459cb9be,0x000000000000000000000000c043907e1f36bba3,64158579,0x0ff5469317830519a3f6d6f41384b446d532c2f06c1e7489d5d30e079b8c0223,1760118385,2025-10-10T17:46:25.000Z
0x58a64c2ed883bb30cbe82462490e5caf459cb9be,0x000000000000000000000000690bcd438c11b2d1,64158579,0x0ff5469317830519a3f6d6f41384b446d532c2f06c1e7489d5d30e079b8c0223,1760118385,2025-10-10T17:46:25.000Z
0x58a64c2ed883bb30cbe82462490e5caf459cb9be,0x0000000000000000000000006e621d7039496c2f,64158579,0x0ff5469317830519a3f6d6f41384b446d532c2f06c1e7489d5d30e079b8c0223,1760118385,2025-10-10T17:46:25.000Z
0x58a64c2ed883bb30cbe82462490e5caf459cb9be,0x000000000000000000000000de5b54362e53ef23,64158579,0x0ff5469317830519a3f6d6f41384b446d532c2f06c1e7489d5d30e079b8c0223,1760118385,2025-10-10T17:46:25.000Z
0x3f3bf3071b6b874ccc8a7d4fd4aeb84d14e49ef9,0x000000000000000000000000c043907e1f36bba3,64159707,0xae4f639c579e6a0d621c1dc44a4154529b89b094669f4b4eaa1b6c44d1f31f16,1760119231,2025-10-10T18:00:31.000Z
0x3f3bf3071b6b874ccc8a7d4fd4aeb84d14e49ef9,0x000000000000000000000000690bcd438c11b2d1,64159707,0xae4f639c579e6a0d621c1dc44a4154529b89b094669f4b4eaa1b6c44d1f31f16,1760119231,2025-10-10T18:00:31.000Z
0x3f3bf3071b6b874ccc8a7d4fd4aeb84d14e49ef9,0x0000000000000000000000006e621d7039496c2f,64159707,0xae4f639c579e6a0d621c1dc44a4154529b89b094669f4b4eaa1b6c44d1f31f16,1760119231,2025-10-10T18:00:31.000Z
0x3f3bf3071b6b874ccc8a7d4fd4aeb84d14e49ef9,0x000000000000000000000000de5b54362e53ef23,64159707,0xae4f639c579e6a0d621c1dc44a4154529b89b094669f4b4eaa1b6c44d1f31f16,1760119231,2025-10-10T18:00:31.000Z
0x45270f23df156234642d8b60f5f3f486390763a9,0x000000000000000000000000c043907e1f36bba3,64159916,0x3a30cacdcba3f182c12236d5b5a3047bc47b3d351cbfff18bbfdf2e6e0c994d0,1760119388,2025-10-10T18:03:08.000Z
0x45270f23df156234642d8b60f5f3f486390763a9,0x000000000000000000000000690bcd438c11b2d1,64159916,0x3a30cacdcba3f182c12236d5b5a3047bc47b3d351cbfff18bbfdf2e6e0c994d0,1760119388,2025-10-10T18:03:08.000Z
0x45270f23df156234642d8b60f5f3f486390763a9,0x0000000000000000000000006e621d7039496c2f,64159916,0x3a30cacdcba3f182c12236d5b5a3047bc47b3d351cbfff18bbfdf2e6e0c994d0,1760119388,2025-10-10T18:03:08.000Z
0x45270f23df156234642d8b60f5f3f486390763a9,0x000000000000000000000000de5b54362e53ef23,64159916,0x3a30cacdcba3f182c12236d5b5a3047bc47b3d351cbfff18bbfdf2e6e0c994d0,1760119388,2025-10-10T18:03:08.000Z
0xdbb237f9de3783a4ee48cedebf0e9ba2d6d3cad6,0x000000000000000000000000c043907e1f36bba3,64160063,0x2d126005d9aa118830788580c885a3176029c5e3ee092c4febf82597df664ff8,1760119498,2025-10-10T18:04:58.000Z
0xdbb237f9de3783a4ee48cedebf0e9ba2d6d3cad6,0x000000000000000000000000690bcd438c11b2d1,64160063,0x2d126005d9aa118830788580c885a3176029c5e3ee092c4febf82597df664ff8,1760119498,2025-10-10T18:04:58.000Z
0xdbb237f9de3783a4ee48cedebf0e9ba2d6d3cad6,0x0000000000000000000000006e621d7039496c2f,64160063,0x2d126005d9aa118830788580c885a3176029c5e3ee092c4febf82597df664ff8,1760119498,2025-10-10T18:04:58.000Z
0xdbb237f9de3783a4ee48cedebf0e9ba2d6d3cad6,0x000000000000000000000000de5b54362e53ef23,64160063,0x2d126005d9aa118830788580c885a3176029c5e3ee092c4febf82597df664ff8,1760119498,2025-10-10T18:04:58.000Z
0x6f8f3234a09498d7fbfc398c53379cd033cc4fca,0x000000000000000000000000c043907e1f36bba3,64160211,0xd31c9321648ae856fce0300b9bb78bfd433efa5d11750659ada37d7b9c6bcf06,1760119609,2025-10-10T18:06:49.000Z
0x6f8f3234a09498d7fbfc398c53379cd033cc4fca,0x000000000000000000000000690bcd438c11b2d1,64160211,0xd31c9321648ae856fce0300b9bb78bfd433efa5d11750659ada37d7b9c6bcf06,1760119609,2025-10-10T18:06:49.000Z
0x6f8f3234a09498d7fbfc398c53379cd033cc4fca,0x0000000000000000000000006e621d7039496c2f,64160211,0xd31c9321648ae856fce0300b9bb78bfd433efa5d11750659ada37d7b9c6bcf06,1760119609,2025-10-10T18:06:49.000Z
0x6f8f3234a09498d7fbfc398c53379cd033cc4fca,0x000000000000000000000000de5b54362e53ef23,64160211,0xd31c9321648ae856fce0300b9bb78bfd433efa5d11750659ada37d7b9c6bcf06,1760119609,2025-10-10T18:06:49.000Z
0x586f99581d79cbec4b317bec0a1ef0d9bebf7659,0x000000000000000000000000c043907e1f36bba3,64160370,0x9cb187b73f9fdbfaf4e4ab08ed7326f8b3f96278ae6063595608732a715ed7ae,1760119729,2025-10-10T18:08:49.000Z
0x586f99581d79cbec4b317bec0a1ef0d9bebf7659,0x000000000000000000000000690bcd438c11b2d1,64160370,0x9cb187b73f9fdbfaf4e4ab08ed7326f8b3f96278ae6063595608732a715ed7ae,1760119729,2025-10-10T18:08:49.000Z
0x586f99581d79cbec4b317bec0a1ef0d9bebf7659,0x0000000000000000000000006e621d7039496c2f,64160370,0x9cb187b73f9fdbfaf4e4ab08ed7326f8b3f96278ae6063595608732a715ed7ae,1760119729,2025-10-10T18:08:49.000Z
0x586f99581d79cbec4b317bec0a1ef0d9bebf7659,0x000000000000000000000000de5b54362e53ef23,64160370,0x9cb187b73f9fdbfaf4e4ab08ed7326f8b3f96278ae6063595608732a715ed7ae,1760119729,2025-10-10T18:08:49.000Z
0x79046686f27af339bcd88642e35da3d5645af247,0x000000000000000000000000c043907e1f36bba3,64160550,0x76d3ee03fe5babeda3b0a3bea886b5092dec20d0cd51e421ea31f5311d2bc7e0,1760119864,2025-10-10T18:11:04.000Z
0x79046686f27af339bcd88642e35da3d5645af247,0x000000000000000000000000690bcd438c11b2d1,64160550,0x76d3ee03fe5babeda3b0a3bea886b5092dec20d0cd51e421ea31f5311d2bc7e0,1760119864,2025-10-10T18:11:04.000Z
0x79046686f27af339bcd88642e35da3d5645af247,0x0000000000000000000000006e621d7039496c2f,64160550,0x76d3ee03fe5babeda3b0a3bea886b5092dec20d0cd51e421ea31f5311d2bc7e0,1760119864,2025-10-10T18:11:04.000Z
0x79046686f27af339bcd88642e35da3d5645af247,0x000000000000000000000000de5b54362e53ef23,64160550,0x76d3ee03fe5babeda3b0a3bea886b5092dec20d0cd51e421ea31f5311d2bc7e0,1760119864,2025-10-10T18:11:04.000Z
0x9f54eb57f5ae5da5a5f4651393749371cf6bf019,0x000000000000000000000000c043907e1f36bba3,64160683,0xa59ae2fad4e47b57477abfc5c6a0604f2462c0226210d034bcdd209dce93f7b3,1760119963,2025-10-10T18:12:43.000Z
0x9f54eb57f5ae5da5a5f4651393749371cf6bf019,0x000000000000000000000000690bcd438c11b2d1,64160683,0xa59ae2fad4e47b57477abfc5c6a0604f2462c0226210d034bcdd209dce93f7b3,1760119963,2025-10-10T18:12:43.000Z
0x9f54eb57f5ae5da5a5f4651393749371cf6bf019,0x0000000000000000000000006e621d7039496c2f,64160683,0xa59ae2fad4e47b57477abfc5c6a0604f2462c0226210d034bcdd209dce93f7b3,1760119963,2025-10-10T18:12:43.000Z
0x9f54eb57f5ae5da5a5f4651393749371cf6bf019,0x000000000000000000000000de5b54362e53ef23,64160683,0xa59ae2fad4e47b57477abfc5c6a0604f2462c0226210d034bcdd209dce93f7b3,1760119963,2025-10-10T18:12:43.000Z
0x05e947660a9f51530a67def96260328c125f88cd,0x000000000000000000000000c043907e1f36bba3,64160828,0x1571d3faee57f2fa44f13ce0dc34098c385ea3789bbfa9ee8e9fee5dc9d73cb1,1760120072,2025-10-10T18:14:32.000Z
0x05e947660a9f51530a67def96260328c125f88cd,0x000000000000000000000000690bcd438c11b2d1,64160828,0x1571d3faee57f2fa44f13ce0dc34098c385ea3789bbfa9ee8e9fee5dc9d73cb1,1760120072,2025-10-10T18:14:32.000Z
0x05e947660a9f51530a67def96260328c125f88cd,0x0000000000000000000000006e621d7039496c2f,64160828,0x1571d3faee57f2fa44f13ce0dc34098c385ea3789bbfa9ee8e9fee5dc9d73cb1,1760120072,2025-10-10T18:14:32.000Z
0x05e947660a9f51530a67def96260328c125f88cd,0x000000000000000000000000de5b54362e53ef23,64160828,0x1571d3faee57f2fa44f13ce0dc34098c385ea3789bbfa9ee8e9fee5dc9d73cb1,1760120072,2025-10-10T18:14:32.000Z
0xa20536c02a30b0d85099faac71b0e930ec13c04a,0x000000000000000000000000c043907e1f36bba3,64160966,0x8e71a4f8362d38e4dc0922a6032ed81f781f5e579c785fd37feacad595a53cf9,1760120176,2025-10-10T18:16:16.000Z
0xa20536c02a30b0d85099faac71b0e930ec13c04a,0x000000000000000000000000690bcd438c11b2d1,64160966,0x8e71a4f8362d38e4dc0922a6032ed81f781f5e579c785fd37feacad595a53cf9,1760120176,2025-10-10T18:16:16.000Z
0xa20536c02a30b0d85099faac71b0e930ec13c04a,0x0000000000000000000000006e621d7039496c2f,64160966,0x8e71a4f8362d38e4dc0922a6032ed81f781f5e579c785fd37feacad595a53cf9,1760120176,2025-10-10T18:16:16.000Z
0xa20536c02a30b0d85099faac71b0e930ec13c04a,0x000000000000000000000000de5b54362e53ef23,64160966,0x8e71a4f8362d38e4dc0922a6032ed81f781f5e579c785fd37feacad595a53cf9,1760120176,2025-10-10T18:16:16.000Z
0x83446b80be19540ccdc6c8765c65c29f685b9202,0x000000000000000000000000c043907e1f36bba3,64161115,0x81e256c81242ca3f0a82626cf747d2a33f07b40accdf7c67522df838d8d0da47,1760120287,2025-10-10T18:18:07.000Z
0x83446b80be19540ccdc6c8765c65c29f685b9202,0x000000000000000000000000690bcd438c11b2d1,64161115,0x81e256c81242ca3f0a82626cf747d2a33f07b40accdf7c67522df838d8d0da47,1760120287,2025-10-10T18:18:07.000Z
0x83446b80be19540ccdc6c8765c65c29f685b9202,0x0000000000000000000000006e621d7039496c2f,64161115,0x81e256c81242ca3f0a82626cf747d2a33f07b40accdf7c67522df838d8d0da47,1760120287,2025-10-10T18:18:07.000Z
0x83446b80be19540ccdc6c8765c65c29f685b9202,0x000000000000000000000000de5b54362e53ef23,64161115,0x81e256c81242ca3f0a82626cf747d2a33f07b40accdf7c67522df838d8d0da47,1760120287,2025-10-10T18:18:07.000Z
0x9704380153b2ae347d081e65291eda54b09d2dc0,0x000000000000000000000000c043907e1f36bba3,64161228,0x31b84cd69f3bb3e258fe1c6faa64a13d0dd06e046b1f5a1da1e644299a375be5,1760120372,2025-10-10T18:19:32.000Z
0x9704380153b2ae347d081e65291eda54b09d2dc0,0x000000000000000000000000690bcd438c11b2d1,64161228,0x31b84cd69f3bb3e258fe1c6faa64a13d0dd06e046b1f5a1da1e644299a375be5,1760120372,2025-10-10T18:19:32.000Z
0x9704380153b2ae347d081e65291eda54b09d2dc0,0x0000000000000000000000006e621d7039496c2f,64161228,0x31b84cd69f3bb3e258fe1c6faa64a13d0dd06e046b1f5a1da1e644299a375be5,1760120372,2025-10-10T18:19:32.000Z
0x9704380153b2ae347d081e65291eda54b09d2dc0,0x000000000000000000000000de5b54362e53ef23,64161228,0x31b84cd69f3bb3e258fe1c6faa64a13d0dd06e046b1f5a1da1e644299a375be5,1760120372,2025-10-10T18:19:32.000Z
0x1ad7b2fddbfa9037e99a385986955a0059527ade,0x000000000000000000000000c043907e1f36bba3,64161333,0x47b15bf6e5b174f075f2cde4c6973bac5d6cf0a9867508818d7cef3ff80da3eb,1760120451,2025-10-10T18:20:51.000Z
0x1ad7b2fddbfa9037e99a385986955a0059527ade,0x000000000000000000000000690bcd438c11b2d1,64161333,0x47b15bf6e5b174f075f2cde4c6973bac5d6cf0a9867508818d7cef3ff80da3eb,1760120451,2025-10-10T18:20:51.000Z
0x1ad7b2fddbfa9037e99a385986955a0059527ade,0x0000000000000000000000006e621d7039496c2f,64161333,0x47b15bf6e5b174f075f2cde4c6973bac5d6cf0a9867508818d7cef3ff80da3eb,1760120451,2025-10-10T18:20:51.000Z
0x1ad7b2fddbfa9037e99a385986955a0059527ade,0x000000000000000000000000de5b54362e53ef23,64161333,0x47b15bf6e5b174f075f2cde4c6973bac5d6cf0a9867508818d7cef3ff80da3eb,1760120451,2025-10-10T18:20:51.000Z
0xac563443cb19fb2a007b0c314d1cfed003f43887,0x000000000000000000000000c043907e1f36bba3,64161451,0x946b3deebf568888939cecb0d6c0968b72f184b448d09e56445f2c71c3a96c9c,1760120539,2025-10-10T18:22:19.000Z
0xac563443cb19fb2a007b0c314d1cfed003f43887,0x000000000000000000000000690bcd438c11b2d1,64161451,0x946b3deebf568888939cecb0d6c0968b72f184b448d09e56445f2c71c3a96c9c,1760120539,2025-10-10T18:22:19.000Z
0xac563443cb19fb2a007b0c314d1cfed003f43887,0x0000000000000000000000006e621d7039496c2f,64161451,0x946b3deebf568888939cecb0d6c0968b72f184b448d09e56445f2c71c3a96c9c,1760120539,2025-10-10T18:22:19.000Z
0xac563443cb19fb2a007b0c314d1cfed003f43887,0x000000000000000000000000de5b54362e53ef23,64161451,0x946b3deebf568888939cecb0d6c0968b72f184b448d09e56445f2c71c3a96c9c,1760120539,2025-10-10T18:22:19.000Z
0x8a943095eb9b89ab21a875c7aad2ea6f1f16d3a6,0x000000000000000000000000c043907e1f36bba3,64161596,0x4d50d32571bfe09b124efae81e23ad11bfc923bece4a9a037b16ed3bf0a67595,1760120648,2025-10-10T18:24:08.000Z
0x8a943095eb9b89ab21a875c7aad2ea6f1f16d3a6,0x000000000000000000000000690bcd438c11b2d1,64161596,0x4d50d32571bfe09b124efae81e23ad11bfc923bece4a9a037b16ed3bf0a67595,1760120648,2025-10-10T18:24:08.000Z
0x8a943095eb9b89ab21a875c7aad2ea6f1f16d3a6,0x0000000000000000000000006e621d7039496c2f,64161596,0x4d50d32571bfe09b124efae81e23ad11bfc923bece4a9a037b16ed3bf0a67595,1760120648,2025-10-10T18:24:08.000Z
0x8a943095eb9b89ab21a875c7aad2ea6f1f16d3a6,0x000000000000000000000000de5b54362e53ef23,64161596,0x4d50d32571bfe09b124efae81e23ad11bfc923bece4a9a037b16ed3bf0a67595,1760120648,2025-10-10T18:24:08.000Z
0xdffac0e639590b5e01d3947df10bf7a064bcb39c,0x000000000000000000000000c043907e1f36bba3,64161709,0xc117835fe1bd372ae2660f16ded5190eb51e070b476c4c3f03be7a6c8d6008f9,1760120733,2025-10-10T18:25:33.000Z
0xdffac0e639590b5e01d3947df10bf7a064bcb39c,0x000000000000000000000000690bcd438c11b2d1,64161709,0xc117835fe1bd372ae2660f16ded5190eb51e070b476c4c3f03be7a6c8d6008f9,1760120733,2025-10-10T18:25:33.000Z
0xdffac0e639590b5e01d3947df10bf7a064bcb39c,0x0000000000000000000000006e621d7039496c2f,64161709,0xc117835fe1bd372ae2660f16ded5190eb51e070b476c4c3f03be7a6c8d6008f9,1760120733,2025-10-10T18:25:33.000Z
0xdffac0e639590b5e01d3947df10bf7a064bcb39c,0x000000000000000000000000de5b54362e53ef23,64161709,0xc117835fe1bd372ae2660f16ded5190eb51e070b476c4c3f03be7a6c8d6008f9,1760120733,2025-10-10T18:25:33.000Z
0x8ccacb4f8b4fb2dbf21ce0e84168fc4b6a5750f3,0x000000000000000000000000c043907e1f36bba3,64161823,0x5004a29b2911488a0d14b078a10b347c1550065d932c2021ce51ea96ace0f9e4,1760120818,2025-10-10T18:26:58.000Z
0x8ccacb4f8b4fb2dbf21ce0e84168fc4b6a5750f3,0x000000000000000000000000690bcd438c11b2d1,64161823,0x5004a29b2911488a0d14b078a10b347c1550065d932c2021ce51ea96ace0f9e4,1760120818,2025-10-10T18:26:58.000Z
0x8ccacb4f8b4fb2dbf21ce0e84168fc4b6a5750f3,0x0000000000000000000000006e621d7039496c2f,64161823,0x5004a29b2911488a0d14b078a10b347c1550065d932c2021ce51ea96ace0f9e4,1760120818,2025-10-10T18:26:58.000Z
0x8ccacb4f8b4fb2dbf21ce0e84168fc4b6a5750f3,0x000000000000000000000000de5b54362e53ef23,64161823,0x5004a29b2911488a0d14b078a10b347c1550065d932c2021ce51ea96ace0f9e4,1760120818,2025-10-10T18:26:58.000Z
0x123f2af3fd16e0103c7ed95b31cbc4364a9d9bff,0x000000000000000000000000c043907e1f36bba3,64161959,0x824bbc9eec3eeab65a73b854a7844fff8d0c8bd7563ca934f81995fcb729cd86,1760120920,2025-10-10T18:28:40.000Z
0x123f2af3fd16e0103c7ed95b31cbc4364a9d9bff,0x000000000000000000000000690bcd438c11b2d1,64161959,0x824bbc9eec3eeab65a73b854a7844fff8d0c8bd7563ca934f81995fcb729cd86,1760120920,2025-10-10T18:28:40.000Z
0x123f2af3fd16e0103c7ed95b31cbc4364a9d9bff,0x0000000000000000000000006e621d7039496c2f,64161959,0x824bbc9eec3eeab65a73b854a7844fff8d0c8bd7563ca934f81995fcb729cd86,1760120920,2025-10-10T18:28:40.000Z
0x123f2af3fd16e0103c7ed95b31cbc4364a9d9bff,0x000000000000000000000000de5b54362e53ef23,64161959,0x824bbc9eec3eeab65a73b854a7844fff8d0c8bd7563ca934f81995fcb729cd86,1760120920,2025-10-10T18:28:40.000Z
0xe6686ea03e74ed3f3b3c11f3987cc42425c72a74,0x000000000000000000000000c043907e1f36bba3,64162082,0x28539063636c023b35a70c9d5752eae5801502abb045522fdabd824b47b7da1a,1760121013,2025-10-10T18:30:13.000Z
0xe6686ea03e74ed3f3b3c11f3987cc42425c72a74,0x000000000000000000000000690bcd438c11b2d1,64162082,0x28539063636c023b35a70c9d5752eae5801502abb045522fdabd824b47b7da1a,1760121013,2025-10-10T18:30:13.000Z
0xe6686ea03e74ed3f3b3c11f3987cc42425c72a74,0x0000000000000000000000006e621d7039496c2f,64162082,0x28539063636c023b35a70c9d5752eae5801502abb045522fdabd824b47b7da1a,1760121013,2025-10-10T18:30:13.000Z
0xe6686ea03e74ed3f3b3c11f3987cc42425c72a74,0x000000000000000000000000de5b54362e53ef23,64162082,0x28539063636c023b35a70c9d5752eae5801502abb045522fdabd824b47b7da1a,1760121013,2025-10-10T18:30:13.000Z
0x67b3df02fa91eb4c42a3e347e6dfeb6bad7513ad,0x000000000000000000000000c043907e1f36bba3,64162208,0x8b3552dfc8afd3854bd16e7c017e31bc7eef61a99e4df7fb2713233b84a6fbb9,1760121107,2025-10-10T18:31:47.000Z
0x67b3df02fa91eb4c42a3e347e6dfeb6bad7513ad,0x000000000000000000000000690bcd438c11b2d1,64162208,0x8b3552dfc8afd3854bd16e7c017e31bc7eef61a99e4df7fb2713233b84a6fbb9,1760121107,2025-10-10T18:31:47.000Z
0x67b3df02fa91eb4c42a3e347e6dfeb6bad7513ad,0x0000000000000000000000006e621d7039496c2f,64162208,0x8b3552dfc8afd3854bd16e7c017e31bc7eef61a99e4df7fb2713233b84a6fbb9,1760121107,2025-10-10T18:31:47.000Z
0x67b3df02fa91eb4c42a3e347e6dfeb6bad7513ad,0x000000000000000000000000de5b54362e53ef23,64162208,0x8b3552dfc8afd3854bd16e7c017e31bc7eef61a99e4df7fb2713233b84a6fbb9,1760121107,2025-10-10T18:31:47.000Z
0x1b406aff4b6d694c9daa346e868231dcdf9ec493,0x000000000000000000000000c043907e1f36bba3,64162456,0x275c6bc0471d865bee7e82f79273a3d89ca321b9c9d625498b4571e83965e637,1760121293,2025-10-10T18:34:53.000Z
0x1b406aff4b6d694c9daa346e868231dcdf9ec493,0x000000000000000000000000690bcd438c11b2d1,64162456,0x275c6bc0471d865bee7e82f79273a3d89ca321b9c9d625498b4571e83965e637,1760121293,2025-10-10T18:34:53.000Z
0x1b406aff4b6d694c9daa346e868231dcdf9ec493,0x0000000000000000000000006e621d7039496c2f,64162456,0x275c6bc0471d865bee7e82f79273a3d89ca321b9c9d625498b4571e83965e637,1760121293,2025-10-10T18:34:53.000Z
0x1b406aff4b6d694c9daa346e868231dcdf9ec493,0x000000000000000000000000de5b54362e53ef23,64162456,0x275c6bc0471d865bee7e82f79273a3d89ca321b9c9d625498b4571e83965e637,1760121293,2025-10-10T18:34:53.000Z
0x46c641a9d963c9195212f9bdbc8b06ae545d3761,0x000000000000000000000000c043907e1f36bba3,64162543,0xc2cbe6896a434b804a1cd8544cffda3fbb336f441cd9796b3654b1ccb87321c7,1760121358,2025-10-10T18:35:58.000Z
0x46c641a9d963c9195212f9bdbc8b06ae545d3761,0x000000000000000000000000690bcd438c11b2d1,64162543,0xc2cbe6896a434b804a1cd8544cffda3fbb336f441cd9796b3654b1ccb87321c7,1760121358,2025-10-10T18:35:58.000Z
0x46c641a9d963c9195212f9bdbc8b06ae545d3761,0x0000000000000000000000006e621d7039496c2f,64162543,0xc2cbe6896a434b804a1cd8544cffda3fbb336f441cd9796b3654b1ccb87321c7,1760121358,2025-10-10T18:35:58.000Z
0x46c641a9d963c9195212f9bdbc8b06ae545d3761,0x000000000000000000000000de5b54362e53ef23,64162543,0xc2cbe6896a434b804a1cd8544cffda3fbb336f441cd9796b3654b1ccb87321c7,1760121358,2025-10-10T18:35:58.000Z
0x8ba42f301cc910ab8175be9abc492c35f40060bc,0x000000000000000000000000c043907e1f36bba3,64162685,0x1ff543346fc62155f8bccf80f82db5559c4cdb5296717267fe772c352f34b372,1760121465,2025-10-10T18:37:45.000Z
0x8ba42f301cc910ab8175be9abc492c35f40060bc,0x000000000000000000000000690bcd438c11b2d1,64162685,0x1ff543346fc62155f8bccf80f82db5559c4cdb5296717267fe772c352f34b372,1760121465,2025-10-10T18:37:45.000Z
0x8ba42f301cc910ab8175be9abc492c35f40060bc,0x0000000000000000000000006e621d7039496c2f,64162685,0x1ff543346fc62155f8bccf80f82db5559c4cdb5296717267fe772c352f34b372,1760121465,2025-10-10T18:37:45.000Z
0x8ba42f301cc910ab8175be9abc492c35f40060bc,0x000000000000000000000000de5b54362e53ef23,64162685,0x1ff543346fc62155f8bccf80f82db5559c4cdb5296717267fe772c352f34b372,1760121465,2025-10-10T18:37:45.000Z
0x340b277879421e95a3152f7176de92919249c39b,0x000000000000000000000000c043907e1f36bba3,64162827,0x8bac129f6ddc073e5f64b13a5c72470b24ee0192cdd52789040d0817217a4407,1760121571,2025-10-10T18:39:31.000Z
0x340b277879421e95a3152f7176de92919249c39b,0x000000000000000000000000690bcd438c11b2d1,64162827,0x8bac129f6ddc073e5f64b13a5c72470b24ee0192cdd52789040d0817217a4407,1760121571,2025-10-10T18:39:31.000Z
0x340b277879421e95a3152f7176de92919249c39b,0x0000000000000000000000006e621d7039496c2f,64162827,0x8bac129f6ddc073e5f64b13a5c72470b24ee0192cdd52789040d0817217a4407,1760121571,2025-10-10T18:39:31.000Z
0x340b277879421e95a3152f7176de92919249c39b,0x000000000000000000000000de5b54362e53ef23,64162827,0x8bac129f6ddc073e5f64b13a5c72470b24ee0192cdd52789040d0817217a4407,1760121571,2025-10-10T18:39:31.000Z
0x789bed354865fb976978c90536a27bb12fa0347b,0x000000000000000000000000c043907e1f36bba3,64162928,0x47f347e9e6a0eaad1f3601847fded350dc4158af6627ec00fff6c9da9c17caa7,1760121647,2025-10-10T18:40:47.000Z
0x789bed354865fb976978c90536a27bb12fa0347b,0x000000000000000000000000690bcd438c11b2d1,64162928,0x47f347e9e6a0eaad1f3601847fded350dc4158af6627ec00fff6c9da9c17caa7,1760121647,2025-10-10T18:40:47.000Z
0x789bed354865fb976978c90536a27bb12fa0347b,0x0000000000000000000000006e621d7039496c2f,64162928,0x47f347e9e6a0eaad1f3601847fded350dc4158af6627ec00fff6c9da9c17caa7,1760121647,2025-10-10T18:40:47.000Z
0x789bed354865fb976978c90536a27bb12fa0347b,0x000000000000000000000000de5b54362e53ef23,64162928,0x47f347e9e6a0eaad1f3601847fded350dc4158af6627ec00fff6c9da9c17caa7,1760121647,2025-10-10T18:40:47.000Z
0x57b592ae5d0efd465885045b92927294827c0b3d,0x000000000000000000000000c043907e1f36bba3,64163044,0x037f4a87bc01a7da5c891d9e5fae5bdfe9ca554685dddc6427bd74922c4bc40a,1760121734,2025-10-10T18:42:14.000Z
0x57b592ae5d0efd465885045b92927294827c0b3d,0x000000000000000000000000690bcd438c11b2d1,64163044,0x037f4a87bc01a7da5c891d9e5fae5bdfe9ca554685dddc6427bd74922c4bc40a,1760121734,2025-10-10T18:42:14.000Z
0x57b592ae5d0efd465885045b92927294827c0b3d,0x0000000000000000000000006e621d7039496c2f,64163044,0x037f4a87bc01a7da5c891d9e5fae5bdfe9ca554685dddc6427bd74922c4bc40a,1760121734,2025-10-10T18:42:14.000Z
0x57b592ae5d0efd465885045b92927294827c0b3d,0x000000000000000000000000de5b54362e53ef23,64163044,0x037f4a87bc01a7da5c891d9e5fae5bdfe9ca554685dddc6427bd74922c4bc40a,1760121734,2025-10-10T18:42:14.000Z
0x65f1ccccfcc96becf26af240b3460357b4e50d73,0x000000000000000000000000c043907e1f36bba3,64163175,0xf16ff75bf543f1afcada853a8dadb6fd5b4e3e76591f889874dd15d2ffd6973d,1760121832,2025-10-10T18:43:52.000Z
0x65f1ccccfcc96becf26af240b3460357b4e50d73,0x000000000000000000000000690bcd438c11b2d1,64163175,0xf16ff75bf543f1afcada853a8dadb6fd5b4e3e76591f889874dd15d2ffd6973d,1760121832,2025-10-10T18:43:52.000Z
0x65f1ccccfcc96becf26af240b3460357b4e50d73,0x0000000000000000000000006e621d7039496c2f,64163175,0xf16ff75bf543f1afcada853a8dadb6fd5b4e3e76591f889874dd15d2ffd6973d,1760121832,2025-10-10T18:43:52.000Z
0x65f1ccccfcc96becf26af240b3460357b4e50d73,0x000000000000000000000000de5b54362e53ef23,64163175,0xf16ff75bf543f1afcada853a8dadb6fd5b4e3e76591f889874dd15d2ffd6973d,1760121832,2025-10-10T18:43:52.000Z
0x65c7ad9ccc7e27039b4baaa3038a10351a049661,0x000000000000000000000000c043907e1f36bba3,64163267,0x907e48f4e21a74fe3b945804f91788901cc262155188ba43dfe7506d02b2d4ef,1760121901,2025-10-10T18:45:01.000Z
0x65c7ad9ccc7e27039b4baaa3038a10351a049661,0x000000000000000000000000690bcd438c11b2d1,64163267,0x907e48f4e21a74fe3b945804f91788901cc262155188ba43dfe7506d02b2d4ef,1760121901,2025-10-10T18:45:01.000Z
0x65c7ad9ccc7e27039b4baaa3038a10351a049661,0x0000000000000000000000006e621d7039496c2f,64163267,0x907e48f4e21a74fe3b945804f91788901cc262155188ba43dfe7506d02b2d4ef,1760121901,2025-10-10T18:45:01.000Z
0x65c7ad9ccc7e27039b4baaa3038a10351a049661,0x000000000000000000000000de5b54362e53ef23,64163267,0x907e48f4e21a74fe3b945804f91788901cc262155188ba43dfe7506d02b2d4ef,1760121901,2025-10-10T18:45:01.000Z
0x6fb83d1098fce1d6d2825ec9f85eedf16cca4514,0x000000000000000000000000c043907e1f36bba3,64163354,0x5224d832ff5bac4c4dc0824962c0d8a83247404f66f0177160b90b6aff38dd69,1760121967,2025-10-10T18:46:07.000Z
0x6fb83d1098fce1d6d2825ec9f85eedf16cca4514,0x000000000000000000000000690bcd438c11b2d1,64163354,0x5224d832ff5bac4c4dc0824962c0d8a83247404f66f0177160b90b6aff38dd69,1760121967,2025-10-10T18:46:07.000Z
0x6fb83d1098fce1d6d2825ec9f85eedf16cca4514,0x0000000000000000000000006e621d7039496c2f,64163354,0x5224d832ff5bac4c4dc0824962c0d8a83247404f66f0177160b90b6aff38dd69,1760121967,2025-10-10T18:46:07.000Z
0x6fb83d1098fce1d6d2825ec9f85eedf16cca4514,0x000000000000000000000000de5b54362e53ef23,64163354,0x5224d832ff5bac4c4dc0824962c0d8a83247404f66f0177160b90b6aff38dd69,1760121967,2025-10-10T18:46:07.000Z
0x7efe0985662f8efc79fba3a4fbbc6a6b95fce2aa,0x000000000000000000000000c043907e1f36bba3,64163464,0xaab33f925eb3aede2a519fa1d2b067292df11637ebd8d59185fc6b45167079ba,1760122049,2025-10-10T18:47:29.000Z
0x7efe0985662f8efc79fba3a4fbbc6a6b95fce2aa,0x000000000000000000000000690bcd438c11b2d1,64163464,0xaab33f925eb3aede2a519fa1d2b067292df11637ebd8d59185fc6b45167079ba,1760122049,2025-10-10T18:47:29.000Z
0x7efe0985662f8efc79fba3a4fbbc6a6b95fce2aa,0x0000000000000000000000006e621d7039496c2f,64163464,0xaab33f925eb3aede2a519fa1d2b067292df11637ebd8d59185fc6b45167079ba,1760122049,2025-10-10T18:47:29.000Z
0x7efe0985662f8efc79fba3a4fbbc6a6b95fce2aa,0x000000000000000000000000de5b54362e53ef23,64163464,0xaab33f925eb3aede2a519fa1d2b067292df11637ebd8d59185fc6b45167079ba,1760122049,2025-10-10T18:47:29.000Z
0x8f952f055753803d7d3ffc13b22d2e57e1b3b315,0x000000000000000000000000c043907e1f36bba3,64163577,0x79dc223024fe9f91ef0ebd67292260c81d6fe4708eac936f2249abc8f583ad30,1760122134,2025-10-10T18:48:54.000Z
0x8f952f055753803d7d3ffc13b22d2e57e1b3b315,0x000000000000000000000000690bcd438c11b2d1,64163577,0x79dc223024fe9f91ef0ebd67292260c81d6fe4708eac936f2249abc8f583ad30,1760122134,2025-10-10T18:48:54.000Z
0x8f952f055753803d7d3ffc13b22d2e57e1b3b315,0x0000000000000000000000006e621d7039496c2f,64163577,0x79dc223024fe9f91ef0ebd67292260c81d6fe4708eac936f2249abc8f583ad30,1760122134,2025-10-10T18:48:54.000Z
0x8f952f055753803d7d3ffc13b22d2e57e1b3b315,0x000000000000000000000000de5b54362e53ef23,64163577,0x79dc223024fe9f91ef0ebd67292260c81d6fe4708eac936f2249abc8f583ad30,1760122134,2025-10-10T18:48:54.000Z
0xb43dc4aa094ac54181298ffbc52186bf96cb3981,0x000000000000000000000000c043907e1f36bba3,64163855,0xc8e5f5f4dfc55748c516f3e33b1caf43e6b28657c1fd747fff438df0ff94a4fe,1760122342,2025-10-10T18:52:22.000Z
0xb43dc4aa094ac54181298ffbc52186bf96cb3981,0x000000000000000000000000690bcd438c11b2d1,64163855,0xc8e5f5f4dfc55748c516f3e33b1caf43e6b28657c1fd747fff438df0ff94a4fe,1760122342,2025-10-10T18:52:22.000Z
0xb43dc4aa094ac54181298ffbc52186bf96cb3981,0x0000000000000000000000006e621d7039496c2f,64163855,0xc8e5f5f4dfc55748c516f3e33b1caf43e6b28657c1fd747fff438df0ff94a4fe,1760122342,2025-10-10T18:52:22.000Z
0xb43dc4aa094ac54181298ffbc52186bf96cb3981,0x000000000000000000000000de5b54362e53ef23,64163855,0xc8e5f5f4dfc55748c516f3e33b1caf43e6b28657c1fd747fff438df0ff94a4fe,1760122342,2025-10-10T18:52:22.000Z
0xc86c93b2dcf89ab07a895dcf005846db45ab1564,0x000000000000000000000000c043907e1f36bba3,64164871,0x6ff0611004e60dcd700a57806767c7660a55eb6fbfdfd4e469ba0f84eef983b4,1760123104,2025-10-10T19:05:04.000Z
0xc86c93b2dcf89ab07a895dcf005846db45ab1564,0x000000000000000000000000690bcd438c11b2d1,64164871,0x6ff0611004e60dcd700a57806767c7660a55eb6fbfdfd4e469ba0f84eef983b4,1760123104,2025-10-10T19:05:04.000Z
0xc86c93b2dcf89ab07a895dcf005846db45ab1564,0x0000000000000000000000006e621d7039496c2f,64164871,0x6ff0611004e60dcd700a57806767c7660a55eb6fbfdfd4e469ba0f84eef983b4,1760123104,2025-10-10T19:05:04.000Z
0xc86c93b2dcf89ab07a895dcf005846db45ab1564,0x000000000000000000000000de5b54362e53ef23,64164871,0x6ff0611004e60dcd700a57806767c7660a55eb6fbfdfd4e469ba0f84eef983b4,1760123104,2025-10-10T19:05:04.000Z
0x61c0a9a87a9c85fe690f868bd1e7b001968a7221,0x000000000000000000000000c043907e1f36bba3,64165076,0x35ac222b32d16a6a119e171958e1bb5c862c41518e6a59ee6db0e22cb0e626b1,1760123258,2025-10-10T19:07:38.000Z
0x61c0a9a87a9c85fe690f868bd1e7b001968a7221,0x000000000000000000000000690bcd438c11b2d1,64165076,0x35ac222b32d16a6a119e171958e1bb5c862c41518e6a59ee6db0e22cb0e626b1,1760123258,2025-10-10T19:07:38.000Z
0x61c0a9a87a9c85fe690f868bd1e7b001968a7221,0x0000000000000000000000006e621d7039496c2f,64165076,0x35ac222b32d16a6a119e171958e1bb5c862c41518e6a59ee6db0e22cb0e626b1,1760123258,2025-10-10T19:07:38.000Z
0x61c0a9a87a9c85fe690f868bd1e7b001968a7221,0x000000000000000000000000de5b54362e53ef23,64165076,0x35ac222b32d16a6a119e171958e1bb5c862c41518e6a59ee6db0e22cb0e626b1,1760123258,2025-10-10T19:07:38.000Z
0x7142ca36bd8b485e63b5cd4242513cca18aee713,0x000000000000000000000000c043907e1f36bba3,64165173,0xce753a96f68f6f2158f97f89b927c507aa3b66efeb0ebda5ef813fa81f829fce,1760123331,2025-10-10T19:08:51.000Z
0x7142ca36bd8b485e63b5cd4242513cca18aee713,0x000000000000000000000000690bcd438c11b2d1,64165173,0xce753a96f68f6f2158f97f89b927c507aa3b66efeb0ebda5ef813fa81f829fce,1760123331,2025-10-10T19:08:51.000Z
0x7142ca36bd8b485e63b5cd4242513cca18aee713,0x0000000000000000000000006e621d7039496c2f,64165173,0xce753a96f68f6f2158f97f89b927c507aa3b66efeb0ebda5ef813fa81f829fce,1760123331,2025-10-10T19:08:51.000Z
0x7142ca36bd8b485e63b5cd4242513cca18aee713,0x000000000000000000000000de5b54362e53ef23,64165173,0xce753a96f68f6f2158f97f89b927c507aa3b66efeb0ebda5ef813fa81f829fce,1760123331,2025-10-10T19:08:51.000Z
0xfde60ad344bb6624bd7eb3827a083be8cca79fa2,0x000000000000000000000000c043907e1f36bba3,64165667,0xf93b7a24d70e4af577f6879ae37ecede91fa87194bcbe44920d1cdd05aa2f83e,1760123701,2025-10-10T19:15:01.000Z
0xfde60ad344bb6624bd7eb3827a083be8cca79fa2,0x000000000000000000000000690bcd438c11b2d1,64165667,0xf93b7a24d70e4af577f6879ae37ecede91fa87194bcbe44920d1cdd05aa2f83e,1760123701,2025-10-10T19:15:01.000Z
0xfde60ad344bb6624bd7eb3827a083be8cca79fa2,0x0000000000000000000000006e621d7039496c2f,64165667,0xf93b7a24d70e4af577f6879ae37ecede91fa87194bcbe44920d1cdd05aa2f83e,1760123701,2025-10-10T19:15:01.000Z
0xfde60ad344bb6624bd7eb3827a083be8cca79fa2,0x000000000000000000000000de5b54362e53ef23,64165667,0xf93b7a24d70e4af577f6879ae37ecede91fa87194bcbe44920d1cdd05aa2f83e,1760123701,2025-10-10T19:15:01.000Z
0x10beaf47dfe62523b3b25e13185bf488595d4192,0x000000000000000000000000c043907e1f36bba3,64166427,0x0fe4f67516e26c3d15476c7154064671f03254c92f01f0888608467f979f4d66,1760124271,2025-10-10T19:24:31.000Z
0x10beaf47dfe62523b3b25e13185bf488595d4192,0x000000000000000000000000690bcd438c11b2d1,64166427,0x0fe4f67516e26c3d15476c7154064671f03254c92f01f0888608467f979f4d66,1760124271,2025-10-10T19:24:31.000Z
0x10beaf47dfe62523b3b25e13185bf488595d4192,0x0000000000000000000000006e621d7039496c2f,64166427,0x0fe4f67516e26c3d15476c7154064671f03254c92f01f0888608467f979f4d66,1760124271,2025-10-10T19:24:31.000Z
0x10beaf47dfe62523b3b25e13185bf488595d4192,0x000000000000000000000000de5b54362e53ef23,64166427,0x0fe4f67516e26c3d15476c7154064671f03254c92f01f0888608467f979f4d66,1760124271,2025-10-10T19:24:31.000Z
0xa7cbb4bae18ca189b18d4886dadeb0172d6fb676,0x000000000000000000000000c043907e1f36bba3,64166537,0x15d6e514167c33b2e853a320188b21f0aeb9763e2c94ab4db8033ed484a28990,1760124354,2025-10-10T19:25:54.000Z
0xa7cbb4bae18ca189b18d4886dadeb0172d6fb676,0x000000000000000000000000690bcd438c11b2d1,64166537,0x15d6e514167c33b2e853a320188b21f0aeb9763e2c94ab4db8033ed484a28990,1760124354,2025-10-10T19:25:54.000Z
0xa7cbb4bae18ca189b18d4886dadeb0172d6fb676,0x0000000000000000000000006e621d7039496c2f,64166537,0x15d6e514167c33b2e853a320188b21f0aeb9763e2c94ab4db8033ed484a28990,1760124354,2025-10-10T19:25:54.000Z
0xa7cbb4bae18ca189b18d4886dadeb0172d6fb676,0x000000000000000000000000de5b54362e53ef23,64166537,0x15d6e514167c33b2e853a320188b21f0aeb9763e2c94ab4db8033ed484a28990,1760124354,2025-10-10T19:25:54.000Z
0x376fc753ed41a8bcf539284e19c17733f23724c9,0x000000000000000000000000c043907e1f36bba3,64166661,0xdd1b26407286de4404ccc7092b85d6e6cce5136e70cca48f48886022cfe25299,1760124447,2025-10-10T19:27:27.000Z
0x376fc753ed41a8bcf539284e19c17733f23724c9,0x000000000000000000000000690bcd438c11b2d1,64166661,0xdd1b26407286de4404ccc7092b85d6e6cce5136e70cca48f48886022cfe25299,1760124447,2025-10-10T19:27:27.000Z
0x376fc753ed41a8bcf539284e19c17733f23724c9,0x0000000000000000000000006e621d7039496c2f,64166661,0xdd1b26407286de4404ccc7092b85d6e6cce5136e70cca48f48886022cfe25299,1760124447,2025-10-10T19:27:27.000Z
0x376fc753ed41a8bcf539284e19c17733f23724c9,0x000000000000000000000000de5b54362e53ef23,64166661,0xdd1b26407286de4404ccc7092b85d6e6cce5136e70cca48f48886022cfe25299,1760124447,2025-10-10T19:27:27.000Z
0x0bbe76689b86f32482d4853353abe67afeed2d41,0x000000000000000000000000c043907e1f36bba3,64166763,0x1365a2c5ee910e4dd9ff85bac7b8ff8e4e2c2478ab173effa6c699a320885dab,1760124523,2025-10-10T19:28:43.000Z
0x0bbe76689b86f32482d4853353abe67afeed2d41,0x000000000000000000000000690bcd438c11b2d1,64166763,0x1365a2c5ee910e4dd9ff85bac7b8ff8e4e2c2478ab173effa6c699a320885dab,1760124523,2025-10-10T19:28:43.000Z
0x0bbe76689b86f32482d4853353abe67afeed2d41,0x0000000000000000000000006e621d7039496c2f,64166763,0x1365a2c5ee910e4dd9ff85bac7b8ff8e4e2c2478ab173effa6c699a320885dab,1760124523,2025-10-10T19:28:43.000Z
0x0bbe76689b86f32482d4853353abe67afeed2d41,0x000000000000000000000000de5b54362e53ef23,64166763,0x1365a2c5ee910e4dd9ff85bac7b8ff8e4e2c2478ab173effa6c699a320885dab,1760124523,2025-10-10T19:28:43.000Z
0x29ad7f77f5222db563760b9e121bf2c5a16a9dc9,0x000000000000000000000000c043907e1f36bba3,64166876,0x20a5cfe084ffb9174012732ad5fb83d58cbbcfa9f8e0f7c1e8a3e1d0a48ea103,1760124608,2025-10-10T19:30:08.000Z
0x29ad7f77f5222db563760b9e121bf2c5a16a9dc9,0x000000000000000000000000690bcd438c11b2d1,64166876,0x20a5cfe084ffb9174012732ad5fb83d58cbbcfa9f8e0f7c1e8a3e1d0a48ea103,1760124608,2025-10-10T19:30:08.000Z
0x29ad7f77f5222db563760b9e121bf2c5a16a9dc9,0x0000000000000000000000006e621d7039496c2f,64166876,0x20a5cfe084ffb9174012732ad5fb83d58cbbcfa9f8e0f7c1e8a3e1d0a48ea103,1760124608,2025-10-10T19:30:08.000Z
0x29ad7f77f5222db563760b9e121bf2c5a16a9dc9,0x000000000000000000000000de5b54362e53ef23,64166876,0x20a5cfe084ffb9174012732ad5fb83d58cbbcfa9f8e0f7c1e8a3e1d0a48ea103,1760124608,2025-10-10T19:30:08.000Z
0xb1cb4093c9f44dacc11a3a5aa6da1841c8650107,0x000000000000000000000000c043907e1f36bba3,64166974,0xecc87ac76624a4e4fa95d5a107eb56e84ca1f5e41ff0f405f813c4f038c2c945,1760124682,2025-10-10T19:31:22.000Z
0xb1cb4093c9f44dacc11a3a5aa6da1841c8650107,0x000000000000000000000000690bcd438c11b2d1,64166974,0xecc87ac76624a4e4fa95d5a107eb56e84ca1f5e41ff0f405f813c4f038c2c945,1760124682,2025-10-10T19:31:22.000Z
0xb1cb4093c9f44dacc11a3a5aa6da1841c8650107,0x0000000000000000000000006e621d7039496c2f,64166974,0xecc87ac76624a4e4fa95d5a107eb56e84ca1f5e41ff0f405f813c4f038c2c945,1760124682,2025-10-10T19:31:22.000Z
0xb1cb4093c9f44dacc11a3a5aa6da1841c8650107,0x000000000000000000000000de5b54362e53ef23,64166974,0xecc87ac76624a4e4fa95d5a107eb56e84ca1f5e41ff0f405f813c4f038c2c945,1760124682,2025-10-10T19:31:22.000Z
0x2878ab2b9384e070b55795cd037fd09fc950e8fa,0x000000000000000000000000c043907e1f36bba3,64167073,0x4cd77ad9a85847e292a58b6650018a0d2240e04783f1c8ffadd61dd42d76b6ac,1760124756,2025-10-10T19:32:36.000Z
0x2878ab2b9384e070b55795cd037fd09fc950e8fa,0x000000000000000000000000690bcd438c11b2d1,64167073,0x4cd77ad9a85847e292a58b6650018a0d2240e04783f1c8ffadd61dd42d76b6ac,1760124756,2025-10-10T19:32:36.000Z
0x2878ab2b9384e070b55795cd037fd09fc950e8fa,0x0000000000000000000000006e621d7039496c2f,64167073,0x4cd77ad9a85847e292a58b6650018a0d2240e04783f1c8ffadd61dd42d76b6ac,1760124756,2025-10-10T19:32:36.000Z
0x2878ab2b9384e070b55795cd037fd09fc950e8fa,0x000000000000000000000000de5b54362e53ef23,64167073,0x4cd77ad9a85847e292a58b6650018a0d2240e04783f1c8ffadd61dd42d76b6ac,1760124756,2025-10-10T19:32:36.000Z
0xf40fbb07f0a0306b320a19df1a730b445131a8c2,0x000000000000000000000000c043907e1f36bba3,64167504,0x16bff54fb8c5cf8dd3246b815a9c5d889756fa3843ef17ddd930fe3be3e3bb3a,1760125079,2025-10-10T19:37:59.000Z
0xf40fbb07f0a0306b320a19df1a730b445131a8c2,0x000000000000000000000000690bcd438c11b2d1,64167504,0x16bff54fb8c5cf8dd3246b815a9c5d889756fa3843ef17ddd930fe3be3e3bb3a,1760125079,2025-10-10T19:37:59.000Z
0xf40fbb07f0a0306b320a19df1a730b445131a8c2,0x0000000000000000000000006e621d7039496c2f,64167504,0x16bff54fb8c5cf8dd3246b815a9c5d889756fa3843ef17ddd930fe3be3e3bb3a,1760125079,2025-10-10T19:37:59.000Z
0xf40fbb07f0a0306b320a19df1a730b445131a8c2,0x000000000000000000000000de5b54362e53ef23,64167504,0x16bff54fb8c5cf8dd3246b815a9c5d889756fa3843ef17ddd930fe3be3e3bb3a,1760125079,2025-10-10T19:37:59.000Z
0x47fb121843267d1c7bbbf870e0642751dd49c59b,0x000000000000000000000000c043907e1f36bba3,64167612,0x0299dd467e45853f3d80483823c22bfd21f39144b346711ae573dd4a3ba21eae,1760125160,2025-10-10T19:39:20.000Z
0x47fb121843267d1c7bbbf870e0642751dd49c59b,0x000000000000000000000000690bcd438c11b2d1,64167612,0x0299dd467e45853f3d80483823c22bfd21f39144b346711ae573dd4a3ba21eae,1760125160,2025-10-10T19:39:20.000Z
0x47fb121843267d1c7bbbf870e0642751dd49c59b,0x0000000000000000000000006e621d7039496c2f,64167612,0x0299dd467e45853f3d80483823c22bfd21f39144b346711ae573dd4a3ba21eae,1760125160,2025-10-10T19:39:20.000Z
0x47fb121843267d1c7bbbf870e0642751dd49c59b,0x000000000000000000000000de5b54362e53ef23,64167612,0x0299dd467e45853f3d80483823c22bfd21f39144b346711ae573dd4a3ba21eae,1760125160,2025-10-10T19:39:20.000Z
0x551894c602da64a84832526375745855c92b5175,0x000000000000000000000000c043907e1f36bba3,64167708,0xe3d16bb4d7d3ddc04a1b9dc85c16fa9d1dda1c0c887bd84d66f9cb0aeb2defa7,1760125232,2025-10-10T19:40:32.000Z
0x551894c602da64a84832526375745855c92b5175,0x000000000000000000000000690bcd438c11b2d1,64167708,0xe3d16bb4d7d3ddc04a1b9dc85c16fa9d1dda1c0c887bd84d66f9cb0aeb2defa7,1760125232,2025-10-10T19:40:32.000Z
0x551894c602da64a84832526375745855c92b5175,0x0000000000000000000000006e621d7039496c2f,64167708,0xe3d16bb4d7d3ddc04a1b9dc85c16fa9d1dda1c0c887bd84d66f9cb0aeb2defa7,1760125232,2025-10-10T19:40:32.000Z
0x551894c602da64a84832526375745855c92b5175,0x000000000000000000000000de5b54362e53ef23,64167708,0xe3d16bb4d7d3ddc04a1b9dc85c16fa9d1dda1c0c887bd84d66f9cb0aeb2defa7,1760125232,2025-10-10T19:40:32.000Z
0x43d602bb567c077ac176ea997fccd375d62bec7a,0x000000000000000000000000c043907e1f36bba3,64168163,0x269d0e8ce665e260b564bd0bf52c000344a85c5c862f4295e4c95d330487b5ad,1760125573,2025-10-10T19:46:13.000Z
0x43d602bb567c077ac176ea997fccd375d62bec7a,0x000000000000000000000000690bcd438c11b2d1,64168163,0x269d0e8ce665e260b564bd0bf52c000344a85c5c862f4295e4c95d330487b5ad,1760125573,2025-10-10T19:46:13.000Z
0x43d602bb567c077ac176ea997fccd375d62bec7a,0x0000000000000000000000006e621d7039496c2f,64168163,0x269d0e8ce665e260b564bd0bf52c000344a85c5c862f4295e4c95d330487b5ad,1760125573,2025-10-10T19:46:13.000Z
0x43d602bb567c077ac176ea997fccd375d62bec7a,0x000000000000000000000000de5b54362e53ef23,64168163,0x269d0e8ce665e260b564bd0bf52c000344a85c5c862f4295e4c95d330487b5ad,1760125573,2025-10-10T19:46:13.000Z
0x99652d6e8ca7870e61869eda4efd458531f6fa66,0x000000000000000000000000c043907e1f36bba3,64168719,0x801ce90b82abf2dc3bffca14408b82041e781661899ecf24ae0dac48ea9836f1,1760125990,2025-10-10T19:53:10.000Z
0x99652d6e8ca7870e61869eda4efd458531f6fa66,0x000000000000000000000000690bcd438c11b2d1,64168719,0x801ce90b82abf2dc3bffca14408b82041e781661899ecf24ae0dac48ea9836f1,1760125990,2025-10-10T19:53:10.000Z
0x99652d6e8ca7870e61869eda4efd458531f6fa66,0x0000000000000000000000006e621d7039496c2f,64168719,0x801ce90b82abf2dc3bffca14408b82041e781661899ecf24ae0dac48ea9836f1,1760125990,2025-10-10T19:53:10.000Z
0x99652d6e8ca7870e61869eda4efd458531f6fa66,0x000000000000000000000000de5b54362e53ef23,64168719,0x801ce90b82abf2dc3bffca14408b82041e781661899ecf24ae0dac48ea9836f1,1760125990,2025-10-10T19:53:10.000Z
0x6e4a793445d0853ffd7785d26561198ed89ca646,0x000000000000000000000000c043907e1f36bba3,64168848,0x00c31843cdec2f17311080d4275fa1be42b7ba01a20fefaebc8257589f8bf9f1,1760126087,2025-10-10T19:54:47.000Z
0x6e4a793445d0853ffd7785d26561198ed89ca646,0x000000000000000000000000690bcd438c11b2d1,64168848,0x00c31843cdec2f17311080d4275fa1be42b7ba01a20fefaebc8257589f8bf9f1,1760126087,2025-10-10T19:54:47.000Z
0x6e4a793445d0853ffd7785d26561198ed89ca646,0x0000000000000000000000006e621d7039496c2f,64168848,0x00c31843cdec2f17311080d4275fa1be42b7ba01a20fefaebc8257589f8bf9f1,1760126087,2025-10-10T19:54:47.000Z
0x6e4a793445d0853ffd7785d26561198ed89ca646,0x000000000000000000000000de5b54362e53ef23,64168848,0x00c31843cdec2f17311080d4275fa1be42b7ba01a20fefaebc8257589f8bf9f1,1760126087,2025-10-10T19:54:47.000Z
0x2960bd593903c981618fbb56988696bc1b1adc6f,0x000000000000000000000000c043907e1f36bba3,64169375,0x1ea4e42d0120de2c372246c8b2a2a7b94cedf489097a83b2316ad4ad14fc365a,1760126482,2025-10-10T20:01:22.000Z
0x2960bd593903c981618fbb56988696bc1b1adc6f,0x000000000000000000000000690bcd438c11b2d1,64169375,0x1ea4e42d0120de2c372246c8b2a2a7b94cedf489097a83b2316ad4ad14fc365a,1760126482,2025-10-10T20:01:22.000Z
0x2960bd593903c981618fbb56988696bc1b1adc6f,0x0000000000000000000000006e621d7039496c2f,64169375,0x1ea4e42d0120de2c372246c8b2a2a7b94cedf489097a83b2316ad4ad14fc365a,1760126482,2025-10-10T20:01:22.000Z
0x2960bd593903c981618fbb56988696bc1b1adc6f,0x000000000000000000000000de5b54362e53ef23,64169375,0x1ea4e42d0120de2c372246c8b2a2a7b94cedf489097a83b2316ad4ad14fc365a,1760126482,2025-10-10T20:01:22.000Z
0x7a6e776fa074e14a0ac0580b4ea25b6ac424a373,0x000000000000000000000000383b26b587b5ce6d,64234139,0xb78e53dc8929453e3ce496ee89b2151eea09eeffe5e5c5558c3760b427022e11,1760175063,2025-10-11T09:31:03.000Z
0x7a6e776fa074e14a0ac0580b4ea25b6ac424a373,0x000000000000000000000000a249269b2fec81a2,64234139,0xb78e53dc8929453e3ce496ee89b2151eea09eeffe5e5c5558c3760b427022e11,1760175063,2025-10-11T09:31:03.000Z
0x7a6e776fa074e14a0ac0580b4ea25b6ac424a373,0x000000000000000000000000aded426e16013461,64234139,0xb78e53dc8929453e3ce496ee89b2151eea09eeffe5e5c5558c3760b427022e11,1760175063,2025-10-11T09:31:03.000Z
0x7a6e776fa074e14a0ac0580b4ea25b6ac424a373,0x000000000000000000000000de5b54362e53ef23,64234139,0xb78e53dc8929453e3ce496ee89b2151eea09eeffe5e5c5558c3760b427022e11,1760175063,2025-10-11T09:31:03.000Z
0x2e48d9c49fa9daa1507227982455bd8c49374894,0x000000000000000000000000698defd70116b7f2,64240831,0x6e9fe53a1d4ae359d73b6d6f4f1604c2a97e8c35d05a88dce01031b6b6d0d823,1760180083,2025-10-11T10:54:43.000Z
0x2e48d9c49fa9daa1507227982455bd8c49374894,0x0000000000000000000000002356eedaea55128f,64240831,0x6e9fe53a1d4ae359d73b6d6f4f1604c2a97e8c35d05a88dce01031b6b6d0d823,1760180083,2025-10-11T10:54:43.000Z
0x2e48d9c49fa9daa1507227982455bd8c49374894,0x00000000000000000000000021af484ac218e322,64240831,0x6e9fe53a1d4ae359d73b6d6f4f1604c2a97e8c35d05a88dce01031b6b6d0d823,1760180083,2025-10-11T10:54:43.000Z
0x2e48d9c49fa9daa1507227982455bd8c49374894,0x000000000000000000000000de5b54362e53ef23,64240831,0x6e9fe53a1d4ae359d73b6d6f4f1604c2a97e8c35d05a88dce01031b6b6d0d823,1760180083,2025-10-11T10:54:43.000Z
0xb78e4f8640d662b1f95f309f4674bf6933fb0a93,0x000000000000000000000000195fd033be64ef32,64254895,0x28d3ed37acf8bf9c424488f5327bcc7c37118602ca797fb8c938548042cae70a,1760190632,2025-10-11T13:50:32.000Z
0xb78e4f8640d662b1f95f309f4674bf6933fb0a93,0x0000000000000000000000002356eedaea55128f,64254895,0x28d3ed37acf8bf9c424488f5327bcc7c37118602ca797fb8c938548042cae70a,1760190632,2025-10-11T13:50:32.000Z
0xb78e4f8640d662b1f95f309f4674bf6933fb0a93,0x00000000000000000000000021af484ac218e322,64254895,0x28d3ed37acf8bf9c424488f5327bcc7c37118602ca797fb8c938548042cae70a,1760190632,2025-10-11T13:50:32.000Z
0xb78e4f8640d662b1f95f309f4674bf6933fb0a93,0x000000000000000000000000de5b54362e53ef23,64254895,0x28d3ed37acf8bf9c424488f5327bcc7c37118602ca797fb8c938548042cae70a,1760190632,2025-10-11T13:50:32.000Z
0x91c862cc7301ef21d6cca5761db986a45e1fba46,0x000000000000000000000000698defd70116b7f2,64264490,0x8b50363ecb163dc5fa7af070dc9695abd36630e1b9704a32e066fc82dbea3dea,1760197830,2025-10-11T15:50:30.000Z
0x91c862cc7301ef21d6cca5761db986a45e1fba46,0x0000000000000000000000002356eedaea55128f,64264490,0x8b50363ecb163dc5fa7af070dc9695abd36630e1b9704a32e066fc82dbea3dea,1760197830,2025-10-11T15:50:30.000Z
0x91c862cc7301ef21d6cca5761db986a45e1fba46,0x00000000000000000000000021af484ac218e322,64264490,0x8b50363ecb163dc5fa7af070dc9695abd36630e1b9704a32e066fc82dbea3dea,1760197830,2025-10-11T15:50:30.000Z
0x91c862cc7301ef21d6cca5761db986a45e1fba46,0x000000000000000000000000de5b54362e53ef23,64264490,0x8b50363ecb163dc5fa7af070dc9695abd36630e1b9704a32e066fc82dbea3dea,1760197830,2025-10-11T15:50:30.000Z
0x5e53613a320b25832e39e0474c6ec63cd9b51cc1,0x000000000000000000000000d5517fd226e9a4bc,64294572,0x82db9a4b4122f6bb71f83088378a4446847d4d68c0dba0451be1a176d52767df,1760220393,2025-10-11T22:06:33.000Z
0x5e53613a320b25832e39e0474c6ec63cd9b51cc1,0x00000000000000000000000015ade19111a3e80f,64294572,0x82db9a4b4122f6bb71f83088378a4446847d4d68c0dba0451be1a176d52767df,1760220393,2025-10-11T22:06:33.000Z
0x5e53613a320b25832e39e0474c6ec63cd9b51cc1,0x0000000000000000000000006ffeb2bfc1f2c9d1,64294572,0x82db9a4b4122f6bb71f83088378a4446847d4d68c0dba0451be1a176d52767df,1760220393,2025-10-11T22:06:33.000Z
0x5e53613a320b25832e39e0474c6ec63cd9b51cc1,0x000000000000000000000000de5b54362e53ef23,64294572,0x82db9a4b4122f6bb71f83088378a4446847d4d68c0dba0451be1a176d52767df,1760220393,2025-10-11T22:06:33.000Z
0xe5ed4bf5473997b7cc07b11d7ba1c04c1dfacc3a,0x000000000000000000000000b78e4f8640d662b1,64333467,0xd04d4ab388b2643dc96a785f48f4a74a3c4a96aee1a59866cbfb30b1c1029908,1760249568,2025-10-12T06:12:48.000Z
0xe5ed4bf5473997b7cc07b11d7ba1c04c1dfacc3a,0x000000000000000000000000195fd033be64ef32,64333467,0xd04d4ab388b2643dc96a785f48f4a74a3c4a96aee1a59866cbfb30b1c1029908,1760249568,2025-10-12T06:12:48.000Z
0xe5ed4bf5473997b7cc07b11d7ba1c04c1dfacc3a,0x0000000000000000000000002356eedaea55128f,64333467,0xd04d4ab388b2643dc96a785f48f4a74a3c4a96aee1a59866cbfb30b1c1029908,1760249568,2025-10-12T06:12:48.000Z
0xe5ed4bf5473997b7cc07b11d7ba1c04c1dfacc3a,0x000000000000000000000000de5b54362e53ef23,64333467,0xd04d4ab388b2643dc96a785f48f4a74a3c4a96aee1a59866cbfb30b1c1029908,1760249568,2025-10-12T06:12:48.000Z
0xe646d84e7928641b2e98e7e644d8b5310b06166c,0x0000000000000000000000007a6e776fa074e14a,64336439,0x92ba9914fd412ae03d76906d227d97dce5299d7a46e2a0b4a4e5048d6d17e88f,1760251797,2025-10-12T06:49:57.000Z
0xe646d84e7928641b2e98e7e644d8b5310b06166c,0x000000000000000000000000383b26b587b5ce6d,64336439,0x92ba9914fd412ae03d76906d227d97dce5299d7a46e2a0b4a4e5048d6d17e88f,1760251797,2025-10-12T06:49:57.000Z
0xe646d84e7928641b2e98e7e644d8b5310b06166c,0x000000000000000000000000a249269b2fec81a2,64336439,0x92ba9914fd412ae03d76906d227d97dce5299d7a46e2a0b4a4e5048d6d17e88f,1760251797,2025-10-12T06:49:57.000Z
0xe646d84e7928641b2e98e7e644d8b5310b06166c,0x000000000000000000000000de5b54362e53ef23,64336439,0x92ba9914fd412ae03d76906d227d97dce5299d7a46e2a0b4a4e5048d6d17e88f,1760251797,2025-10-12T06:49:57.000Z
0x90eac91b0fe3ba4964210aa345814d5cccc6bcd3,0x000000000000000000000000b78e4f8640d662b1,64340334,0x2bd641c60ab825816cde248596145104f3279ef43577a54d66ec807ae7c035a1,1760254719,2025-10-12T07:38:39.000Z
0x90eac91b0fe3ba4964210aa345814d5cccc6bcd3,0x000000000000000000000000195fd033be64ef32,64340334,0x2bd641c60ab825816cde248596145104f3279ef43577a54d66ec807ae7c035a1,1760254719,2025-10-12T07:38:39.000Z
0x90eac91b0fe3ba4964210aa345814d5cccc6bcd3,0x0000000000000000000000002356eedaea55128f,64340334,0x2bd641c60ab825816cde248596145104f3279ef43577a54d66ec807ae7c035a1,1760254719,2025-10-12T07:38:39.000Z
0x90eac91b0fe3ba4964210aa345814d5cccc6bcd3,0x000000000000000000000000de5b54362e53ef23,64340334,0x2bd641c60ab825816cde248596145104f3279ef43577a54d66ec807ae7c035a1,1760254719,2025-10-12T07:38:39.000Z
0x8d8f5e3f19e44ac0c7bde32f642ebf9c79d4bbc3,0x000000000000000000000000e646d84e7928641b,64346724,0x8aa2103c53929ac75849c8daac5b2426bc29147b854899f0179883575b74cab5,1760259512,2025-10-12T08:58:32.000Z
0x8d8f5e3f19e44ac0c7bde32f642ebf9c79d4bbc3,0x0000000000000000000000007a6e776fa074e14a,64346724,0x8aa2103c53929ac75849c8daac5b2426bc29147b854899f0179883575b74cab5,1760259512,2025-10-12T08:58:32.000Z
0x8d8f5e3f19e44ac0c7bde32f642ebf9c79d4bbc3,0x000000000000000000000000383b26b587b5ce6d,64346724,0x8aa2103c53929ac75849c8daac5b2426bc29147b854899f0179883575b74cab5,1760259512,2025-10-12T08:58:32.000Z
0x8d8f5e3f19e44ac0c7bde32f642ebf9c79d4bbc3,0x000000000000000000000000de5b54362e53ef23,64346724,0x8aa2103c53929ac75849c8daac5b2426bc29147b854899f0179883575b74cab5,1760259512,2025-10-12T08:58:32.000Z
0xd02acd0a4d3ce3eed0370bf3282f1613a994899a,0x000000000000000000000000ceba129e0462c7e5,64384806,0x418eef188d2e635088f734110cb0da061cf6c6b268d042d812407f4f2f07fdd3,1760288079,2025-10-12T16:54:39.000Z
0xd02acd0a4d3ce3eed0370bf3282f1613a994899a,0x000000000000000000000000c0db02f3b35ee917,64384806,0x418eef188d2e635088f734110cb0da061cf6c6b268d042d812407f4f2f07fdd3,1760288079,2025-10-12T16:54:39.000Z
0xd02acd0a4d3ce3eed0370bf3282f1613a994899a,0x000000000000000000000000509aad7bc34a1474,64384806,0x418eef188d2e635088f734110cb0da061cf6c6b268d042d812407f4f2f07fdd3,1760288079,2025-10-12T16:54:39.000Z
0xd02acd0a4d3ce3eed0370bf3282f1613a994899a,0x000000000000000000000000de5b54362e53ef23,64384806,0x418eef188d2e635088f734110cb0da061cf6c6b268d042d812407f4f2f07fdd3,1760288079,2025-10-12T16:54:39.000Z
0x93bfdbae0460eb1eb03677540cb8bb129ad0990c,0x000000000000000000000000b78e4f8640d662b1,64458432,0x9fb10b105f956d1830b59a08aba170879972b508c63fa2d596e59ebcc6d5d935,1760343305,2025-10-13T08:15:05.000Z
0x93bfdbae0460eb1eb03677540cb8bb129ad0990c,0x000000000000000000000000195fd033be64ef32,64458432,0x9fb10b105f956d1830b59a08aba170879972b508c63fa2d596e59ebcc6d5d935,1760343305,2025-10-13T08:15:05.000Z
0x93bfdbae0460eb1eb03677540cb8bb129ad0990c,0x0000000000000000000000002356eedaea55128f,64458432,0x9fb10b105f956d1830b59a08aba170879972b508c63fa2d596e59ebcc6d5d935,1760343305,2025-10-13T08:15:05.000Z
0x93bfdbae0460eb1eb03677540cb8bb129ad0990c,0x000000000000000000000000de5b54362e53ef23,64458432,0x9fb10b105f956d1830b59a08aba170879972b508c63fa2d596e59ebcc6d5d935,1760343305,2025-10-13T08:15:05.000Z
0x02a1639536b7d1066d3caad7d91dba798a136941,0x000000000000000000000000feeb76b397084cfe,64570159,0x8f8663e59809bb270665ecdc053074e6e55a9653a79b3bf6a597cc1490fdb3d7,1760427117,2025-10-14T07:31:57.000Z
0x02a1639536b7d1066d3caad7d91dba798a136941,0x000000000000000000000000524ad71c5d57ad62,64570159,0x8f8663e59809bb270665ecdc053074e6e55a9653a79b3bf6a597cc1490fdb3d7,1760427117,2025-10-14T07:31:57.000Z
0x02a1639536b7d1066d3caad7d91dba798a136941,0x000000000000000000000000195fd033be64ef32,64570159,0x8f8663e59809bb270665ecdc053074e6e55a9653a79b3bf6a597cc1490fdb3d7,1760427117,2025-10-14T07:31:57.000Z
0x02a1639536b7d1066d3caad7d91dba798a136941,0x000000000000000000000000de5b54362e53ef23,64570159,0x8f8663e59809bb270665ecdc053074e6e55a9653a79b3bf6a597cc1490fdb3d7,1760427117,2025-10-14T07:31:57.000Z
0x01f532935fd83caafef4e610eafca22498300233,0x000000000000000000000000fc711d1eec2f1188,64570309,0x2a413858854dbebfd5e1d65e51c38ee3ee839e8b72b791ea816e848da25fdb41,1760427230,2025-10-14T07:33:50.000Z
0x01f532935fd83caafef4e610eafca22498300233,0x000000000000000000000000001cf5a7520a553f,64570309,0x2a413858854dbebfd5e1d65e51c38ee3ee839e8b72b791ea816e848da25fdb41,1760427230,2025-10-14T07:33:50.000Z
0x01f532935fd83caafef4e610eafca22498300233,0x000000000000000000000000107bb14cc71a278e,64570309,0x2a413858854dbebfd5e1d65e51c38ee3ee839e8b72b791ea816e848da25fdb41,1760427230,2025-10-14T07:33:50.000Z
0x01f532935fd83caafef4e610eafca22498300233,0x000000000000000000000000de5b54362e53ef23,64570309,0x2a413858854dbebfd5e1d65e51c38ee3ee839e8b72b791ea816e848da25fdb41,1760427230,2025-10-14T07:33:50.000Z
0xf917ba4a735fa6935c53f1b41756851e09413157,0x000000000000000000000000fc711d1eec2f1188,64597074,0xf4bef3ecdd717c02a8e0c0ccd1ab36ab97931fd13177f0b3773bbe1a03ae8ff4,1760447307,2025-10-14T13:08:27.000Z
0xf917ba4a735fa6935c53f1b41756851e09413157,0x000000000000000000000000001cf5a7520a553f,64597074,0xf4bef3ecdd717c02a8e0c0ccd1ab36ab97931fd13177f0b3773bbe1a03ae8ff4,1760447307,2025-10-14T13:08:27.000Z
0xf917ba4a735fa6935c53f1b41756851e09413157,0x000000000000000000000000107bb14cc71a278e,64597074,0xf4bef3ecdd717c02a8e0c0ccd1ab36ab97931fd13177f0b3773bbe1a03ae8ff4,1760447307,2025-10-14T13:08:27.000Z
0xf917ba4a735fa6935c53f1b41756851e09413157,0x000000000000000000000000de5b54362e53ef23,64597074,0xf4bef3ecdd717c02a8e0c0ccd1ab36ab97931fd13177f0b3773bbe1a03ae8ff4,1760447307,2025-10-14T13:08:27.000Z
0xaa1803c2caac3db90258e50ecc99965873bc2dae,0x00000000000000000000000054baadf42ac2c2ad,64619937,0x58a622859f6a6059b7fc9b464b87a9356074b3dbeb7533d37022fba7d637e649,1760464457,2025-10-14T17:54:17.000Z
0xaa1803c2caac3db90258e50ecc99965873bc2dae,0x00000000000000000000000092d6d3fbe4067a2f,64619937,0x58a622859f6a6059b7fc9b464b87a9356074b3dbeb7533d37022fba7d637e649,1760464457,2025-10-14T17:54:17.000Z
0xaa1803c2caac3db90258e50ecc99965873bc2dae,0x0000000000000000000000008d66facd7673f48c,64619937,0x58a622859f6a6059b7fc9b464b87a9356074b3dbeb7533d37022fba7d637e649,1760464457,2025-10-14T17:54:17.000Z
0xaa1803c2caac3db90258e50ecc99965873bc2dae,0x000000000000000000000000de5b54362e53ef23,64619937,0x58a622859f6a6059b7fc9b464b87a9356074b3dbeb7533d37022fba7d637e649,1760464457,2025-10-14T17:54:17.000Z
0xda1c6741b96d76596fe91e4ca02b47b33dbc21ec,0x000000000000000000000000b78e4f8640d662b1,64673731,0xf2a0c2725929520024e19e48df60775e44ba2034c92055a13f2852a011b44584,1760504808,2025-10-15T05:06:48.000Z
0xda1c6741b96d76596fe91e4ca02b47b33dbc21ec,0x000000000000000000000000195fd033be64ef32,64673731,0xf2a0c2725929520024e19e48df60775e44ba2034c92055a13f2852a011b44584,1760504808,2025-10-15T05:06:48.000Z
0xda1c6741b96d76596fe91e4ca02b47b33dbc21ec,0x0000000000000000000000002356eedaea55128f,64673731,0xf2a0c2725929520024e19e48df60775e44ba2034c92055a13f2852a011b44584,1760504808,2025-10-15T05:06:48.000Z
0xda1c6741b96d76596fe91e4ca02b47b33dbc21ec,0x000000000000000000000000de5b54362e53ef23,64673731,0xf2a0c2725929520024e19e48df60775e44ba2034c92055a13f2852a011b44584,1760504808,2025-10-15T05:06:48.000Z
0x7acefd07bc0de59782c7e0250cee4112ac638e30,0x000000000000000000000000c352463c8174920d,64685251,0x22d322a63ab7d7f8d5ce61256648996a2ca343535d5f676839ae7f46ccfbd7dc,1760513448,2025-10-15T07:30:48.000Z
0x7acefd07bc0de59782c7e0250cee4112ac638e30,0x0000000000000000000000004fc4b98950db0f04,64685251,0x22d322a63ab7d7f8d5ce61256648996a2ca343535d5f676839ae7f46ccfbd7dc,1760513448,2025-10-15T07:30:48.000Z
0x7acefd07bc0de59782c7e0250cee4112ac638e30,0x0000000000000000000000001b49e177b8dfe3fe,64685251,0x22d322a63ab7d7f8d5ce61256648996a2ca343535d5f676839ae7f46ccfbd7dc,1760513448,2025-10-15T07:30:48.000Z
0x7acefd07bc0de59782c7e0250cee4112ac638e30,0x000000000000000000000000de5b54362e53ef23,64685251,0x22d322a63ab7d7f8d5ce61256648996a2ca343535d5f676839ae7f46ccfbd7dc,1760513448,2025-10-15T07:30:48.000Z
0xe84ac20c0eeb0ccf589964f80a328aa2a41823e5,0x00000000000000000000000093bfdbae0460eb1e,64692018,0x6d9c575900cff84125843f8b97f06173e792c57eff92339c99aee30f4333e912,1760518528,2025-10-15T08:55:28.000Z
0xe84ac20c0eeb0ccf589964f80a328aa2a41823e5,0x000000000000000000000000b78e4f8640d662b1,64692018,0x6d9c575900cff84125843f8b97f06173e792c57eff92339c99aee30f4333e912,1760518528,2025-10-15T08:55:28.000Z
0xe84ac20c0eeb0ccf589964f80a328aa2a41823e5,0x000000000000000000000000195fd033be64ef32,64692018,0x6d9c575900cff84125843f8b97f06173e792c57eff92339c99aee30f4333e912,1760518528,2025-10-15T08:55:28.000Z
0xe84ac20c0eeb0ccf589964f80a328aa2a41823e5,0x000000000000000000000000de5b54362e53ef23,64692018,0x6d9c575900cff84125843f8b97f06173e792c57eff92339c99aee30f4333e912,1760518528,2025-10-15T08:55:28.000Z
0xaeff98aa71ec18ce4d293f1da08dcd2133835123,0x0000000000000000000000008d8f5e3f19e44ac0,64711996,0x9ccd1580618f842ceda9e5f5a680fac01fa2bd239866306a3c9e74edbec1b538,1760533513,2025-10-15T13:05:13.000Z
0xaeff98aa71ec18ce4d293f1da08dcd2133835123,0x000000000000000000000000e646d84e7928641b,64711996,0x9ccd1580618f842ceda9e5f5a680fac01fa2bd239866306a3c9e74edbec1b538,1760533513,2025-10-15T13:05:13.000Z
0xaeff98aa71ec18ce4d293f1da08dcd2133835123,0x0000000000000000000000007a6e776fa074e14a,64711996,0x9ccd1580618f842ceda9e5f5a680fac01fa2bd239866306a3c9e74edbec1b538,1760533513,2025-10-15T13:05:13.000Z
0xaeff98aa71ec18ce4d293f1da08dcd2133835123,0x000000000000000000000000de5b54362e53ef23,64711996,0x9ccd1580618f842ceda9e5f5a680fac01fa2bd239866306a3c9e74edbec1b538,1760533513,2025-10-15T13:05:13.000Z
0xd844489f5ec7c0fa119804a56ece58e0cd01a4b8,0x000000000000000000000000afc5348925afe255,64713996,0x33f3f6febaa8b5520af57c2ba3c33bdecabb6e2cc59ec4680c8136d4524d8592,1760535013,2025-10-15T13:30:13.000Z
0xd844489f5ec7c0fa119804a56ece58e0cd01a4b8,0x000000000000000000000000bf0a4c6dacfccbce,64713996,0x33f3f6febaa8b5520af57c2ba3c33bdecabb6e2cc59ec4680c8136d4524d8592,1760535013,2025-10-15T13:30:13.000Z
0xd844489f5ec7c0fa119804a56ece58e0cd01a4b8,0x000000000000000000000000bd3a2115cd56b1c2,64713996,0x33f3f6febaa8b5520af57c2ba3c33bdecabb6e2cc59ec4680c8136d4524d8592,1760535013,2025-10-15T13:30:13.000Z
0xd844489f5ec7c0fa119804a56ece58e0cd01a4b8,0x000000000000000000000000de5b54362e53ef23,64713996,0x33f3f6febaa8b5520af57c2ba3c33bdecabb6e2cc59ec4680c8136d4524d8592,1760535013,2025-10-15T13:30:13.000Z
0xbb243e306c2a7699b52348e44437c28c5e0b9792,0x000000000000000000000000fc711d1eec2f1188,64716790,0xc42793b57f00f8ef5d942f8305682dccd66a278fe0e5cfa886dd66df01166b6b,1760537109,2025-10-15T14:05:09.000Z
0xbb243e306c2a7699b52348e44437c28c5e0b9792,0x000000000000000000000000001cf5a7520a553f,64716790,0xc42793b57f00f8ef5d942f8305682dccd66a278fe0e5cfa886dd66df01166b6b,1760537109,2025-10-15T14:05:09.000Z
0xbb243e306c2a7699b52348e44437c28c5e0b9792,0x000000000000000000000000107bb14cc71a278e,64716790,0xc42793b57f00f8ef5d942f8305682dccd66a278fe0e5cfa886dd66df01166b6b,1760537109,2025-10-15T14:05:09.000Z
0xbb243e306c2a7699b52348e44437c28c5e0b9792,0x000000000000000000000000de5b54362e53ef23,64716790,0xc42793b57f00f8ef5d942f8305682dccd66a278fe0e5cfa886dd66df01166b6b,1760537109,2025-10-15T14:05:09.000Z
0x78bd22fc471196d30e45c3ba7c6c37d9d9335823,0x000000000000000000000000fcea48d87b522630,64736200,0xa35f02a9ae0ad8d8b12c3d0eabfa2cb11138e9dff10640b6f93a22022773451f,1760551668,2025-10-15T18:07:48.000Z
0x78bd22fc471196d30e45c3ba7c6c37d9d9335823,0x000000000000000000000000a3beed4a3ec3bbd1,64736200,0xa35f02a9ae0ad8d8b12c3d0eabfa2cb11138e9dff10640b6f93a22022773451f,1760551668,2025-10-15T18:07:48.000Z
0x78bd22fc471196d30e45c3ba7c6c37d9d9335823,0x000000000000000000000000aafda259ae041fcc,64736200,0xa35f02a9ae0ad8d8b12c3d0eabfa2cb11138e9dff10640b6f93a22022773451f,1760551668,2025-10-15T18:07:48.000Z
0x78bd22fc471196d30e45c3ba7c6c37d9d9335823,0x000000000000000000000000de5b54362e53ef23,64736200,0xa35f02a9ae0ad8d8b12c3d0eabfa2cb11138e9dff10640b6f93a22022773451f,1760551668,2025-10-15T18:07:48.000Z
0x0a411f8cc65b6d245aee900f1bb4d99f12ab2b8d,0x00000000000000000000000078bd22fc471196d3,64738927,0x285d84e6d39734ca214e8e6ac2a484ac585cb2ed5c8b3eee297052505b6e04e9,1760553713,2025-10-15T18:41:53.000Z
0x0a411f8cc65b6d245aee900f1bb4d99f12ab2b8d,0x000000000000000000000000fcea48d87b522630,64738927,0x285d84e6d39734ca214e8e6ac2a484ac585cb2ed5c8b3eee297052505b6e04e9,1760553713,2025-10-15T18:41:53.000Z
0x0a411f8cc65b6d245aee900f1bb4d99f12ab2b8d,0x000000000000000000000000a3beed4a3ec3bbd1,64738927,0x285d84e6d39734ca214e8e6ac2a484ac585cb2ed5c8b3eee297052505b6e04e9,1760553713,2025-10-15T18:41:53.000Z
0x0a411f8cc65b6d245aee900f1bb4d99f12ab2b8d,0x000000000000000000000000de5b54362e53ef23,64738927,0x285d84e6d39734ca214e8e6ac2a484ac585cb2ed5c8b3eee297052505b6e04e9,1760553713,2025-10-15T18:41:53.000Z
0x7a85fa35805b2d3a83d63a6a27a53a83dd305ff4,0x0000000000000000000000000a411f8cc65b6d24,64739834,0x5af9dbd6a25b1f9910c0f5fb853afeeeb0b6afa1796213e13a1d2f26611276df,1760554393,2025-10-15T18:53:13.000Z
0x7a85fa35805b2d3a83d63a6a27a53a83dd305ff4,0x00000000000000000000000078bd22fc471196d3,64739834,0x5af9dbd6a25b1f9910c0f5fb853afeeeb0b6afa1796213e13a1d2f26611276df,1760554393,2025-10-15T18:53:13.000Z
0x7a85fa35805b2d3a83d63a6a27a53a83dd305ff4,0x000000000000000000000000fcea48d87b522630,64739834,0x5af9dbd6a25b1f9910c0f5fb853afeeeb0b6afa1796213e13a1d2f26611276df,1760554393,2025-10-15T18:53:13.000Z
0x7a85fa35805b2d3a83d63a6a27a53a83dd305ff4,0x000000000000000000000000de5b54362e53ef23,64739834,0x5af9dbd6a25b1f9910c0f5fb853afeeeb0b6afa1796213e13a1d2f26611276df,1760554393,2025-10-15T18:53:13.000Z
0xde179f029be4b9f2aa31525789f8905f0de9ac88,0x00000000000000000000000041fa7ea2c359a2f0,64780035,0xd8bc566ec7eff86f4b8bda6a958849804ad1848b0f5167cad0042e7ce1c6a28e,1760584548,2025-10-16T03:15:48.000Z
0xde179f029be4b9f2aa31525789f8905f0de9ac88,0x00000000000000000000000002d32f712712df82,64780035,0xd8bc566ec7eff86f4b8bda6a958849804ad1848b0f5167cad0042e7ce1c6a28e,1760584548,2025-10-16T03:15:48.000Z
0xde179f029be4b9f2aa31525789f8905f0de9ac88,0x00000000000000000000000092d6d3fbe4067a2f,64780035,0xd8bc566ec7eff86f4b8bda6a958849804ad1848b0f5167cad0042e7ce1c6a28e,1760584548,2025-10-16T03:15:48.000Z
0xde179f029be4b9f2aa31525789f8905f0de9ac88,0x000000000000000000000000de5b54362e53ef23,64780035,0xd8bc566ec7eff86f4b8bda6a958849804ad1848b0f5167cad0042e7ce1c6a28e,1760584548,2025-10-16T03:15:48.000Z
0x703e6e0fa4226641cdcae0b953bb6b601de4e2c5,0x000000000000000000000000651f24ebbe57969d,64783873,0x85a8126cc6b45db59c059d220e85b64e11a7e7f5b4bee24ff2fcf53ddac424ec,1760587428,2025-10-16T04:03:48.000Z
0x703e6e0fa4226641cdcae0b953bb6b601de4e2c5,0x000000000000000000000000feeb76b397084cfe,64783873,0x85a8126cc6b45db59c059d220e85b64e11a7e7f5b4bee24ff2fcf53ddac424ec,1760587428,2025-10-16T04:03:48.000Z
0x703e6e0fa4226641cdcae0b953bb6b601de4e2c5,0x000000000000000000000000524ad71c5d57ad62,64783873,0x85a8126cc6b45db59c059d220e85b64e11a7e7f5b4bee24ff2fcf53ddac424ec,1760587428,2025-10-16T04:03:48.000Z
0x703e6e0fa4226641cdcae0b953bb6b601de4e2c5,0x000000000000000000000000de5b54362e53ef23,64783873,0x85a8126cc6b45db59c059d220e85b64e11a7e7f5b4bee24ff2fcf53ddac424ec,1760587428,2025-10-16T04:03:48.000Z
0xc2f80f1997092bb39dc1f5470f5521b10281f4a2,0x000000000000000000000000aeff98aa71ec18ce,64788315,0x2a8598cccaf6aa9d23a39ced3a164ee867265231ac2ce886107c99c676d3b6cb,1760590759,2025-10-16T04:59:19.000Z
0xc2f80f1997092bb39dc1f5470f5521b10281f4a2,0x0000000000000000000000008d8f5e3f19e44ac0,64788315,0x2a8598cccaf6aa9d23a39ced3a164ee867265231ac2ce886107c99c676d3b6cb,1760590759,2025-10-16T04:59:19.000Z
0xc2f80f1997092bb39dc1f5470f5521b10281f4a2,0x000000000000000000000000e646d84e7928641b,64788315,0x2a8598cccaf6aa9d23a39ced3a164ee867265231ac2ce886107c99c676d3b6cb,1760590759,2025-10-16T04:59:19.000Z
0xc2f80f1997092bb39dc1f5470f5521b10281f4a2,0x000000000000000000000000de5b54362e53ef23,64788315,0x2a8598cccaf6aa9d23a39ced3a164ee867265231ac2ce886107c99c676d3b6cb,1760590759,2025-10-16T04:59:19.000Z
0xd061fa32cc1cb12a1910a1a0d9387f79f6189412,0x000000000000000000000000195fd033be64ef32,64790379,0x2b8705522300fc48d84bd623f451a02ec47c8aecfd1f2d8a6624e7aafb454b15,1760592309,2025-10-16T05:25:09.000Z
0xd061fa32cc1cb12a1910a1a0d9387f79f6189412,0x0000000000000000000000002356eedaea55128f,64790379,0x2b8705522300fc48d84bd623f451a02ec47c8aecfd1f2d8a6624e7aafb454b15,1760592309,2025-10-16T05:25:09.000Z
0xd061fa32cc1cb12a1910a1a0d9387f79f6189412,0x00000000000000000000000021af484ac218e322,64790379,0x2b8705522300fc48d84bd623f451a02ec47c8aecfd1f2d8a6624e7aafb454b15,1760592309,2025-10-16T05:25:09.000Z
0xd061fa32cc1cb12a1910a1a0d9387f79f6189412,0x000000000000000000000000de5b54362e53ef23,64790379,0x2b8705522300fc48d84bd623f451a02ec47c8aecfd1f2d8a6624e7aafb454b15,1760592309,2025-10-16T05:25:09.000Z
0x9c8a7c2a74fb948db3c2fc67e6ce9035b6f8116f,0x000000000000000000000000c2f80f1997092bb3,64794574,0xe48a9f8d496513d0ff9adede8f5b20ffdd22ece7fda7f6d305109a53108bd8f4,1760595455,2025-10-16T06:17:35.000Z
0x9c8a7c2a74fb948db3c2fc67e6ce9035b6f8116f,0x000000000000000000000000aeff98aa71ec18ce,64794574,0xe48a9f8d496513d0ff9adede8f5b20ffdd22ece7fda7f6d305109a53108bd8f4,1760595455,2025-10-16T06:17:35.000Z
0x9c8a7c2a74fb948db3c2fc67e6ce9035b6f8116f,0x0000000000000000000000008d8f5e3f19e44ac0,64794574,0xe48a9f8d496513d0ff9adede8f5b20ffdd22ece7fda7f6d305109a53108bd8f4,1760595455,2025-10-16T06:17:35.000Z
0x9c8a7c2a74fb948db3c2fc67e6ce9035b6f8116f,0x000000000000000000000000de5b54362e53ef23,64794574,0xe48a9f8d496513d0ff9adede8f5b20ffdd22ece7fda7f6d305109a53108bd8f4,1760595455,2025-10-16T06:17:35.000Z
0x1a603734036e4f12ce6c9a433a43cfba0c1d6997,0x0000000000000000000000009c8a7c2a74fb948d,64794963,0xd0e129229c3ad847fd068e8cb32071061b56459d194d643efac2ec09d995234d,1760595747,2025-10-16T06:22:27.000Z
0x1a603734036e4f12ce6c9a433a43cfba0c1d6997,0x000000000000000000000000c2f80f1997092bb3,64794963,0xd0e129229c3ad847fd068e8cb32071061b56459d194d643efac2ec09d995234d,1760595747,2025-10-16T06:22:27.000Z
0x1a603734036e4f12ce6c9a433a43cfba0c1d6997,0x000000000000000000000000aeff98aa71ec18ce,64794963,0xd0e129229c3ad847fd068e8cb32071061b56459d194d643efac2ec09d995234d,1760595747,2025-10-16T06:22:27.000Z
0x1a603734036e4f12ce6c9a433a43cfba0c1d6997,0x000000000000000000000000de5b54362e53ef23,64794963,0xd0e129229c3ad847fd068e8cb32071061b56459d194d643efac2ec09d995234d,1760595747,2025-10-16T06:22:27.000Z
0x4e42fd73869866f09aa96b600d6e2a1195756399,0x00000000000000000000000093bfdbae0460eb1e,64809538,0x3165887e6c413f7cfca71319c8f5a1d01cad14b87d6411697cb53864572b91e1,1760606679,2025-10-16T09:24:39.000Z
0x4e42fd73869866f09aa96b600d6e2a1195756399,0x000000000000000000000000b78e4f8640d662b1,64809538,0x3165887e6c413f7cfca71319c8f5a1d01cad14b87d6411697cb53864572b91e1,1760606679,2025-10-16T09:24:39.000Z
0x4e42fd73869866f09aa96b600d6e2a1195756399,0x000000000000000000000000195fd033be64ef32,64809538,0x3165887e6c413f7cfca71319c8f5a1d01cad14b87d6411697cb53864572b91e1,1760606679,2025-10-16T09:24:39.000Z
0x4e42fd73869866f09aa96b600d6e2a1195756399,0x000000000000000000000000de5b54362e53ef23,64809538,0x3165887e6c413f7cfca71319c8f5a1d01cad14b87d6411697cb53864572b91e1,1760606679,2025-10-16T09:24:39.000Z
0x764bbfa00f316778d9dc04329e84e871c6ee0f4e,0x00000000000000000000000000e1d66a04f1a4d3,64817538,0x5cb2aec9ef55c3ed770a4a08ab9a7838c43ba15caeff526d742cefce2f1ccd38,1760612680,2025-10-16T11:04:40.000Z
0x764bbfa00f316778d9dc04329e84e871c6ee0f4e,0x000000000000000000000000ea2d9c6defc5808b,64817538,0x5cb2aec9ef55c3ed770a4a08ab9a7838c43ba15caeff526d742cefce2f1ccd38,1760612680,2025-10-16T11:04:40.000Z
0x764bbfa00f316778d9dc04329e84e871c6ee0f4e,0x000000000000000000000000107bb14cc71a278e,64817538,0x5cb2aec9ef55c3ed770a4a08ab9a7838c43ba15caeff526d742cefce2f1ccd38,1760612680,2025-10-16T11:04:40.000Z
0x764bbfa00f316778d9dc04329e84e871c6ee0f4e,0x000000000000000000000000de5b54362e53ef23,64817538,0x5cb2aec9ef55c3ed770a4a08ab9a7838c43ba15caeff526d742cefce2f1ccd38,1760612680,2025-10-16T11:04:40.000Z
0xbef871b38229149f41482e4bc4a4a451ef24b695,0x0000000000000000000000001a603734036e4f12,64826302,0x7703a8bac7b51e23d60e25bb94efb34b85417613538a8bd8e27f1a84960bce56,1760619256,2025-10-16T12:54:16.000Z
0xbef871b38229149f41482e4bc4a4a451ef24b695,0x0000000000000000000000009c8a7c2a74fb948d,64826302,0x7703a8bac7b51e23d60e25bb94efb34b85417613538a8bd8e27f1a84960bce56,1760619256,2025-10-16T12:54:16.000Z
0xbef871b38229149f41482e4bc4a4a451ef24b695,0x000000000000000000000000c2f80f1997092bb3,64826302,0x7703a8bac7b51e23d60e25bb94efb34b85417613538a8bd8e27f1a84960bce56,1760619256,2025-10-16T12:54:16.000Z
0xbef871b38229149f41482e4bc4a4a451ef24b695,0x000000000000000000000000de5b54362e53ef23,64826302,0x7703a8bac7b51e23d60e25bb94efb34b85417613538a8bd8e27f1a84960bce56,1760619256,2025-10-16T12:54:16.000Z
0xf142c7bc83602718d4c89ea4e715795e3672b15a,0x000000000000000000000000bef871b38229149f,64826985,0x7c8f7e83c6933266eac8e44f2cfafd62fc003edbb33f39d419848c099854f2d8,1760619768,2025-10-16T13:02:48.000Z
0xf142c7bc83602718d4c89ea4e715795e3672b15a,0x0000000000000000000000001a603734036e4f12,64826985,0x7c8f7e83c6933266eac8e44f2cfafd62fc003edbb33f39d419848c099854f2d8,1760619768,2025-10-16T13:02:48.000Z
0xf142c7bc83602718d4c89ea4e715795e3672b15a,0x0000000000000000000000009c8a7c2a74fb948d,64826985,0x7c8f7e83c6933266eac8e44f2cfafd62fc003edbb33f39d419848c099854f2d8,1760619768,2025-10-16T13:02:48.000Z
0xf142c7bc83602718d4c89ea4e715795e3672b15a,0x000000000000000000000000de5b54362e53ef23,64826985,0x7c8f7e83c6933266eac8e44f2cfafd62fc003edbb33f39d419848c099854f2d8,1760619768,2025-10-16T13:02:48.000Z
0x965a953c8dbd9ec91e36f1fcd01266b763ceefa8,0x000000000000000000000000f142c7bc83602718,64827268,0xe28e99ecf1831ac30a680a7ab816149f178403ac026990b6b85d80307b8d5ab4,1760619980,2025-10-16T13:06:20.000Z
0x965a953c8dbd9ec91e36f1fcd01266b763ceefa8,0x000000000000000000000000bef871b38229149f,64827268,0xe28e99ecf1831ac30a680a7ab816149f178403ac026990b6b85d80307b8d5ab4,1760619980,2025-10-16T13:06:20.000Z
0x965a953c8dbd9ec91e36f1fcd01266b763ceefa8,0x0000000000000000000000001a603734036e4f12,64827268,0xe28e99ecf1831ac30a680a7ab816149f178403ac026990b6b85d80307b8d5ab4,1760619980,2025-10-16T13:06:20.000Z
0x965a953c8dbd9ec91e36f1fcd01266b763ceefa8,0x000000000000000000000000de5b54362e53ef23,64827268,0xe28e99ecf1831ac30a680a7ab816149f178403ac026990b6b85d80307b8d5ab4,1760619980,2025-10-16T13:06:20.000Z
0x8216e28726791d8879251b414777e4b039a5ad48,0x000000000000000000000000965a953c8dbd9ec9,64831341,0x20d4e8d5e32bb9161e7363533651653ae80cd685ac5af855a846fad7cd9e93f0,1760623035,2025-10-16T13:57:15.000Z
0x8216e28726791d8879251b414777e4b039a5ad48,0x000000000000000000000000f142c7bc83602718,64831341,0x20d4e8d5e32bb9161e7363533651653ae80cd685ac5af855a846fad7cd9e93f0,1760623035,2025-10-16T13:57:15.000Z
0x8216e28726791d8879251b414777e4b039a5ad48,0x000000000000000000000000bef871b38229149f,64831341,0x20d4e8d5e32bb9161e7363533651653ae80cd685ac5af855a846fad7cd9e93f0,1760623035,2025-10-16T13:57:15.000Z
0x8216e28726791d8879251b414777e4b039a5ad48,0x000000000000000000000000de5b54362e53ef23,64831341,0x20d4e8d5e32bb9161e7363533651653ae80cd685ac5af855a846fad7cd9e93f0,1760623035,2025-10-16T13:57:15.000Z
0x1773e1c62f2307c32a214a4305e163863c19cabf,0x000000000000000000000000bde0653a8d656313,64831567,0x03fa371435a34be2c105cf732ed6f98d7a14eb0ebb194822e2464cfec837997c,1760623204,2025-10-16T14:00:04.000Z
0x1773e1c62f2307c32a214a4305e163863c19cabf,0x000000000000000000000000e71b3d228a5786a7,64831567,0x03fa371435a34be2c105cf732ed6f98d7a14eb0ebb194822e2464cfec837997c,1760623204,2025-10-16T14:00:04.000Z
0x1773e1c62f2307c32a214a4305e163863c19cabf,0x000000000000000000000000869e92a274e699d1,64831567,0x03fa371435a34be2c105cf732ed6f98d7a14eb0ebb194822e2464cfec837997c,1760623204,2025-10-16T14:00:04.000Z
0x1773e1c62f2307c32a214a4305e163863c19cabf,0x000000000000000000000000de5b54362e53ef23,64831567,0x03fa371435a34be2c105cf732ed6f98d7a14eb0ebb194822e2464cfec837997c,1760623204,2025-10-16T14:00:04.000Z
0x0c3db65a04395d54eb986c40ad04738781323f5b,0x000000000000000000000000fc711d1eec2f1188,64835376,0xde3a4342517b2382fc97304ff7a046bb3f29f221cbcd511ccc42cee66572d6a7,1760626062,2025-10-16T14:47:42.000Z
0x0c3db65a04395d54eb986c40ad04738781323f5b,0x000000000000000000000000001cf5a7520a553f,64835376,0xde3a4342517b2382fc97304ff7a046bb3f29f221cbcd511ccc42cee66572d6a7,1760626062,2025-10-16T14:47:42.000Z
0x0c3db65a04395d54eb986c40ad04738781323f5b,0x000000000000000000000000107bb14cc71a278e,64835376,0xde3a4342517b2382fc97304ff7a046bb3f29f221cbcd511ccc42cee66572d6a7,1760626062,2025-10-16T14:47:42.000Z
0x0c3db65a04395d54eb986c40ad04738781323f5b,0x000000000000000000000000de5b54362e53ef23,64835376,0xde3a4342517b2382fc97304ff7a046bb3f29f221cbcd511ccc42cee66572d6a7,1760626062,2025-10-16T14:47:42.000Z
0xd7759450191a16ae59faadd3ffe5a8096733355f,0x000000000000000000000000d061fa32cc1cb12a,64848349,0x56ef8f2996f3405636a61c5b0e0d1914da209b5e56b1fed36b3e9f28598e7a11,1760635792,2025-10-16T17:29:52.000Z
0xd7759450191a16ae59faadd3ffe5a8096733355f,0x000000000000000000000000195fd033be64ef32,64848349,0x56ef8f2996f3405636a61c5b0e0d1914da209b5e56b1fed36b3e9f28598e7a11,1760635792,2025-10-16T17:29:52.000Z
0xd7759450191a16ae59faadd3ffe5a8096733355f,0x0000000000000000000000002356eedaea55128f,64848349,0x56ef8f2996f3405636a61c5b0e0d1914da209b5e56b1fed36b3e9f28598e7a11,1760635792,2025-10-16T17:29:52.000Z
0xd7759450191a16ae59faadd3ffe5a8096733355f,0x000000000000000000000000de5b54362e53ef23,64848349,0x56ef8f2996f3405636a61c5b0e0d1914da209b5e56b1fed36b3e9f28598e7a11,1760635792,2025-10-16T17:29:52.000Z
0xec061561ec6b865fd984c45d5390d7a2cc1d8a39,0x0000000000000000000000002d67f38a56ca845e,64906860,0xb2a5e19df0b8dd052fd38c55d4fc4958efde2835281e6edd41fbc31993c0d1b2,1760679682,2025-10-17T05:41:22.000Z
0xec061561ec6b865fd984c45d5390d7a2cc1d8a39,0x0000000000000000000000001b49e177b8dfe3fe,64906860,0xb2a5e19df0b8dd052fd38c55d4fc4958efde2835281e6edd41fbc31993c0d1b2,1760679682,2025-10-17T05:41:22.000Z
0xec061561ec6b865fd984c45d5390d7a2cc1d8a39,0x0000000000000000000000004326a4441a01a4e7,64906860,0xb2a5e19df0b8dd052fd38c55d4fc4958efde2835281e6edd41fbc31993c0d1b2,1760679682,2025-10-17T05:41:22.000Z
0xec061561ec6b865fd984c45d5390d7a2cc1d8a39,0x000000000000000000000000de5b54362e53ef23,64906860,0xb2a5e19df0b8dd052fd38c55d4fc4958efde2835281e6edd41fbc31993c0d1b2,1760679682,2025-10-17T05:41:22.000Z
0xba28b6f6f7f4aa2624558c2842a54ec90b2165bd,0x0000000000000000000000002b3bc5a945059f77,65005758,0xd555ff07cb315714de9f1460faef763cb3dcbcc71a244e9cf121f89f5acadfcb,1760755057,2025-10-18T02:37:37.000Z
0xba28b6f6f7f4aa2624558c2842a54ec90b2165bd,0x000000000000000000000000a3beed4a3ec3bbd1,65005758,0xd555ff07cb315714de9f1460faef763cb3dcbcc71a244e9cf121f89f5acadfcb,1760755057,2025-10-18T02:37:37.000Z
0xba28b6f6f7f4aa2624558c2842a54ec90b2165bd,0x000000000000000000000000aafda259ae041fcc,65005758,0xd555ff07cb315714de9f1460faef763cb3dcbcc71a244e9cf121f89f5acadfcb,1760755057,2025-10-18T02:37:37.000Z
0xba28b6f6f7f4aa2624558c2842a54ec90b2165bd,0x000000000000000000000000de5b54362e53ef23,65005758,0xd555ff07cb315714de9f1460faef763cb3dcbcc71a244e9cf121f89f5acadfcb,1760755057,2025-10-18T02:37:37.000Z
0xc26d54ecbe34e79a47255e205b9d07fa2a66936c,0x000000000000000000000000b78e4f8640d662b1,65066388,0xa7cb8de81f360be61ef6b258f423d3589c3a12ce90730b0dc25de8e39af0cdfe,1760800537,2025-10-18T15:15:37.000Z
0xc26d54ecbe34e79a47255e205b9d07fa2a66936c,0x000000000000000000000000195fd033be64ef32,65066388,0xa7cb8de81f360be61ef6b258f423d3589c3a12ce90730b0dc25de8e39af0cdfe,1760800537,2025-10-18T15:15:37.000Z
0xc26d54ecbe34e79a47255e205b9d07fa2a66936c,0x0000000000000000000000002356eedaea55128f,65066388,0xa7cb8de81f360be61ef6b258f423d3589c3a12ce90730b0dc25de8e39af0cdfe,1760800537,2025-10-18T15:15:37.000Z
0xc26d54ecbe34e79a47255e205b9d07fa2a66936c,0x000000000000000000000000de5b54362e53ef23,65066388,0xa7cb8de81f360be61ef6b258f423d3589c3a12ce90730b0dc25de8e39af0cdfe,1760800537,2025-10-18T15:15:37.000Z
0x5685ab7c603926676b5cf8bb2c39636afd228a44,0x00000000000000000000000092d6d3fbe4067a2f,65096353,0x0cc0924e4402bc13da3f76e39515b647cdbf90790aa987ffe6fe873029fd0626,1760823013,2025-10-18T21:30:13.000Z
0x5685ab7c603926676b5cf8bb2c39636afd228a44,0x0000000000000000000000008d66facd7673f48c,65096353,0x0cc0924e4402bc13da3f76e39515b647cdbf90790aa987ffe6fe873029fd0626,1760823013,2025-10-18T21:30:13.000Z
0x5685ab7c603926676b5cf8bb2c39636afd228a44,0x000000000000000000000000d2dd610da3363d3f,65096353,0x0cc0924e4402bc13da3f76e39515b647cdbf90790aa987ffe6fe873029fd0626,1760823013,2025-10-18T21:30:13.000Z
0x5685ab7c603926676b5cf8bb2c39636afd228a44,0x000000000000000000000000de5b54362e53ef23,65096353,0x0cc0924e4402bc13da3f76e39515b647cdbf90790aa987ffe6fe873029fd0626,1760823013,2025-10-18T21:30:13.000Z
0x8de953834e50d9dd737ea59f43ebfd8969caa8ce,0x0000000000000000000000005921f86f61095165,65173232,0xe2426fe3d877e342ccb8a2f51a020e305544defbf2e758c726eb90627c38e0bc,1760880686,2025-10-19T13:31:26.000Z
0x8de953834e50d9dd737ea59f43ebfd8969caa8ce,0x00000000000000000000000092d6d3fbe4067a2f,65173232,0xe2426fe3d877e342ccb8a2f51a020e305544defbf2e758c726eb90627c38e0bc,1760880686,2025-10-19T13:31:26.000Z
0x8de953834e50d9dd737ea59f43ebfd8969caa8ce,0x0000000000000000000000008d66facd7673f48c,65173232,0xe2426fe3d877e342ccb8a2f51a020e305544defbf2e758c726eb90627c38e0bc,1760880686,2025-10-19T13:31:26.000Z
0x8de953834e50d9dd737ea59f43ebfd8969caa8ce,0x000000000000000000000000de5b54362e53ef23,65173232,0xe2426fe3d877e342ccb8a2f51a020e305544defbf2e758c726eb90627c38e0bc,1760880686,2025-10-19T13:31:26.000Z
0x0537d01d4d5f3ef0155929cf203e86d1d4c9ed38,0x000000000000000000000000d474491536979588,65307573,0xa6094548e000a46cfc8dd5d2bd274371e79bc2e115790c355d6f9c91d82856b8,1760981457,2025-10-20T17:30:57.000Z
0x0537d01d4d5f3ef0155929cf203e86d1d4c9ed38,0x000000000000000000000000651f24ebbe57969d,65307573,0xa6094548e000a46cfc8dd5d2bd274371e79bc2e115790c355d6f9c91d82856b8,1760981457,2025-10-20T17:30:57.000Z
0x0537d01d4d5f3ef0155929cf203e86d1d4c9ed38,0x000000000000000000000000feeb76b397084cfe,65307573,0xa6094548e000a46cfc8dd5d2bd274371e79bc2e115790c355d6f9c91d82856b8,1760981457,2025-10-20T17:30:57.000Z
0x0537d01d4d5f3ef0155929cf203e86d1d4c9ed38,0x000000000000000000000000de5b54362e53ef23,65307573,0xa6094548e000a46cfc8dd5d2bd274371e79bc2e115790c355d6f9c91d82856b8,1760981457,2025-10-20T17:30:57.000Z
0xa5e20ee17a5c3d911f2508f55e6182943103f571,0x0000000000000000000000003d83e6fa650ba958,65375260,0x8e90e4124e1c34d8c144996b4803b027cf26958255da3c3a962fe7dcaee44f9f,1761032225,2025-10-21T07:37:05.000Z
0xa5e20ee17a5c3d911f2508f55e6182943103f571,0x0000000000000000000000008d66facd7673f48c,65375260,0x8e90e4124e1c34d8c144996b4803b027cf26958255da3c3a962fe7dcaee44f9f,1761032225,2025-10-21T07:37:05.000Z
0xa5e20ee17a5c3d911f2508f55e6182943103f571,0x000000000000000000000000d2dd610da3363d3f,65375260,0x8e90e4124e1c34d8c144996b4803b027cf26958255da3c3a962fe7dcaee44f9f,1761032225,2025-10-21T07:37:05.000Z
0xa5e20ee17a5c3d911f2508f55e6182943103f571,0x000000000000000000000000de5b54362e53ef23,65375260,0x8e90e4124e1c34d8c144996b4803b027cf26958255da3c3a962fe7dcaee44f9f,1761032225,2025-10-21T07:37:05.000Z
0x5c8c0543f9c48536d31d81404adac56f27fedfc2,0x00000000000000000000000041fa7ea2c359a2f0,65413056,0xbf3e0e1c521c96cc961d7af4eeac2030f4e1e5c5284118f972833fa1ca9cd436,1761060575,2025-10-21T15:29:35.000Z
0x5c8c0543f9c48536d31d81404adac56f27fedfc2,0x00000000000000000000000002d32f712712df82,65413056,0xbf3e0e1c521c96cc961d7af4eeac2030f4e1e5c5284118f972833fa1ca9cd436,1761060575,2025-10-21T15:29:35.000Z
0x5c8c0543f9c48536d31d81404adac56f27fedfc2,0x00000000000000000000000092d6d3fbe4067a2f,65413056,0xbf3e0e1c521c96cc961d7af4eeac2030f4e1e5c5284118f972833fa1ca9cd436,1761060575,2025-10-21T15:29:35.000Z
0x5c8c0543f9c48536d31d81404adac56f27fedfc2,0x000000000000000000000000de5b54362e53ef23,65413056,0xbf3e0e1c521c96cc961d7af4eeac2030f4e1e5c5284118f972833fa1ca9cd436,1761060575,2025-10-21T15:29:35.000Z
0xd9b63dc1ea52ff47f3523fdf17e99363b0b8b194,0x0000000000000000000000005685ab7c60392667,65421223,0x1534d0ea4bb773255ba7cbfc9f26785599d684deb85da353d983c83254adc9be,1761066700,2025-10-21T17:11:40.000Z
0xd9b63dc1ea52ff47f3523fdf17e99363b0b8b194,0x00000000000000000000000092d6d3fbe4067a2f,65421223,0x1534d0ea4bb773255ba7cbfc9f26785599d684deb85da353d983c83254adc9be,1761066700,2025-10-21T17:11:40.000Z
0xd9b63dc1ea52ff47f3523fdf17e99363b0b8b194,0x0000000000000000000000008d66facd7673f48c,65421223,0x1534d0ea4bb773255ba7cbfc9f26785599d684deb85da353d983c83254adc9be,1761066700,2025-10-21T17:11:40.000Z
0xd9b63dc1ea52ff47f3523fdf17e99363b0b8b194,0x000000000000000000000000de5b54362e53ef23,65421223,0x1534d0ea4bb773255ba7cbfc9f26785599d684deb85da353d983c83254adc9be,1761066700,2025-10-21T17:11:40.000Z
0x0d42bdfff08c9ada90abb7878591d7ea3044eb8f,0x00000000000000000000000015ade19111a3e80f,65434756,0xf7fe3e3c4ca3aba10899fdf78a95ca563308379297cdb4e6bf7b1ac6834fea25,1761076850,2025-10-21T20:00:50.000Z
0x0d42bdfff08c9ada90abb7878591d7ea3044eb8f,0x0000000000000000000000006ffeb2bfc1f2c9d1,65434756,0xf7fe3e3c4ca3aba10899fdf78a95ca563308379297cdb4e6bf7b1ac6834fea25,1761076850,2025-10-21T20:00:50.000Z
0x0d42bdfff08c9ada90abb7878591d7ea3044eb8f,0x00000000000000000000000088ecbcc049b7d047,65434756,0xf7fe3e3c4ca3aba10899fdf78a95ca563308379297cdb4e6bf7b1ac6834fea25,1761076850,2025-10-21T20:00:50.000Z
0x0d42bdfff08c9ada90abb7878591d7ea3044eb8f,0x000000000000000000000000de5b54362e53ef23,65434756,0xf7fe3e3c4ca3aba10899fdf78a95ca563308379297cdb4e6bf7b1ac6834fea25,1761076850,2025-10-21T20:00:50.000Z
0x82709fba5e6e6bd9251ae044c861edd093aada2a,0x0000000000000000000000009c8a7c2a74fb948d,65498562,0xde6fe42cff837a5a747186e31c2f6818d93ded575a01c0ea7d8dd45990550429,1761124707,2025-10-22T09:18:27.000Z
0x82709fba5e6e6bd9251ae044c861edd093aada2a,0x000000000000000000000000c2f80f1997092bb3,65498562,0xde6fe42cff837a5a747186e31c2f6818d93ded575a01c0ea7d8dd45990550429,1761124707,2025-10-22T09:18:27.000Z
0x82709fba5e6e6bd9251ae044c861edd093aada2a,0x000000000000000000000000aeff98aa71ec18ce,65498562,0xde6fe42cff837a5a747186e31c2f6818d93ded575a01c0ea7d8dd45990550429,1761124707,2025-10-22T09:18:27.000Z
0x82709fba5e6e6bd9251ae044c861edd093aada2a,0x000000000000000000000000de5b54362e53ef23,65498562,0xde6fe42cff837a5a747186e31c2f6818d93ded575a01c0ea7d8dd45990550429,1761124707,2025-10-22T09:18:27.000Z
0xf0d4a62fb9a643ca5e577a3f8eb6dd94b8fc4860,0x000000000000000000000000b78e4f8640d662b1,65517500,0x25f862463c7a881a73e4607aa352e47febb7abd9e21037c5363df3670860baa8,1761138912,2025-10-22T13:15:12.000Z
0xf0d4a62fb9a643ca5e577a3f8eb6dd94b8fc4860,0x000000000000000000000000195fd033be64ef32,65517500,0x25f862463c7a881a73e4607aa352e47febb7abd9e21037c5363df3670860baa8,1761138912,2025-10-22T13:15:12.000Z
0xf0d4a62fb9a643ca5e577a3f8eb6dd94b8fc4860,0x0000000000000000000000002356eedaea55128f,65517500,0x25f862463c7a881a73e4607aa352e47febb7abd9e21037c5363df3670860baa8,1761138912,2025-10-22T13:15:12.000Z
0xf0d4a62fb9a643ca5e577a3f8eb6dd94b8fc4860,0x000000000000000000000000de5b54362e53ef23,65517500,0x25f862463c7a881a73e4607aa352e47febb7abd9e21037c5363df3670860baa8,1761138912,2025-10-22T13:15:12.000Z
0x42e86d2b81b87bbb941a3a37626d3fbe11cf464b,0x000000000000000000000000d474491536979588,65525556,0x5399fec91045eaa34cc4ac0b13775a5b8999cb9c6840a6d5fafe7ba7f47fe5d7,1761144957,2025-10-22T14:55:57.000Z
0x42e86d2b81b87bbb941a3a37626d3fbe11cf464b,0x000000000000000000000000651f24ebbe57969d,65525556,0x5399fec91045eaa34cc4ac0b13775a5b8999cb9c6840a6d5fafe7ba7f47fe5d7,1761144957,2025-10-22T14:55:57.000Z
0x42e86d2b81b87bbb941a3a37626d3fbe11cf464b,0x000000000000000000000000feeb76b397084cfe,65525556,0x5399fec91045eaa34cc4ac0b13775a5b8999cb9c6840a6d5fafe7ba7f47fe5d7,1761144957,2025-10-22T14:55:57.000Z
0x42e86d2b81b87bbb941a3a37626d3fbe11cf464b,0x000000000000000000000000de5b54362e53ef23,65525556,0x5399fec91045eaa34cc4ac0b13775a5b8999cb9c6840a6d5fafe7ba7f47fe5d7,1761144957,2025-10-22T14:55:57.000Z
0xbac808e9ec9859700047249fd077adba887099f2,0x000000000000000000000000b78e4f8640d662b1,65602395,0xb4ac2258df016bea3dbc6c141b303e43332165f135256e40e4e18d3cc0ca21b5,1761202599,2025-10-23T06:56:39.000Z
0xbac808e9ec9859700047249fd077adba887099f2,0x000000000000000000000000195fd033be64ef32,65602395,0xb4ac2258df016bea3dbc6c141b303e43332165f135256e40e4e18d3cc0ca21b5,1761202599,2025-10-23T06:56:39.000Z
0xbac808e9ec9859700047249fd077adba887099f2,0x0000000000000000000000002356eedaea55128f,65602395,0xb4ac2258df016bea3dbc6c141b303e43332165f135256e40e4e18d3cc0ca21b5,1761202599,2025-10-23T06:56:39.000Z
0xbac808e9ec9859700047249fd077adba887099f2,0x000000000000000000000000de5b54362e53ef23,65602395,0xb4ac2258df016bea3dbc6c141b303e43332165f135256e40e4e18d3cc0ca21b5,1761202599,2025-10-23T06:56:39.000Z
0x23f958dcc445325a4a32441a039c8e5809e300c6,0x0000000000000000000000004551cc5b1330f30b,65630257,0xa6d87ccacd8c07096d21a73552203cb697913d3f6a2701baf89dc9970d9e90cb,1761223498,2025-10-23T12:44:58.000Z
0x23f958dcc445325a4a32441a039c8e5809e300c6,0x000000000000000000000000fc711d1eec2f1188,65630257,0xa6d87ccacd8c07096d21a73552203cb697913d3f6a2701baf89dc9970d9e90cb,1761223498,2025-10-23T12:44:58.000Z
0x23f958dcc445325a4a32441a039c8e5809e300c6,0x000000000000000000000000001cf5a7520a553f,65630257,0xa6d87ccacd8c07096d21a73552203cb697913d3f6a2701baf89dc9970d9e90cb,1761223498,2025-10-23T12:44:58.000Z
0x23f958dcc445325a4a32441a039c8e5809e300c6,0x000000000000000000000000de5b54362e53ef23,65630257,0xa6d87ccacd8c07096d21a73552203cb697913d3f6a2701baf89dc9970d9e90cb,1761223498,2025-10-23T12:44:58.000Z
0xeefd80a2f4ac748a2639ce463066312c122681ca,0x000000000000000000000000703e6e0fa4226641,65647497,0xe41455f32bebeb4b27e02ce28b50c16dbfee739d1fb91ac6ef9ae818079c480f,1761236430,2025-10-23T16:20:30.000Z
0xeefd80a2f4ac748a2639ce463066312c122681ca,0x000000000000000000000000651f24ebbe57969d,65647497,0xe41455f32bebeb4b27e02ce28b50c16dbfee739d1fb91ac6ef9ae818079c480f,1761236430,2025-10-23T16:20:30.000Z
0xeefd80a2f4ac748a2639ce463066312c122681ca,0x000000000000000000000000feeb76b397084cfe,65647497,0xe41455f32bebeb4b27e02ce28b50c16dbfee739d1fb91ac6ef9ae818079c480f,1761236430,2025-10-23T16:20:30.000Z
0xeefd80a2f4ac748a2639ce463066312c122681ca,0x000000000000000000000000de5b54362e53ef23,65647497,0xe41455f32bebeb4b27e02ce28b50c16dbfee739d1fb91ac6ef9ae818079c480f,1761236430,2025-10-23T16:20:30.000Z
0x8bfbe1203ee5b57a9989dad3bd216f36693bcc02,0x0000000000000000000000009c8a7c2a74fb948d,65736124,0x4b1214e33de4aecb63559221f1b2029f0f3aa1cd5f7adde1d2ec1eb495a65644,1761302906,2025-10-24T10:48:26.000Z
0x8bfbe1203ee5b57a9989dad3bd216f36693bcc02,0x000000000000000000000000c2f80f1997092bb3,65736124,0x4b1214e33de4aecb63559221f1b2029f0f3aa1cd5f7adde1d2ec1eb495a65644,1761302906,2025-10-24T10:48:26.000Z
0x8bfbe1203ee5b57a9989dad3bd216f36693bcc02,0x000000000000000000000000aeff98aa71ec18ce,65736124,0x4b1214e33de4aecb63559221f1b2029f0f3aa1cd5f7adde1d2ec1eb495a65644,1761302906,2025-10-24T10:48:26.000Z
0x8bfbe1203ee5b57a9989dad3bd216f36693bcc02,0x000000000000000000000000de5b54362e53ef23,65736124,0x4b1214e33de4aecb63559221f1b2029f0f3aa1cd5f7adde1d2ec1eb495a65644,1761302906,2025-10-24T10:48:26.000Z
0xd003b44d253d63f46ad6536876c643b3d7d8de75,0x0000000000000000000000007a85fa35805b2d3a,65748728,0xd716f27d9bb4fbfd11f79fb35b08e45f020ff8e267182e89b9eb75759e07b746,1761312361,2025-10-24T13:26:01.000Z
0xd003b44d253d63f46ad6536876c643b3d7d8de75,0x0000000000000000000000000a411f8cc65b6d24,65748728,0xd716f27d9bb4fbfd11f79fb35b08e45f020ff8e267182e89b9eb75759e07b746,1761312361,2025-10-24T13:26:01.000Z
0xd003b44d253d63f46ad6536876c643b3d7d8de75,0x00000000000000000000000078bd22fc471196d3,65748728,0xd716f27d9bb4fbfd11f79fb35b08e45f020ff8e267182e89b9eb75759e07b746,1761312361,2025-10-24T13:26:01.000Z
0xd003b44d253d63f46ad6536876c643b3d7d8de75,0x000000000000000000000000de5b54362e53ef23,65748728,0xd716f27d9bb4fbfd11f79fb35b08e45f020ff8e267182e89b9eb75759e07b746,1761312361,2025-10-24T13:26:01.000Z
0x93bb3afe294ff8cb5556d07b5f405b6005b891dc,0x0000000000000000000000007a85fa35805b2d3a,65749078,0x30c85f040562b9b88885d81e2a88de01d913ce8d791eb1bf5eac28ed28424dd5,1761312623,2025-10-24T13:30:23.000Z
0x93bb3afe294ff8cb5556d07b5f405b6005b891dc,0x0000000000000000000000000a411f8cc65b6d24,65749078,0x30c85f040562b9b88885d81e2a88de01d913ce8d791eb1bf5eac28ed28424dd5,1761312623,2025-10-24T13:30:23.000Z
0x93bb3afe294ff8cb5556d07b5f405b6005b891dc,0x00000000000000000000000078bd22fc471196d3,65749078,0x30c85f040562b9b88885d81e2a88de01d913ce8d791eb1bf5eac28ed28424dd5,1761312623,2025-10-24T13:30:23.000Z
0x93bb3afe294ff8cb5556d07b5f405b6005b891dc,0x000000000000000000000000de5b54362e53ef23,65749078,0x30c85f040562b9b88885d81e2a88de01d913ce8d791eb1bf5eac28ed28424dd5,1761312623,2025-10-24T13:30:23.000Z
0xf4933427becedb442764d2c3c386e6a7f69221ab,0x0000000000000000000000007a85fa35805b2d3a,65749466,0xcbd2e0aedced4c7bce28945915ebef66cab97b8876844aed704fae5320651158,1761312914,2025-10-24T13:35:14.000Z
0xf4933427becedb442764d2c3c386e6a7f69221ab,0x0000000000000000000000000a411f8cc65b6d24,65749466,0xcbd2e0aedced4c7bce28945915ebef66cab97b8876844aed704fae5320651158,1761312914,2025-10-24T13:35:14.000Z
0xf4933427becedb442764d2c3c386e6a7f69221ab,0x00000000000000000000000078bd22fc471196d3,65749466,0xcbd2e0aedced4c7bce28945915ebef66cab97b8876844aed704fae5320651158,1761312914,2025-10-24T13:35:14.000Z
0xf4933427becedb442764d2c3c386e6a7f69221ab,0x000000000000000000000000de5b54362e53ef23,65749466,0xcbd2e0aedced4c7bce28945915ebef66cab97b8876844aed704fae5320651158,1761312914,2025-10-24T13:35:14.000Z
0xfc0d644687120c5084620ec0e9afd2d1b773ec2f,0x0000000000000000000000007a85fa35805b2d3a,65749756,0x325a7d3cd39da3b92109b6d375fc1919cecd2fbbd7fc090124b4228b1bf9af21,1761313132,2025-10-24T13:38:52.000Z
0xfc0d644687120c5084620ec0e9afd2d1b773ec2f,0x0000000000000000000000000a411f8cc65b6d24,65749756,0x325a7d3cd39da3b92109b6d375fc1919cecd2fbbd7fc090124b4228b1bf9af21,1761313132,2025-10-24T13:38:52.000Z
0xfc0d644687120c5084620ec0e9afd2d1b773ec2f,0x00000000000000000000000078bd22fc471196d3,65749756,0x325a7d3cd39da3b92109b6d375fc1919cecd2fbbd7fc090124b4228b1bf9af21,1761313132,2025-10-24T13:38:52.000Z
0xfc0d644687120c5084620ec0e9afd2d1b773ec2f,0x000000000000000000000000de5b54362e53ef23,65749756,0x325a7d3cd39da3b92109b6d375fc1919cecd2fbbd7fc090124b4228b1bf9af21,1761313132,2025-10-24T13:38:52.000Z
0xeec68f86c1972f360a66b24d5e0cd970bbb5b1d0,0x0000000000000000000000007a85fa35805b2d3a,65750289,0x8f8f36d097843d8d2ad0aebcc4fd78083249de16570a025ee7d8812630a95b58,1761313531,2025-10-24T13:45:31.000Z
0xeec68f86c1972f360a66b24d5e0cd970bbb5b1d0,0x0000000000000000000000000a411f8cc65b6d24,65750289,0x8f8f36d097843d8d2ad0aebcc4fd78083249de16570a025ee7d8812630a95b58,1761313531,2025-10-24T13:45:31.000Z
0xeec68f86c1972f360a66b24d5e0cd970bbb5b1d0,0x00000000000000000000000078bd22fc471196d3,65750289,0x8f8f36d097843d8d2ad0aebcc4fd78083249de16570a025ee7d8812630a95b58,1761313531,2025-10-24T13:45:31.000Z
0xeec68f86c1972f360a66b24d5e0cd970bbb5b1d0,0x000000000000000000000000de5b54362e53ef23,65750289,0x8f8f36d097843d8d2ad0aebcc4fd78083249de16570a025ee7d8812630a95b58,1761313531,2025-10-24T13:45:31.000Z
0x56f73df12eeaa1b6b9851c822b62405be29361d1,0x0000000000000000000000007a85fa35805b2d3a,65750673,0xd52268929eb26467f5b23733e482560b9392103d52189f645b86f55e0b65be36,1761313819,2025-10-24T13:50:19.000Z
0x56f73df12eeaa1b6b9851c822b62405be29361d1,0x0000000000000000000000000a411f8cc65b6d24,65750673,0xd52268929eb26467f5b23733e482560b9392103d52189f645b86f55e0b65be36,1761313819,2025-10-24T13:50:19.000Z
0x56f73df12eeaa1b6b9851c822b62405be29361d1,0x00000000000000000000000078bd22fc471196d3,65750673,0xd52268929eb26467f5b23733e482560b9392103d52189f645b86f55e0b65be36,1761313819,2025-10-24T13:50:19.000Z
0x56f73df12eeaa1b6b9851c822b62405be29361d1,0x000000000000000000000000de5b54362e53ef23,65750673,0xd52268929eb26467f5b23733e482560b9392103d52189f645b86f55e0b65be36,1761313819,2025-10-24T13:50:19.000Z
0x91625386bcf44159ddf13d6b8e6cf9140c2cb694,0x0000000000000000000000007a85fa35805b2d3a,65751532,0x9d0713c522ea28d3e31dbbf3380e21b5f0a59c109b8eba4469fd488227097dca,1761314464,2025-10-24T14:01:04.000Z
0x91625386bcf44159ddf13d6b8e6cf9140c2cb694,0x0000000000000000000000000a411f8cc65b6d24,65751532,0x9d0713c522ea28d3e31dbbf3380e21b5f0a59c109b8eba4469fd488227097dca,1761314464,2025-10-24T14:01:04.000Z
0x91625386bcf44159ddf13d6b8e6cf9140c2cb694,0x00000000000000000000000078bd22fc471196d3,65751532,0x9d0713c522ea28d3e31dbbf3380e21b5f0a59c109b8eba4469fd488227097dca,1761314464,2025-10-24T14:01:04.000Z
0x91625386bcf44159ddf13d6b8e6cf9140c2cb694,0x000000000000000000000000de5b54362e53ef23,65751532,0x9d0713c522ea28d3e31dbbf3380e21b5f0a59c109b8eba4469fd488227097dca,1761314464,2025-10-24T14:01:04.000Z
0xf0ce01eb38504e4e2e520b7cdbf3154c81e5ce1c,0x0000000000000000000000007a85fa35805b2d3a,65751915,0x58563b0a7877c980539b73756797709520ed579e7310859165a378a878eb8670,1761314752,2025-10-24T14:05:52.000Z
0xf0ce01eb38504e4e2e520b7cdbf3154c81e5ce1c,0x0000000000000000000000000a411f8cc65b6d24,65751915,0x58563b0a7877c980539b73756797709520ed579e7310859165a378a878eb8670,1761314752,2025-10-24T14:05:52.000Z
0xf0ce01eb38504e4e2e520b7cdbf3154c81e5ce1c,0x00000000000000000000000078bd22fc471196d3,65751915,0x58563b0a7877c980539b73756797709520ed579e7310859165a378a878eb8670,1761314752,2025-10-24T14:05:52.000Z
0xf0ce01eb38504e4e2e520b7cdbf3154c81e5ce1c,0x000000000000000000000000de5b54362e53ef23,65751915,0x58563b0a7877c980539b73756797709520ed579e7310859165a378a878eb8670,1761314752,2025-10-24T14:05:52.000Z
0x7ed6c14d57b20289b5c2637d635542d2a095dde8,0x0000000000000000000000007a85fa35805b2d3a,65752306,0xa0eb17413e087fb6f6dd87673140ea2fae9b3ed5cace5c531d6a59ad6ceaab2f,1761315045,2025-10-24T14:10:45.000Z
0x7ed6c14d57b20289b5c2637d635542d2a095dde8,0x0000000000000000000000000a411f8cc65b6d24,65752306,0xa0eb17413e087fb6f6dd87673140ea2fae9b3ed5cace5c531d6a59ad6ceaab2f,1761315045,2025-10-24T14:10:45.000Z
0x7ed6c14d57b20289b5c2637d635542d2a095dde8,0x00000000000000000000000078bd22fc471196d3,65752306,0xa0eb17413e087fb6f6dd87673140ea2fae9b3ed5cace5c531d6a59ad6ceaab2f,1761315045,2025-10-24T14:10:45.000Z
0x7ed6c14d57b20289b5c2637d635542d2a095dde8,0x000000000000000000000000de5b54362e53ef23,65752306,0xa0eb17413e087fb6f6dd87673140ea2fae9b3ed5cace5c531d6a59ad6ceaab2f,1761315045,2025-10-24T14:10:45.000Z
0x2632dc62bdcbd4dcfdd75c644a790ce96713ac28,0x0000000000000000000000007a85fa35805b2d3a,65752582,0x1920b0dc2c25b08d286c81fbc3fd5a934ee8dc4c3c22fdff9e48b4234c53f72c,1761315252,2025-10-24T14:14:12.000Z
0x2632dc62bdcbd4dcfdd75c644a790ce96713ac28,0x0000000000000000000000000a411f8cc65b6d24,65752582,0x1920b0dc2c25b08d286c81fbc3fd5a934ee8dc4c3c22fdff9e48b4234c53f72c,1761315252,2025-10-24T14:14:12.000Z
0x2632dc62bdcbd4dcfdd75c644a790ce96713ac28,0x00000000000000000000000078bd22fc471196d3,65752582,0x1920b0dc2c25b08d286c81fbc3fd5a934ee8dc4c3c22fdff9e48b4234c53f72c,1761315252,2025-10-24T14:14:12.000Z
0x2632dc62bdcbd4dcfdd75c644a790ce96713ac28,0x000000000000000000000000de5b54362e53ef23,65752582,0x1920b0dc2c25b08d286c81fbc3fd5a934ee8dc4c3c22fdff9e48b4234c53f72c,1761315252,2025-10-24T14:14:12.000Z
0x2a6a5575aecda0735ff5e5170be6cfa59911edf7,0x0000000000000000000000007a85fa35805b2d3a,65752830,0x419cc9dcac58322cec8a30b4ee53b6ef136edb377f854318afebbb192bdcfebd,1761315438,2025-10-24T14:17:18.000Z
0x2a6a5575aecda0735ff5e5170be6cfa59911edf7,0x0000000000000000000000000a411f8cc65b6d24,65752830,0x419cc9dcac58322cec8a30b4ee53b6ef136edb377f854318afebbb192bdcfebd,1761315438,2025-10-24T14:17:18.000Z
0x2a6a5575aecda0735ff5e5170be6cfa59911edf7,0x00000000000000000000000078bd22fc471196d3,65752830,0x419cc9dcac58322cec8a30b4ee53b6ef136edb377f854318afebbb192bdcfebd,1761315438,2025-10-24T14:17:18.000Z
0x2a6a5575aecda0735ff5e5170be6cfa59911edf7,0x000000000000000000000000de5b54362e53ef23,65752830,0x419cc9dcac58322cec8a30b4ee53b6ef136edb377f854318afebbb192bdcfebd,1761315438,2025-10-24T14:17:18.000Z
0x2531ec29cd9a6d68a0a8ab0a3b23ab5fc35fc8cd,0x000000000000000000000000c5c763932b898eff,65758111,0x0d7da7d5cc9227e5c185dfa57d09623360cab9d164fad36d721e8eba659e9fd0,1761319399,2025-10-24T15:23:19.000Z
0x2531ec29cd9a6d68a0a8ab0a3b23ab5fc35fc8cd,0x000000000000000000000000e20876db2e981f5b,65758111,0x0d7da7d5cc9227e5c185dfa57d09623360cab9d164fad36d721e8eba659e9fd0,1761319399,2025-10-24T15:23:19.000Z
0x2531ec29cd9a6d68a0a8ab0a3b23ab5fc35fc8cd,0x000000000000000000000000c352463c8174920d,65758111,0x0d7da7d5cc9227e5c185dfa57d09623360cab9d164fad36d721e8eba659e9fd0,1761319399,2025-10-24T15:23:19.000Z
0x2531ec29cd9a6d68a0a8ab0a3b23ab5fc35fc8cd,0x000000000000000000000000de5b54362e53ef23,65758111,0x0d7da7d5cc9227e5c185dfa57d09623360cab9d164fad36d721e8eba659e9fd0,1761319399,2025-10-24T15:23:19.000Z
0xd30bc2401bae5d13e95124e77cde7a16d301b109,0x0000000000000000000000007a85fa35805b2d3a,65763878,0xf9a361feed49d62d0113139b5de8c780c03ba12d990c72acbdd37bff72c8ddad,1761323726,2025-10-24T16:35:26.000Z
0xd30bc2401bae5d13e95124e77cde7a16d301b109,0x0000000000000000000000000a411f8cc65b6d24,65763878,0xf9a361feed49d62d0113139b5de8c780c03ba12d990c72acbdd37bff72c8ddad,1761323726,2025-10-24T16:35:26.000Z
0xd30bc2401bae5d13e95124e77cde7a16d301b109,0x00000000000000000000000078bd22fc471196d3,65763878,0xf9a361feed49d62d0113139b5de8c780c03ba12d990c72acbdd37bff72c8ddad,1761323726,2025-10-24T16:35:26.000Z
0xd30bc2401bae5d13e95124e77cde7a16d301b109,0x000000000000000000000000de5b54362e53ef23,65763878,0xf9a361feed49d62d0113139b5de8c780c03ba12d990c72acbdd37bff72c8ddad,1761323726,2025-10-24T16:35:26.000Z
0xf9e7d5ac260129fe4d75ad5b3abaedcf0384b3b7,0x0000000000000000000000007a85fa35805b2d3a,65764265,0xfcb51616a116745ddf56e5512ac18ae2e15691ef8e8500bd2bc87d5ab9a55098,1761324017,2025-10-24T16:40:17.000Z
0xf9e7d5ac260129fe4d75ad5b3abaedcf0384b3b7,0x0000000000000000000000000a411f8cc65b6d24,65764265,0xfcb51616a116745ddf56e5512ac18ae2e15691ef8e8500bd2bc87d5ab9a55098,1761324017,2025-10-24T16:40:17.000Z
0xf9e7d5ac260129fe4d75ad5b3abaedcf0384b3b7,0x00000000000000000000000078bd22fc471196d3,65764265,0xfcb51616a116745ddf56e5512ac18ae2e15691ef8e8500bd2bc87d5ab9a55098,1761324017,2025-10-24T16:40:17.000Z
0xf9e7d5ac260129fe4d75ad5b3abaedcf0384b3b7,0x000000000000000000000000de5b54362e53ef23,65764265,0xfcb51616a116745ddf56e5512ac18ae2e15691ef8e8500bd2bc87d5ab9a55098,1761324017,2025-10-24T16:40:17.000Z
0x55256eb72503a7b21ac5be50ef933aed3b822c7f,0x0000000000000000000000007a85fa35805b2d3a,65764729,0xe4fb490240e8525fa2d6c94f3f5b46d18b0434768f02fdf343a8c21ee77f6b15,1761324365,2025-10-24T16:46:05.000Z
0x55256eb72503a7b21ac5be50ef933aed3b822c7f,0x0000000000000000000000000a411f8cc65b6d24,65764729,0xe4fb490240e8525fa2d6c94f3f5b46d18b0434768f02fdf343a8c21ee77f6b15,1761324365,2025-10-24T16:46:05.000Z
0x55256eb72503a7b21ac5be50ef933aed3b822c7f,0x00000000000000000000000078bd22fc471196d3,65764729,0xe4fb490240e8525fa2d6c94f3f5b46d18b0434768f02fdf343a8c21ee77f6b15,1761324365,2025-10-24T16:46:05.000Z
0x55256eb72503a7b21ac5be50ef933aed3b822c7f,0x000000000000000000000000de5b54362e53ef23,65764729,0xe4fb490240e8525fa2d6c94f3f5b46d18b0434768f02fdf343a8c21ee77f6b15,1761324365,2025-10-24T16:46:05.000Z
0x4ac312cc6d0df8ff4450c07da6c9b2dd53048816,0x0000000000000000000000007a85fa35805b2d3a,65765124,0x8cd89919dc08b6d876cbd6aa72c2e893a12054cd8a628ac37c6bb5a75e6fb6b3,1761324662,2025-10-24T16:51:02.000Z
0x4ac312cc6d0df8ff4450c07da6c9b2dd53048816,0x0000000000000000000000000a411f8cc65b6d24,65765124,0x8cd89919dc08b6d876cbd6aa72c2e893a12054cd8a628ac37c6bb5a75e6fb6b3,1761324662,2025-10-24T16:51:02.000Z
0x4ac312cc6d0df8ff4450c07da6c9b2dd53048816,0x00000000000000000000000078bd22fc471196d3,65765124,0x8cd89919dc08b6d876cbd6aa72c2e893a12054cd8a628ac37c6bb5a75e6fb6b3,1761324662,2025-10-24T16:51:02.000Z
0x4ac312cc6d0df8ff4450c07da6c9b2dd53048816,0x000000000000000000000000de5b54362e53ef23,65765124,0x8cd89919dc08b6d876cbd6aa72c2e893a12054cd8a628ac37c6bb5a75e6fb6b3,1761324662,2025-10-24T16:51:02.000Z
0x21483c255c4cd0e255866aa689f70e4e3dc20c0a,0x0000000000000000000000007a85fa35805b2d3a,65765917,0xe82a8f36ff94d586d91d1e0deedf3ca45302e610e11bf679fa56cd38189e6820,1761325256,2025-10-24T17:00:56.000Z
0x21483c255c4cd0e255866aa689f70e4e3dc20c0a,0x0000000000000000000000000a411f8cc65b6d24,65765917,0xe82a8f36ff94d586d91d1e0deedf3ca45302e610e11bf679fa56cd38189e6820,1761325256,2025-10-24T17:00:56.000Z
0x21483c255c4cd0e255866aa689f70e4e3dc20c0a,0x00000000000000000000000078bd22fc471196d3,65765917,0xe82a8f36ff94d586d91d1e0deedf3ca45302e610e11bf679fa56cd38189e6820,1761325256,2025-10-24T17:00:56.000Z
0x21483c255c4cd0e255866aa689f70e4e3dc20c0a,0x000000000000000000000000de5b54362e53ef23,65765917,0xe82a8f36ff94d586d91d1e0deedf3ca45302e610e11bf679fa56cd38189e6820,1761325256,2025-10-24T17:00:56.000Z
0x19b1c72d7bbdf30898b3b05376674406aed0ef2e,0x000000000000000000000000d474491536979588,65769569,0xa311ef788e81970d156454656f74a052892fabec6db527bae1140937fcbe2255,1761327997,2025-10-24T17:46:37.000Z
0x19b1c72d7bbdf30898b3b05376674406aed0ef2e,0x000000000000000000000000651f24ebbe57969d,65769569,0xa311ef788e81970d156454656f74a052892fabec6db527bae1140937fcbe2255,1761327997,2025-10-24T17:46:37.000Z
0x19b1c72d7bbdf30898b3b05376674406aed0ef2e,0x000000000000000000000000feeb76b397084cfe,65769569,0xa311ef788e81970d156454656f74a052892fabec6db527bae1140937fcbe2255,1761327997,2025-10-24T17:46:37.000Z
0x19b1c72d7bbdf30898b3b05376674406aed0ef2e,0x000000000000000000000000de5b54362e53ef23,65769569,0xa311ef788e81970d156454656f74a052892fabec6db527bae1140937fcbe2255,1761327997,2025-10-24T17:46:37.000Z
0x3d591b22928d40eab528d24cb8425394a3dcb4e5,0x0000000000000000000000007a85fa35805b2d3a,65774140,0x1df1d993d60cc7eae910951de224aceef57e1ab7a1472a2f6a3bec4004e7e264,1761331425,2025-10-24T18:43:45.000Z
0x3d591b22928d40eab528d24cb8425394a3dcb4e5,0x0000000000000000000000000a411f8cc65b6d24,65774140,0x1df1d993d60cc7eae910951de224aceef57e1ab7a1472a2f6a3bec4004e7e264,1761331425,2025-10-24T18:43:45.000Z
0x3d591b22928d40eab528d24cb8425394a3dcb4e5,0x00000000000000000000000078bd22fc471196d3,65774140,0x1df1d993d60cc7eae910951de224aceef57e1ab7a1472a2f6a3bec4004e7e264,1761331425,2025-10-24T18:43:45.000Z
0x3d591b22928d40eab528d24cb8425394a3dcb4e5,0x000000000000000000000000de5b54362e53ef23,65774140,0x1df1d993d60cc7eae910951de224aceef57e1ab7a1472a2f6a3bec4004e7e264,1761331425,2025-10-24T18:43:45.000Z
0x7742ec08739b2a87246edb57701dc820fe17fbd9,0x0000000000000000000000007a85fa35805b2d3a,65792884,0x59f208340927bbbe069dde55ff986d7389d6eb049a815a615a2a2866876aea95,1761345484,2025-10-24T22:38:04.000Z
0x7742ec08739b2a87246edb57701dc820fe17fbd9,0x0000000000000000000000000a411f8cc65b6d24,65792884,0x59f208340927bbbe069dde55ff986d7389d6eb049a815a615a2a2866876aea95,1761345484,2025-10-24T22:38:04.000Z
0x7742ec08739b2a87246edb57701dc820fe17fbd9,0x00000000000000000000000078bd22fc471196d3,65792884,0x59f208340927bbbe069dde55ff986d7389d6eb049a815a615a2a2866876aea95,1761345484,2025-10-24T22:38:04.000Z
0x7742ec08739b2a87246edb57701dc820fe17fbd9,0x000000000000000000000000de5b54362e53ef23,65792884,0x59f208340927bbbe069dde55ff986d7389d6eb049a815a615a2a2866876aea95,1761345484,2025-10-24T22:38:04.000Z
0xaeaea9bca3e53023d9f9e7b5bffa89a197e19dd3,0x0000000000000000000000007a85fa35805b2d3a,65793216,0x449bf76216abbc21b9b192230753aae4e7e6650f57a29d22222b261dd902448f,1761345733,2025-10-24T22:42:13.000Z
0xaeaea9bca3e53023d9f9e7b5bffa89a197e19dd3,0x0000000000000000000000000a411f8cc65b6d24,65793216,0x449bf76216abbc21b9b192230753aae4e7e6650f57a29d22222b261dd902448f,1761345733,2025-10-24T22:42:13.000Z
0xaeaea9bca3e53023d9f9e7b5bffa89a197e19dd3,0x00000000000000000000000078bd22fc471196d3,65793216,0x449bf76216abbc21b9b192230753aae4e7e6650f57a29d22222b261dd902448f,1761345733,2025-10-24T22:42:13.000Z
0xaeaea9bca3e53023d9f9e7b5bffa89a197e19dd3,0x000000000000000000000000de5b54362e53ef23,65793216,0x449bf76216abbc21b9b192230753aae4e7e6650f57a29d22222b261dd902448f,1761345733,2025-10-24T22:42:13.000Z
0x9e2f7f781f83f20f644ef312e9d2baa2bebd3412,0x0000000000000000000000007a85fa35805b2d3a,65793565,0x839a6194c4ba362902ec93f8a334dad873b3ceb4873428d10e49454d8afe6441,1761345995,2025-10-24T22:46:35.000Z
0x9e2f7f781f83f20f644ef312e9d2baa2bebd3412,0x0000000000000000000000000a411f8cc65b6d24,65793565,0x839a6194c4ba362902ec93f8a334dad873b3ceb4873428d10e49454d8afe6441,1761345995,2025-10-24T22:46:35.000Z
0x9e2f7f781f83f20f644ef312e9d2baa2bebd3412,0x00000000000000000000000078bd22fc471196d3,65793565,0x839a6194c4ba362902ec93f8a334dad873b3ceb4873428d10e49454d8afe6441,1761345995,2025-10-24T22:46:35.000Z
0x9e2f7f781f83f20f644ef312e9d2baa2bebd3412,0x000000000000000000000000de5b54362e53ef23,65793565,0x839a6194c4ba362902ec93f8a334dad873b3ceb4873428d10e49454d8afe6441,1761345995,2025-10-24T22:46:35.000Z
0xafcc3d42238334cde8123cc15361b34c96f1d39e,0x0000000000000000000000007a85fa35805b2d3a,65793996,0x47ed63591331ad6323a080c66d22dd612bb494f5f248e1a01dd64d84b4af9258,1761346318,2025-10-24T22:51:58.000Z
0xafcc3d42238334cde8123cc15361b34c96f1d39e,0x0000000000000000000000000a411f8cc65b6d24,65793996,0x47ed63591331ad6323a080c66d22dd612bb494f5f248e1a01dd64d84b4af9258,1761346318,2025-10-24T22:51:58.000Z
0xafcc3d42238334cde8123cc15361b34c96f1d39e,0x00000000000000000000000078bd22fc471196d3,65793996,0x47ed63591331ad6323a080c66d22dd612bb494f5f248e1a01dd64d84b4af9258,1761346318,2025-10-24T22:51:58.000Z
0xafcc3d42238334cde8123cc15361b34c96f1d39e,0x000000000000000000000000de5b54362e53ef23,65793996,0x47ed63591331ad6323a080c66d22dd612bb494f5f248e1a01dd64d84b4af9258,1761346318,2025-10-24T22:51:58.000Z
0x1c83feaeb7fef9c72f6b48623d45dbb42c5ca002,0x0000000000000000000000007a85fa35805b2d3a,65794412,0x2515d338f15cfa71b00e166efd77eb11a0fcb26972e4f169c755c26c8188789a,1761346630,2025-10-24T22:57:10.000Z
0x1c83feaeb7fef9c72f6b48623d45dbb42c5ca002,0x0000000000000000000000000a411f8cc65b6d24,65794412,0x2515d338f15cfa71b00e166efd77eb11a0fcb26972e4f169c755c26c8188789a,1761346630,2025-10-24T22:57:10.000Z
0x1c83feaeb7fef9c72f6b48623d45dbb42c5ca002,0x00000000000000000000000078bd22fc471196d3,65794412,0x2515d338f15cfa71b00e166efd77eb11a0fcb26972e4f169c755c26c8188789a,1761346630,2025-10-24T22:57:10.000Z
0x1c83feaeb7fef9c72f6b48623d45dbb42c5ca002,0x000000000000000000000000de5b54362e53ef23,65794412,0x2515d338f15cfa71b00e166efd77eb11a0fcb26972e4f169c755c26c8188789a,1761346630,2025-10-24T22:57:10.000Z
0x5067a1c170ce5135ac60ece04eb4b734d219e4fa,0x0000000000000000000000007a85fa35805b2d3a,65809022,0x1dcab15bf49a4996ac6a91e7bc79cf8be266554a3806e0d5fb6b67ff215c6291,1761357590,2025-10-25T01:59:50.000Z
0x5067a1c170ce5135ac60ece04eb4b734d219e4fa,0x0000000000000000000000000a411f8cc65b6d24,65809022,0x1dcab15bf49a4996ac6a91e7bc79cf8be266554a3806e0d5fb6b67ff215c6291,1761357590,2025-10-25T01:59:50.000Z
0x5067a1c170ce5135ac60ece04eb4b734d219e4fa,0x00000000000000000000000078bd22fc471196d3,65809022,0x1dcab15bf49a4996ac6a91e7bc79cf8be266554a3806e0d5fb6b67ff215c6291,1761357590,2025-10-25T01:59:50.000Z
0x5067a1c170ce5135ac60ece04eb4b734d219e4fa,0x000000000000000000000000de5b54362e53ef23,65809022,0x1dcab15bf49a4996ac6a91e7bc79cf8be266554a3806e0d5fb6b67ff215c6291,1761357590,2025-10-25T01:59:50.000Z
0xd0eaf70a899e8423afe0fc7b48b5d69725e161fa,0x0000000000000000000000007a85fa35805b2d3a,65824286,0x8781d81221168e0f65fa152d7a69909c20d04351a92ae6786b3f01e1d744cdd2,1761369039,2025-10-25T05:10:39.000Z
0xd0eaf70a899e8423afe0fc7b48b5d69725e161fa,0x0000000000000000000000000a411f8cc65b6d24,65824286,0x8781d81221168e0f65fa152d7a69909c20d04351a92ae6786b3f01e1d744cdd2,1761369039,2025-10-25T05:10:39.000Z
0xd0eaf70a899e8423afe0fc7b48b5d69725e161fa,0x00000000000000000000000078bd22fc471196d3,65824286,0x8781d81221168e0f65fa152d7a69909c20d04351a92ae6786b3f01e1d744cdd2,1761369039,2025-10-25T05:10:39.000Z
0xd0eaf70a899e8423afe0fc7b48b5d69725e161fa,0x000000000000000000000000de5b54362e53ef23,65824286,0x8781d81221168e0f65fa152d7a69909c20d04351a92ae6786b3f01e1d744cdd2,1761369039,2025-10-25T05:10:39.000Z
0xc6152919b5986f6035fc39d7c337bdfa20ac44df,0x0000000000000000000000007a85fa35805b2d3a,65824652,0x3f0bbc8688d1611a6126a83efd804ab94bd283eb10b85cab9d9cb9cf1a657440,1761369313,2025-10-25T05:15:13.000Z
0xc6152919b5986f6035fc39d7c337bdfa20ac44df,0x0000000000000000000000000a411f8cc65b6d24,65824652,0x3f0bbc8688d1611a6126a83efd804ab94bd283eb10b85cab9d9cb9cf1a657440,1761369313,2025-10-25T05:15:13.000Z
0xc6152919b5986f6035fc39d7c337bdfa20ac44df,0x00000000000000000000000078bd22fc471196d3,65824652,0x3f0bbc8688d1611a6126a83efd804ab94bd283eb10b85cab9d9cb9cf1a657440,1761369313,2025-10-25T05:15:13.000Z
0xc6152919b5986f6035fc39d7c337bdfa20ac44df,0x000000000000000000000000de5b54362e53ef23,65824652,0x3f0bbc8688d1611a6126a83efd804ab94bd283eb10b85cab9d9cb9cf1a657440,1761369313,2025-10-25T05:15:13.000Z
0x8fd4e31c1fa7b6c10fd7b7be70edf0abc9d6c209,0x000000000000000000000000bde0653a8d656313,65837829,0xf1905d3183eb759b18e5bd032bca89f61fbc6fbe25afe7b7e680d4260d75c38b,1761379199,2025-10-25T07:59:59.000Z
0x8fd4e31c1fa7b6c10fd7b7be70edf0abc9d6c209,0x000000000000000000000000e71b3d228a5786a7,65837829,0xf1905d3183eb759b18e5bd032bca89f61fbc6fbe25afe7b7e680d4260d75c38b,1761379199,2025-10-25T07:59:59.000Z
0x8fd4e31c1fa7b6c10fd7b7be70edf0abc9d6c209,0x000000000000000000000000869e92a274e699d1,65837829,0xf1905d3183eb759b18e5bd032bca89f61fbc6fbe25afe7b7e680d4260d75c38b,1761379199,2025-10-25T07:59:59.000Z
0x8fd4e31c1fa7b6c10fd7b7be70edf0abc9d6c209,0x000000000000000000000000de5b54362e53ef23,65837829,0xf1905d3183eb759b18e5bd032bca89f61fbc6fbe25afe7b7e680d4260d75c38b,1761379199,2025-10-25T07:59:59.000Z
0xee3ca4fb85c0821c04f658ce4da52ade3ba82a8b,0x0000000000000000000000007a85fa35805b2d3a,65842263,0x999cdf0aa72c6960c25736b94321458aceb57f201d7dafae5f49d518e7cd56f9,1761382525,2025-10-25T08:55:25.000Z
0xee3ca4fb85c0821c04f658ce4da52ade3ba82a8b,0x0000000000000000000000000a411f8cc65b6d24,65842263,0x999cdf0aa72c6960c25736b94321458aceb57f201d7dafae5f49d518e7cd56f9,1761382525,2025-10-25T08:55:25.000Z
0xee3ca4fb85c0821c04f658ce4da52ade3ba82a8b,0x00000000000000000000000078bd22fc471196d3,65842263,0x999cdf0aa72c6960c25736b94321458aceb57f201d7dafae5f49d518e7cd56f9,1761382525,2025-10-25T08:55:25.000Z
0xee3ca4fb85c0821c04f658ce4da52ade3ba82a8b,0x000000000000000000000000de5b54362e53ef23,65842263,0x999cdf0aa72c6960c25736b94321458aceb57f201d7dafae5f49d518e7cd56f9,1761382525,2025-10-25T08:55:25.000Z
0xe82b3b1e84b474941e30c5100dbd2339671208b7,0x0000000000000000000000009cd12f222726fe3c,65843398,0xe817e86835ebc4df1345f7bcad633b36ad21aac10dfe0cb34fd31620154417b1,1761383376,2025-10-25T09:09:36.000Z
0xe82b3b1e84b474941e30c5100dbd2339671208b7,0x00000000000000000000000085ff5b233d0c7b12,65843398,0xe817e86835ebc4df1345f7bcad633b36ad21aac10dfe0cb34fd31620154417b1,1761383376,2025-10-25T09:09:36.000Z
0xe82b3b1e84b474941e30c5100dbd2339671208b7,0x000000000000000000000000ea2d9c6defc5808b,65843398,0xe817e86835ebc4df1345f7bcad633b36ad21aac10dfe0cb34fd31620154417b1,1761383376,2025-10-25T09:09:36.000Z
0xe82b3b1e84b474941e30c5100dbd2339671208b7,0x000000000000000000000000de5b54362e53ef23,65843398,0xe817e86835ebc4df1345f7bcad633b36ad21aac10dfe0cb34fd31620154417b1,1761383376,2025-10-25T09:09:36.000Z
0x7f98d3d3f265f046c5ef5748a6daa6dd1076755d,0x0000000000000000000000007a85fa35805b2d3a,65877781,0x0f1d61b51e83f798930d2933fbda07e50d91c8039a0f866cf2c265b1943184cb,1761409165,2025-10-25T16:19:25.000Z
0x7f98d3d3f265f046c5ef5748a6daa6dd1076755d,0x0000000000000000000000000a411f8cc65b6d24,65877781,0x0f1d61b51e83f798930d2933fbda07e50d91c8039a0f866cf2c265b1943184cb,1761409165,2025-10-25T16:19:25.000Z
0x7f98d3d3f265f046c5ef5748a6daa6dd1076755d,0x00000000000000000000000078bd22fc471196d3,65877781,0x0f1d61b51e83f798930d2933fbda07e50d91c8039a0f866cf2c265b1943184cb,1761409165,2025-10-25T16:19:25.000Z
0x7f98d3d3f265f046c5ef5748a6daa6dd1076755d,0x000000000000000000000000de5b54362e53ef23,65877781,0x0f1d61b51e83f798930d2933fbda07e50d91c8039a0f866cf2c265b1943184cb,1761409165,2025-10-25T16:19:25.000Z
0xcfc4853fb50a0047fa9af3bcd7b5442364aa55d4,0x0000000000000000000000007a85fa35805b2d3a,65878036,0x86a538303caeb4cbefb4a0400dc64da957d398bb7b8ead80575ca6927dc2e082,1761409356,2025-10-25T16:22:36.000Z
0xcfc4853fb50a0047fa9af3bcd7b5442364aa55d4,0x0000000000000000000000000a411f8cc65b6d24,65878036,0x86a538303caeb4cbefb4a0400dc64da957d398bb7b8ead80575ca6927dc2e082,1761409356,2025-10-25T16:22:36.000Z
0xcfc4853fb50a0047fa9af3bcd7b5442364aa55d4,0x00000000000000000000000078bd22fc471196d3,65878036,0x86a538303caeb4cbefb4a0400dc64da957d398bb7b8ead80575ca6927dc2e082,1761409356,2025-10-25T16:22:36.000Z
0xcfc4853fb50a0047fa9af3bcd7b5442364aa55d4,0x000000000000000000000000de5b54362e53ef23,65878036,0x86a538303caeb4cbefb4a0400dc64da957d398bb7b8ead80575ca6927dc2e082,1761409356,2025-10-25T16:22:36.000Z
0x6a887aef117e5ee9835e3e27127965f4a2196662,0x0000000000000000000000007a85fa35805b2d3a,65878388,0x0b51a49c1fb5a11ff399c0f172fc56d7461799958b9d9d497ea259866a57915f,1761409620,2025-10-25T16:27:00.000Z
0x6a887aef117e5ee9835e3e27127965f4a2196662,0x0000000000000000000000000a411f8cc65b6d24,65878388,0x0b51a49c1fb5a11ff399c0f172fc56d7461799958b9d9d497ea259866a57915f,1761409620,2025-10-25T16:27:00.000Z
0x6a887aef117e5ee9835e3e27127965f4a2196662,0x00000000000000000000000078bd22fc471196d3,65878388,0x0b51a49c1fb5a11ff399c0f172fc56d7461799958b9d9d497ea259866a57915f,1761409620,2025-10-25T16:27:00.000Z
0x6a887aef117e5ee9835e3e27127965f4a2196662,0x000000000000000000000000de5b54362e53ef23,65878388,0x0b51a49c1fb5a11ff399c0f172fc56d7461799958b9d9d497ea259866a57915f,1761409620,2025-10-25T16:27:00.000Z
0x224a3e1fe17b36afcd518b8205b3722307c7b73c,0x0000000000000000000000007a85fa35805b2d3a,65878651,0xc71f138a1a8eadd4ac0536369b63414b550cf6878ff078e76439675f4e2a5437,1761409817,2025-10-25T16:30:17.000Z
0x224a3e1fe17b36afcd518b8205b3722307c7b73c,0x0000000000000000000000000a411f8cc65b6d24,65878651,0xc71f138a1a8eadd4ac0536369b63414b550cf6878ff078e76439675f4e2a5437,1761409817,2025-10-25T16:30:17.000Z
0x224a3e1fe17b36afcd518b8205b3722307c7b73c,0x00000000000000000000000078bd22fc471196d3,65878651,0xc71f138a1a8eadd4ac0536369b63414b550cf6878ff078e76439675f4e2a5437,1761409817,2025-10-25T16:30:17.000Z
0x224a3e1fe17b36afcd518b8205b3722307c7b73c,0x000000000000000000000000de5b54362e53ef23,65878651,0xc71f138a1a8eadd4ac0536369b63414b550cf6878ff078e76439675f4e2a5437,1761409817,2025-10-25T16:30:17.000Z
0x98b4d3a01eb30dd4e7389b018deda38d44593d17,0x0000000000000000000000007a85fa35805b2d3a,65879326,0xcddd5ea4089138bf5419d439b30e748b6458559a48a5590cb29b03334931f6a0,1761410323,2025-10-25T16:38:43.000Z
0x98b4d3a01eb30dd4e7389b018deda38d44593d17,0x0000000000000000000000000a411f8cc65b6d24,65879326,0xcddd5ea4089138bf5419d439b30e748b6458559a48a5590cb29b03334931f6a0,1761410323,2025-10-25T16:38:43.000Z
0x98b4d3a01eb30dd4e7389b018deda38d44593d17,0x00000000000000000000000078bd22fc471196d3,65879326,0xcddd5ea4089138bf5419d439b30e748b6458559a48a5590cb29b03334931f6a0,1761410323,2025-10-25T16:38:43.000Z
0x98b4d3a01eb30dd4e7389b018deda38d44593d17,0x000000000000000000000000de5b54362e53ef23,65879326,0xcddd5ea4089138bf5419d439b30e748b6458559a48a5590cb29b03334931f6a0,1761410323,2025-10-25T16:38:43.000Z
0xa8dbe96e290a52df0cd475e09a422ec1761d4943,0x0000000000000000000000007a85fa35805b2d3a,65879586,0x28b32631bde335076fb1cb732d88a591d26c389277ba00ab65ec3c280dbfb499,1761410518,2025-10-25T16:41:58.000Z
0xa8dbe96e290a52df0cd475e09a422ec1761d4943,0x0000000000000000000000000a411f8cc65b6d24,65879586,0x28b32631bde335076fb1cb732d88a591d26c389277ba00ab65ec3c280dbfb499,1761410518,2025-10-25T16:41:58.000Z
0xa8dbe96e290a52df0cd475e09a422ec1761d4943,0x00000000000000000000000078bd22fc471196d3,65879586,0x28b32631bde335076fb1cb732d88a591d26c389277ba00ab65ec3c280dbfb499,1761410518,2025-10-25T16:41:58.000Z
0xa8dbe96e290a52df0cd475e09a422ec1761d4943,0x000000000000000000000000de5b54362e53ef23,65879586,0x28b32631bde335076fb1cb732d88a591d26c389277ba00ab65ec3c280dbfb499,1761410518,2025-10-25T16:41:58.000Z
0x7ed4957e3d3e9cf397c0d38fe7c9f4a6b3729728,0x0000000000000000000000007a85fa35805b2d3a,65879853,0x7447531349d0f2228efa150f917846f836a5913c505f21509bce2a29322cfdbf,1761410719,2025-10-25T16:45:19.000Z
0x7ed4957e3d3e9cf397c0d38fe7c9f4a6b3729728,0x0000000000000000000000000a411f8cc65b6d24,65879853,0x7447531349d0f2228efa150f917846f836a5913c505f21509bce2a29322cfdbf,1761410719,2025-10-25T16:45:19.000Z
0x7ed4957e3d3e9cf397c0d38fe7c9f4a6b3729728,0x00000000000000000000000078bd22fc471196d3,65879853,0x7447531349d0f2228efa150f917846f836a5913c505f21509bce2a29322cfdbf,1761410719,2025-10-25T16:45:19.000Z
0x7ed4957e3d3e9cf397c0d38fe7c9f4a6b3729728,0x000000000000000000000000de5b54362e53ef23,65879853,0x7447531349d0f2228efa150f917846f836a5913c505f21509bce2a29322cfdbf,1761410719,2025-10-25T16:45:19.000Z
0xe1fda1cf247c7c5772e5325a90cb18aa656077cd,0x0000000000000000000000007a85fa35805b2d3a,65880085,0xa586d1f8a5b1e9628632ffe89267f6731667c9c07934acadd81125a451daa624,1761410893,2025-10-25T16:48:13.000Z
0xe1fda1cf247c7c5772e5325a90cb18aa656077cd,0x0000000000000000000000000a411f8cc65b6d24,65880085,0xa586d1f8a5b1e9628632ffe89267f6731667c9c07934acadd81125a451daa624,1761410893,2025-10-25T16:48:13.000Z
0xe1fda1cf247c7c5772e5325a90cb18aa656077cd,0x00000000000000000000000078bd22fc471196d3,65880085,0xa586d1f8a5b1e9628632ffe89267f6731667c9c07934acadd81125a451daa624,1761410893,2025-10-25T16:48:13.000Z
0xe1fda1cf247c7c5772e5325a90cb18aa656077cd,0x000000000000000000000000de5b54362e53ef23,65880085,0xa586d1f8a5b1e9628632ffe89267f6731667c9c07934acadd81125a451daa624,1761410893,2025-10-25T16:48:13.000Z
0xba72a96683c84e528eb68be580385523b7e47103,0x0000000000000000000000007a85fa35805b2d3a,65880419,0x03a159ed8703c351c3b3a0ce34d841d01f6b2ccc20412be75c99d82cd9e8ef5c,1761411143,2025-10-25T16:52:23.000Z
0xba72a96683c84e528eb68be580385523b7e47103,0x0000000000000000000000000a411f8cc65b6d24,65880419,0x03a159ed8703c351c3b3a0ce34d841d01f6b2ccc20412be75c99d82cd9e8ef5c,1761411143,2025-10-25T16:52:23.000Z
0xba72a96683c84e528eb68be580385523b7e47103,0x00000000000000000000000078bd22fc471196d3,65880419,0x03a159ed8703c351c3b3a0ce34d841d01f6b2ccc20412be75c99d82cd9e8ef5c,1761411143,2025-10-25T16:52:23.000Z
0xba72a96683c84e528eb68be580385523b7e47103,0x000000000000000000000000de5b54362e53ef23,65880419,0x03a159ed8703c351c3b3a0ce34d841d01f6b2ccc20412be75c99d82cd9e8ef5c,1761411143,2025-10-25T16:52:23.000Z
0x315d7626ae87928199423db543908fe518a9c9fe,0x0000000000000000000000007a85fa35805b2d3a,65880720,0xb33655197828eba01f45a21f13ab8cf68416efe3d482d6a2d809b1a0c81cfb97,1761411369,2025-10-25T16:56:09.000Z
0x315d7626ae87928199423db543908fe518a9c9fe,0x0000000000000000000000000a411f8cc65b6d24,65880720,0xb33655197828eba01f45a21f13ab8cf68416efe3d482d6a2d809b1a0c81cfb97,1761411369,2025-10-25T16:56:09.000Z
0x315d7626ae87928199423db543908fe518a9c9fe,0x00000000000000000000000078bd22fc471196d3,65880720,0xb33655197828eba01f45a21f13ab8cf68416efe3d482d6a2d809b1a0c81cfb97,1761411369,2025-10-25T16:56:09.000Z
0x315d7626ae87928199423db543908fe518a9c9fe,0x000000000000000000000000de5b54362e53ef23,65880720,0xb33655197828eba01f45a21f13ab8cf68416efe3d482d6a2d809b1a0c81cfb97,1761411369,2025-10-25T16:56:09.000Z
0xe80fc93693c9774a0cfdb134878610490c602133,0x0000000000000000000000007a85fa35805b2d3a,65880999,0x2a810aa97e76c9bb905c7a0b0f24629b9a94c4dadf6efd984fa7ad4873013d9d,1761411578,2025-10-25T16:59:38.000Z
0xe80fc93693c9774a0cfdb134878610490c602133,0x0000000000000000000000000a411f8cc65b6d24,65880999,0x2a810aa97e76c9bb905c7a0b0f24629b9a94c4dadf6efd984fa7ad4873013d9d,1761411578,2025-10-25T16:59:38.000Z
0xe80fc93693c9774a0cfdb134878610490c602133,0x00000000000000000000000078bd22fc471196d3,65880999,0x2a810aa97e76c9bb905c7a0b0f24629b9a94c4dadf6efd984fa7ad4873013d9d,1761411578,2025-10-25T16:59:38.000Z
0xe80fc93693c9774a0cfdb134878610490c602133,0x000000000000000000000000de5b54362e53ef23,65880999,0x2a810aa97e76c9bb905c7a0b0f24629b9a94c4dadf6efd984fa7ad4873013d9d,1761411578,2025-10-25T16:59:38.000Z
0xd1ab90a2b565bfcbdaa5457bd6e7c1fb662cc8d4,0x0000000000000000000000007a85fa35805b2d3a,65881196,0x8bfb47be3a2b7e5b297c3038ef7df00786615281fcba503c0f05f803fdb59c18,1761411726,2025-10-25T17:02:06.000Z
0xd1ab90a2b565bfcbdaa5457bd6e7c1fb662cc8d4,0x0000000000000000000000000a411f8cc65b6d24,65881196,0x8bfb47be3a2b7e5b297c3038ef7df00786615281fcba503c0f05f803fdb59c18,1761411726,2025-10-25T17:02:06.000Z
0xd1ab90a2b565bfcbdaa5457bd6e7c1fb662cc8d4,0x00000000000000000000000078bd22fc471196d3,65881196,0x8bfb47be3a2b7e5b297c3038ef7df00786615281fcba503c0f05f803fdb59c18,1761411726,2025-10-25T17:02:06.000Z
0xd1ab90a2b565bfcbdaa5457bd6e7c1fb662cc8d4,0x000000000000000000000000de5b54362e53ef23,65881196,0x8bfb47be3a2b7e5b297c3038ef7df00786615281fcba503c0f05f803fdb59c18,1761411726,2025-10-25T17:02:06.000Z
0x46059e7faa65d7bf5b20ec553a1ffc32a4fd25a3,0x0000000000000000000000007a85fa35805b2d3a,65881425,0xbf5213499f26c818c4f79ee2dce94b8499fb3204f65e41a8e7af575451316470,1761411898,2025-10-25T17:04:58.000Z
0x46059e7faa65d7bf5b20ec553a1ffc32a4fd25a3,0x0000000000000000000000000a411f8cc65b6d24,65881425,0xbf5213499f26c818c4f79ee2dce94b8499fb3204f65e41a8e7af575451316470,1761411898,2025-10-25T17:04:58.000Z
0x46059e7faa65d7bf5b20ec553a1ffc32a4fd25a3,0x00000000000000000000000078bd22fc471196d3,65881425,0xbf5213499f26c818c4f79ee2dce94b8499fb3204f65e41a8e7af575451316470,1761411898,2025-10-25T17:04:58.000Z
0x46059e7faa65d7bf5b20ec553a1ffc32a4fd25a3,0x000000000000000000000000de5b54362e53ef23,65881425,0xbf5213499f26c818c4f79ee2dce94b8499fb3204f65e41a8e7af575451316470,1761411898,2025-10-25T17:04:58.000Z
0xf478b8a71145a9ffc13bd5125c614b14692f3ef5,0x0000000000000000000000007a85fa35805b2d3a,65881773,0xb39fd6fd304c476607bb9ecfca92c820263b6cca29bd98b292f00c543d4fa749,1761412159,2025-10-25T17:09:19.000Z
0xf478b8a71145a9ffc13bd5125c614b14692f3ef5,0x0000000000000000000000000a411f8cc65b6d24,65881773,0xb39fd6fd304c476607bb9ecfca92c820263b6cca29bd98b292f00c543d4fa749,1761412159,2025-10-25T17:09:19.000Z
0xf478b8a71145a9ffc13bd5125c614b14692f3ef5,0x00000000000000000000000078bd22fc471196d3,65881773,0xb39fd6fd304c476607bb9ecfca92c820263b6cca29bd98b292f00c543d4fa749,1761412159,2025-10-25T17:09:19.000Z
0xf478b8a71145a9ffc13bd5125c614b14692f3ef5,0x000000000000000000000000de5b54362e53ef23,65881773,0xb39fd6fd304c476607bb9ecfca92c820263b6cca29bd98b292f00c543d4fa749,1761412159,2025-10-25T17:09:19.000Z
0x705cad469df437c8fc61327e69759cc8f2c977d0,0x0000000000000000000000007a85fa35805b2d3a,65882471,0x3f0de94b13815d48c19d3389799927c5ab451ada554b354316499b321f8c5112,1761412682,2025-10-25T17:18:02.000Z
0x705cad469df437c8fc61327e69759cc8f2c977d0,0x0000000000000000000000000a411f8cc65b6d24,65882471,0x3f0de94b13815d48c19d3389799927c5ab451ada554b354316499b321f8c5112,1761412682,2025-10-25T17:18:02.000Z
0x705cad469df437c8fc61327e69759cc8f2c977d0,0x00000000000000000000000078bd22fc471196d3,65882471,0x3f0de94b13815d48c19d3389799927c5ab451ada554b354316499b321f8c5112,1761412682,2025-10-25T17:18:02.000Z
0x705cad469df437c8fc61327e69759cc8f2c977d0,0x000000000000000000000000de5b54362e53ef23,65882471,0x3f0de94b13815d48c19d3389799927c5ab451ada554b354316499b321f8c5112,1761412682,2025-10-25T17:18:02.000Z
0xdd00af612aa62cbd451c3eda20d4f46f9159f30c,0x0000000000000000000000007a85fa35805b2d3a,65882984,0xcf98b548e6468f15ece871218aac5fc13f4ef2e5be5479efa3ded665b8a11e3c,1761413067,2025-10-25T17:24:27.000Z
0xdd00af612aa62cbd451c3eda20d4f46f9159f30c,0x0000000000000000000000000a411f8cc65b6d24,65882984,0xcf98b548e6468f15ece871218aac5fc13f4ef2e5be5479efa3ded665b8a11e3c,1761413067,2025-10-25T17:24:27.000Z
0xdd00af612aa62cbd451c3eda20d4f46f9159f30c,0x00000000000000000000000078bd22fc471196d3,65882984,0xcf98b548e6468f15ece871218aac5fc13f4ef2e5be5479efa3ded665b8a11e3c,1761413067,2025-10-25T17:24:27.000Z
0xdd00af612aa62cbd451c3eda20d4f46f9159f30c,0x000000000000000000000000de5b54362e53ef23,65882984,0xcf98b548e6468f15ece871218aac5fc13f4ef2e5be5479efa3ded665b8a11e3c,1761413067,2025-10-25T17:24:27.000Z
0x33da863e6c2f2beef34fd1598ec047c1acac1751,0x0000000000000000000000007a85fa35805b2d3a,65883338,0xa7d5df87cc4326503a9314e88cf0365be8bbc5bdcc9338e530474ed997624a83,1761413332,2025-10-25T17:28:52.000Z
0x33da863e6c2f2beef34fd1598ec047c1acac1751,0x0000000000000000000000000a411f8cc65b6d24,65883338,0xa7d5df87cc4326503a9314e88cf0365be8bbc5bdcc9338e530474ed997624a83,1761413332,2025-10-25T17:28:52.000Z
0x33da863e6c2f2beef34fd1598ec047c1acac1751,0x00000000000000000000000078bd22fc471196d3,65883338,0xa7d5df87cc4326503a9314e88cf0365be8bbc5bdcc9338e530474ed997624a83,1761413332,2025-10-25T17:28:52.000Z
0x33da863e6c2f2beef34fd1598ec047c1acac1751,0x000000000000000000000000de5b54362e53ef23,65883338,0xa7d5df87cc4326503a9314e88cf0365be8bbc5bdcc9338e530474ed997624a83,1761413332,2025-10-25T17:28:52.000Z
0x44049945fc0ff16429f17f5bcb6e0027856d9ce4,0x0000000000000000000000007a85fa35805b2d3a,65883676,0x7d3a67b2c002949b462d581adadafdf642e4d59199b580bda64d8513b8c7abb4,1761413586,2025-10-25T17:33:06.000Z
0x44049945fc0ff16429f17f5bcb6e0027856d9ce4,0x0000000000000000000000000a411f8cc65b6d24,65883676,0x7d3a67b2c002949b462d581adadafdf642e4d59199b580bda64d8513b8c7abb4,1761413586,2025-10-25T17:33:06.000Z
0x44049945fc0ff16429f17f5bcb6e0027856d9ce4,0x00000000000000000000000078bd22fc471196d3,65883676,0x7d3a67b2c002949b462d581adadafdf642e4d59199b580bda64d8513b8c7abb4,1761413586,2025-10-25T17:33:06.000Z
0x44049945fc0ff16429f17f5bcb6e0027856d9ce4,0x000000000000000000000000de5b54362e53ef23,65883676,0x7d3a67b2c002949b462d581adadafdf642e4d59199b580bda64d8513b8c7abb4,1761413586,2025-10-25T17:33:06.000Z
0x27f3ac7c4199ad29ee8a51f831cb521a423f00e5,0x0000000000000000000000007a85fa35805b2d3a,65884141,0x5e1ea7a515eba57ef6aa7e21c117a15f5b76fe027cf6a5e41da890f7de356d20,1761413935,2025-10-25T17:38:55.000Z
0x27f3ac7c4199ad29ee8a51f831cb521a423f00e5,0x0000000000000000000000000a411f8cc65b6d24,65884141,0x5e1ea7a515eba57ef6aa7e21c117a15f5b76fe027cf6a5e41da890f7de356d20,1761413935,2025-10-25T17:38:55.000Z
0x27f3ac7c4199ad29ee8a51f831cb521a423f00e5,0x00000000000000000000000078bd22fc471196d3,65884141,0x5e1ea7a515eba57ef6aa7e21c117a15f5b76fe027cf6a5e41da890f7de356d20,1761413935,2025-10-25T17:38:55.000Z
0x27f3ac7c4199ad29ee8a51f831cb521a423f00e5,0x000000000000000000000000de5b54362e53ef23,65884141,0x5e1ea7a515eba57ef6aa7e21c117a15f5b76fe027cf6a5e41da890f7de356d20,1761413935,2025-10-25T17:38:55.000Z
0x434a87dbe13dad18f3f9f0034176089cac463b43,0x0000000000000000000000007a85fa35805b2d3a,65884986,0x393f7f6e02be0da06d1aed5ae2b3e29d1e47d1173f138d9e66fa959415ad8064,1761414568,2025-10-25T17:49:28.000Z
0x434a87dbe13dad18f3f9f0034176089cac463b43,0x0000000000000000000000000a411f8cc65b6d24,65884986,0x393f7f6e02be0da06d1aed5ae2b3e29d1e47d1173f138d9e66fa959415ad8064,1761414568,2025-10-25T17:49:28.000Z
0x434a87dbe13dad18f3f9f0034176089cac463b43,0x00000000000000000000000078bd22fc471196d3,65884986,0x393f7f6e02be0da06d1aed5ae2b3e29d1e47d1173f138d9e66fa959415ad8064,1761414568,2025-10-25T17:49:28.000Z
0x434a87dbe13dad18f3f9f0034176089cac463b43,0x000000000000000000000000de5b54362e53ef23,65884986,0x393f7f6e02be0da06d1aed5ae2b3e29d1e47d1173f138d9e66fa959415ad8064,1761414568,2025-10-25T17:49:28.000Z
0x17ce7977ffbb9c6bb33dc250b38b77d3a047a6eb,0x000000000000000000000000fc711d1eec2f1188,65890697,0x724bf3eb9adce82fda5f2ef64d26969c89e5c33661e512111f1379632e3dc41b,1761418852,2025-10-25T19:00:52.000Z
0x17ce7977ffbb9c6bb33dc250b38b77d3a047a6eb,0x000000000000000000000000001cf5a7520a553f,65890697,0x724bf3eb9adce82fda5f2ef64d26969c89e5c33661e512111f1379632e3dc41b,1761418852,2025-10-25T19:00:52.000Z
0x17ce7977ffbb9c6bb33dc250b38b77d3a047a6eb,0x000000000000000000000000107bb14cc71a278e,65890697,0x724bf3eb9adce82fda5f2ef64d26969c89e5c33661e512111f1379632e3dc41b,1761418852,2025-10-25T19:00:52.000Z
0x17ce7977ffbb9c6bb33dc250b38b77d3a047a6eb,0x000000000000000000000000de5b54362e53ef23,65890697,0x724bf3eb9adce82fda5f2ef64d26969c89e5c33661e512111f1379632e3dc41b,1761418852,2025-10-25T19:00:52.000Z
0xfb596678654eba687f728ef4bc2f078d26abea60,0x000000000000000000000000d474491536979588,65928391,0xe9cdca1c497e165e751a716dc2c4ac1c063fa2298163591efaa9ef57dd921e8a,1761447126,2025-10-26T02:52:06.000Z
0xfb596678654eba687f728ef4bc2f078d26abea60,0x000000000000000000000000651f24ebbe57969d,65928391,0xe9cdca1c497e165e751a716dc2c4ac1c063fa2298163591efaa9ef57dd921e8a,1761447126,2025-10-26T02:52:06.000Z
0xfb596678654eba687f728ef4bc2f078d26abea60,0x000000000000000000000000feeb76b397084cfe,65928391,0xe9cdca1c497e165e751a716dc2c4ac1c063fa2298163591efaa9ef57dd921e8a,1761447126,2025-10-26T02:52:06.000Z
0xfb596678654eba687f728ef4bc2f078d26abea60,0x000000000000000000000000de5b54362e53ef23,65928391,0xe9cdca1c497e165e751a716dc2c4ac1c063fa2298163591efaa9ef57dd921e8a,1761447126,2025-10-26T02:52:06.000Z
0xbf8eee65e05fc0cc24bff5da5441eadd97367d9a,0x000000000000000000000000bef871b38229149f,65997809,0x20a922a815e32c34ea2b5dc232aaf873eed73061714283a8e76ad987a37ab1c0,1761499197,2025-10-26T17:19:57.000Z
0xbf8eee65e05fc0cc24bff5da5441eadd97367d9a,0x0000000000000000000000001a603734036e4f12,65997809,0x20a922a815e32c34ea2b5dc232aaf873eed73061714283a8e76ad987a37ab1c0,1761499197,2025-10-26T17:19:57.000Z
0xbf8eee65e05fc0cc24bff5da5441eadd97367d9a,0x0000000000000000000000009c8a7c2a74fb948d,65997809,0x20a922a815e32c34ea2b5dc232aaf873eed73061714283a8e76ad987a37ab1c0,1761499197,2025-10-26T17:19:57.000Z
0xbf8eee65e05fc0cc24bff5da5441eadd97367d9a,0x000000000000000000000000de5b54362e53ef23,65997809,0x20a922a815e32c34ea2b5dc232aaf873eed73061714283a8e76ad987a37ab1c0,1761499197,2025-10-26T17:19:57.000Z
0xec6f019257431f266277cde3e708c0d6e8e9dc56,0x0000000000000000000000001a603734036e4f12,65999888,0xb5b81ee185b1c909a0c5d7bfe6f287e20341394952b3a5bf2b0ff2df65611ef1,1761500756,2025-10-26T17:45:56.000Z
0xec6f019257431f266277cde3e708c0d6e8e9dc56,0x0000000000000000000000009c8a7c2a74fb948d,65999888,0xb5b81ee185b1c909a0c5d7bfe6f287e20341394952b3a5bf2b0ff2df65611ef1,1761500756,2025-10-26T17:45:56.000Z
0xec6f019257431f266277cde3e708c0d6e8e9dc56,0x000000000000000000000000c2f80f1997092bb3,65999888,0xb5b81ee185b1c909a0c5d7bfe6f287e20341394952b3a5bf2b0ff2df65611ef1,1761500756,2025-10-26T17:45:56.000Z
0xec6f019257431f266277cde3e708c0d6e8e9dc56,0x000000000000000000000000de5b54362e53ef23,65999888,0xb5b81ee185b1c909a0c5d7bfe6f287e20341394952b3a5bf2b0ff2df65611ef1,1761500756,2025-10-26T17:45:56.000Z
0x998985fe9826dbf848a68f69f7e6cf8fc91b40a2,0x0000000000000000000000004551cc5b1330f30b,66041690,0x0a6133bfe4bb541458e1ba95ae6d26f3749b53d56ef02c194fd7006c37f9d969,1761532110,2025-10-27T02:28:30.000Z
0x998985fe9826dbf848a68f69f7e6cf8fc91b40a2,0x000000000000000000000000fc711d1eec2f1188,66041690,0x0a6133bfe4bb541458e1ba95ae6d26f3749b53d56ef02c194fd7006c37f9d969,1761532110,2025-10-27T02:28:30.000Z
0x998985fe9826dbf848a68f69f7e6cf8fc91b40a2,0x000000000000000000000000001cf5a7520a553f,66041690,0x0a6133bfe4bb541458e1ba95ae6d26f3749b53d56ef02c194fd7006c37f9d969,1761532110,2025-10-27T02:28:30.000Z
0x998985fe9826dbf848a68f69f7e6cf8fc91b40a2,0x000000000000000000000000de5b54362e53ef23,66041690,0x0a6133bfe4bb541458e1ba95ae6d26f3749b53d56ef02c194fd7006c37f9d969,1761532110,2025-10-27T02:28:30.000Z
0xfd3d5194fa54f3b659c6c872693afe20d5a426a7,0x000000000000000000000000703e6e0fa4226641,66053441,0xf8f29f0c9b1a8926569e45378513c5e2c65ce673c585308dc9f608323dff5659,1761540924,2025-10-27T04:55:24.000Z
0xfd3d5194fa54f3b659c6c872693afe20d5a426a7,0x000000000000000000000000651f24ebbe57969d,66053441,0xf8f29f0c9b1a8926569e45378513c5e2c65ce673c585308dc9f608323dff5659,1761540924,2025-10-27T04:55:24.000Z
0xfd3d5194fa54f3b659c6c872693afe20d5a426a7,0x000000000000000000000000feeb76b397084cfe,66053441,0xf8f29f0c9b1a8926569e45378513c5e2c65ce673c585308dc9f608323dff5659,1761540924,2025-10-27T04:55:24.000Z
0xfd3d5194fa54f3b659c6c872693afe20d5a426a7,0x000000000000000000000000de5b54362e53ef23,66053441,0xf8f29f0c9b1a8926569e45378513c5e2c65ce673c585308dc9f608323dff5659,1761540924,2025-10-27T04:55:24.000Z
0x49deb480ed440ea31e6f89577340ceec2a99e3aa,0x000000000000000000000000a3beed4a3ec3bbd1,66056044,0xda9026b2c3f4807a936239561fde23911544b532d3479c92d16034050fae808b,1761542877,2025-10-27T05:27:57.000Z
0x49deb480ed440ea31e6f89577340ceec2a99e3aa,0x000000000000000000000000aafda259ae041fcc,66056044,0xda9026b2c3f4807a936239561fde23911544b532d3479c92d16034050fae808b,1761542877,2025-10-27T05:27:57.000Z
0x49deb480ed440ea31e6f89577340ceec2a99e3aa,0x0000000000000000000000004326a4441a01a4e7,66056044,0xda9026b2c3f4807a936239561fde23911544b532d3479c92d16034050fae808b,1761542877,2025-10-27T05:27:57.000Z
0x49deb480ed440ea31e6f89577340ceec2a99e3aa,0x000000000000000000000000de5b54362e53ef23,66056044,0xda9026b2c3f4807a936239561fde23911544b532d3479c92d16034050fae808b,1761542877,2025-10-27T05:27:57.000Z
0xe9baa055719ecc4e51f581003b870505e4310c7e,0x00000000000000000000000049deb480ed440ea3,66056498,0xc00187c682ae2bc883ff73b2efb42299105e136cfaee8afec6806c98057543af,1761543217,2025-10-27T05:33:37.000Z
0xe9baa055719ecc4e51f581003b870505e4310c7e,0x000000000000000000000000a3beed4a3ec3bbd1,66056498,0xc00187c682ae2bc883ff73b2efb42299105e136cfaee8afec6806c98057543af,1761543217,2025-10-27T05:33:37.000Z
0xe9baa055719ecc4e51f581003b870505e4310c7e,0x000000000000000000000000aafda259ae041fcc,66056498,0xc00187c682ae2bc883ff73b2efb42299105e136cfaee8afec6806c98057543af,1761543217,2025-10-27T05:33:37.000Z
0xe9baa055719ecc4e51f581003b870505e4310c7e,0x000000000000000000000000de5b54362e53ef23,66056498,0xc00187c682ae2bc883ff73b2efb42299105e136cfaee8afec6806c98057543af,1761543217,2025-10-27T05:33:37.000Z
0xff58701ffa72daa8b1465935926506269a43dac2,0x000000000000000000000000d474491536979588,66074965,0x1ed9643d19fb62f0f57e663f08621af726ce35d829cd55bc1fd69e62ef7a5aa4,1761557069,2025-10-27T09:24:29.000Z
0xff58701ffa72daa8b1465935926506269a43dac2,0x000000000000000000000000651f24ebbe57969d,66074965,0x1ed9643d19fb62f0f57e663f08621af726ce35d829cd55bc1fd69e62ef7a5aa4,1761557069,2025-10-27T09:24:29.000Z
0xff58701ffa72daa8b1465935926506269a43dac2,0x000000000000000000000000feeb76b397084cfe,66074965,0x1ed9643d19fb62f0f57e663f08621af726ce35d829cd55bc1fd69e62ef7a5aa4,1761557069,2025-10-27T09:24:29.000Z
0xff58701ffa72daa8b1465935926506269a43dac2,0x000000000000000000000000de5b54362e53ef23,66074965,0x1ed9643d19fb62f0f57e663f08621af726ce35d829cd55bc1fd69e62ef7a5aa4,1761557069,2025-10-27T09:24:29.000Z
0xeb7dbb6f49d1e60525a74728a30b829cfe566bb4,0x000000000000000000000000998985fe9826dbf8,66091274,0xf9665fab458f58010f0e5fc5787b1f9b7f5d55db3b460f9521b5b770bfbe4373,1761569303,2025-10-27T12:48:23.000Z
0xeb7dbb6f49d1e60525a74728a30b829cfe566bb4,0x0000000000000000000000004551cc5b1330f30b,66091274,0xf9665fab458f58010f0e5fc5787b1f9b7f5d55db3b460f9521b5b770bfbe4373,1761569303,2025-10-27T12:48:23.000Z
0xeb7dbb6f49d1e60525a74728a30b829cfe566bb4,0x000000000000000000000000fc711d1eec2f1188,66091274,0xf9665fab458f58010f0e5fc5787b1f9b7f5d55db3b460f9521b5b770bfbe4373,1761569303,2025-10-27T12:48:23.000Z
0xeb7dbb6f49d1e60525a74728a30b829cfe566bb4,0x000000000000000000000000de5b54362e53ef23,66091274,0xf9665fab458f58010f0e5fc5787b1f9b7f5d55db3b460f9521b5b770bfbe4373,1761569303,2025-10-27T12:48:23.000Z
0xed341a91ce0e4ed26f57024ea8135f2f6fab5428,0x00000000000000000000000013ba65cc1a4a23d4,66192049,0xfc08936c08444398661820d035b9571ecdd89ccd1ad05c68407e6fed1175b96d,1761644890,2025-10-28T09:48:10.000Z
0xed341a91ce0e4ed26f57024ea8135f2f6fab5428,0x000000000000000000000000637b2a53fd490479,66192049,0xfc08936c08444398661820d035b9571ecdd89ccd1ad05c68407e6fed1175b96d,1761644890,2025-10-28T09:48:10.000Z
0xed341a91ce0e4ed26f57024ea8135f2f6fab5428,0x0000000000000000000000006d3609a12043389b,66192049,0xfc08936c08444398661820d035b9571ecdd89ccd1ad05c68407e6fed1175b96d,1761644890,2025-10-28T09:48:10.000Z
0xed341a91ce0e4ed26f57024ea8135f2f6fab5428,0x000000000000000000000000de5b54362e53ef23,66192049,0xfc08936c08444398661820d035b9571ecdd89ccd1ad05c68407e6fed1175b96d,1761644890,2025-10-28T09:48:10.000Z
0xa6aa59ba270b72bd0bb6f8369863f78f313c690c,0x000000000000000000000000651f24ebbe57969d,66223202,0xd3af636d9ff088f7a559fa36d7fbb91412ef72fc4c344bff0d77e76a8bc8f04b,1761668268,2025-10-28T16:17:48.000Z
0xa6aa59ba270b72bd0bb6f8369863f78f313c690c,0x000000000000000000000000feeb76b397084cfe,66223202,0xd3af636d9ff088f7a559fa36d7fbb91412ef72fc4c344bff0d77e76a8bc8f04b,1761668268,2025-10-28T16:17:48.000Z
0xa6aa59ba270b72bd0bb6f8369863f78f313c690c,0x000000000000000000000000524ad71c5d57ad62,66223202,0xd3af636d9ff088f7a559fa36d7fbb91412ef72fc4c344bff0d77e76a8bc8f04b,1761668268,2025-10-28T16:17:48.000Z
0xa6aa59ba270b72bd0bb6f8369863f78f313c690c,0x000000000000000000000000de5b54362e53ef23,66223202,0xd3af636d9ff088f7a559fa36d7fbb91412ef72fc4c344bff0d77e76a8bc8f04b,1761668268,2025-10-28T16:17:48.000Z
0xeb3d0233094c9477089c7a480a8e0826655ad2f7,0x000000000000000000000000f0d4a62fb9a643ca,66293702,0x892280f5f740e307b89f1d4d51616a815c488ff429f15ccac7c6e38b9853c7d4,1761721149,2025-10-29T06:59:09.000Z
0xeb3d0233094c9477089c7a480a8e0826655ad2f7,0x000000000000000000000000b78e4f8640d662b1,66293702,0x892280f5f740e307b89f1d4d51616a815c488ff429f15ccac7c6e38b9853c7d4,1761721149,2025-10-29T06:59:09.000Z
0xeb3d0233094c9477089c7a480a8e0826655ad2f7,0x000000000000000000000000195fd033be64ef32,66293702,0x892280f5f740e307b89f1d4d51616a815c488ff429f15ccac7c6e38b9853c7d4,1761721149,2025-10-29T06:59:09.000Z
0xeb3d0233094c9477089c7a480a8e0826655ad2f7,0x000000000000000000000000de5b54362e53ef23,66293702,0x892280f5f740e307b89f1d4d51616a815c488ff429f15ccac7c6e38b9853c7d4,1761721149,2025-10-29T06:59:09.000Z
0x56d1a4f58677d316696c03ad7e788c0668875619,0x0000000000000000000000005685ab7c60392667,66353698,0x23676922ad4d617bbef79cbb17a97d2f577814aad9d5f1046957e60cb5765504,1761766152,2025-10-29T19:29:12.000Z
0x56d1a4f58677d316696c03ad7e788c0668875619,0x00000000000000000000000092d6d3fbe4067a2f,66353698,0x23676922ad4d617bbef79cbb17a97d2f577814aad9d5f1046957e60cb5765504,1761766152,2025-10-29T19:29:12.000Z
0x56d1a4f58677d316696c03ad7e788c0668875619,0x0000000000000000000000008d66facd7673f48c,66353698,0x23676922ad4d617bbef79cbb17a97d2f577814aad9d5f1046957e60cb5765504,1761766152,2025-10-29T19:29:12.000Z
0x56d1a4f58677d316696c03ad7e788c0668875619,0x000000000000000000000000de5b54362e53ef23,66353698,0x23676922ad4d617bbef79cbb17a97d2f577814aad9d5f1046957e60cb5765504,1761766152,2025-10-29T19:29:12.000Z
0xcb3576dc0b19d8dac305ec4a1f413229c1054050,0x0000000000000000000000000b8ce32b7b579653,66404292,0xc2c00b2e6622756d8149622589d4b730ee2cbb7e98803c15f909d6170687f3db,1761804112,2025-10-30T06:01:52.000Z
0xcb3576dc0b19d8dac305ec4a1f413229c1054050,0x000000000000000000000000ceba129e0462c7e5,66404292,0xc2c00b2e6622756d8149622589d4b730ee2cbb7e98803c15f909d6170687f3db,1761804112,2025-10-30T06:01:52.000Z
0xcb3576dc0b19d8dac305ec4a1f413229c1054050,0x000000000000000000000000c0db02f3b35ee917,66404292,0xc2c00b2e6622756d8149622589d4b730ee2cbb7e98803c15f909d6170687f3db,1761804112,2025-10-30T06:01:52.000Z
0xcb3576dc0b19d8dac305ec4a1f413229c1054050,0x000000000000000000000000de5b54362e53ef23,66404292,0xc2c00b2e6622756d8149622589d4b730ee2cbb7e98803c15f909d6170687f3db,1761804112,2025-10-30T06:01:52.000Z
0xc3f529c5afcc285f377fd1df1941339d8870ce55,0x000000000000000000000000f9eb0bfce4d63ccf,66432017,0xa7332988535a5b8921fc3b7b70741584134ddb35549bc864ce4fc480bfa98cbe,1761824909,2025-10-30T11:48:29.000Z
0xc3f529c5afcc285f377fd1df1941339d8870ce55,0x000000000000000000000000524ad71c5d57ad62,66432017,0xa7332988535a5b8921fc3b7b70741584134ddb35549bc864ce4fc480bfa98cbe,1761824909,2025-10-30T11:48:29.000Z
0xc3f529c5afcc285f377fd1df1941339d8870ce55,0x000000000000000000000000195fd033be64ef32,66432017,0xa7332988535a5b8921fc3b7b70741584134ddb35549bc864ce4fc480bfa98cbe,1761824909,2025-10-30T11:48:29.000Z
0xc3f529c5afcc285f377fd1df1941339d8870ce55,0x000000000000000000000000de5b54362e53ef23,66432017,0xa7332988535a5b8921fc3b7b70741584134ddb35549bc864ce4fc480bfa98cbe,1761824909,2025-10-30T11:48:29.000Z
0xdf714857a86ca3e7defd76dfe802a01e679221ce,0x000000000000000000000000fc711d1eec2f1188,66531942,0xe6e445e35117add69b753c88a8c911c2c4a9bc8b9fff91436646d552f8b97653,1761899861,2025-10-31T08:37:41.000Z
0xdf714857a86ca3e7defd76dfe802a01e679221ce,0x000000000000000000000000001cf5a7520a553f,66531942,0xe6e445e35117add69b753c88a8c911c2c4a9bc8b9fff91436646d552f8b97653,1761899861,2025-10-31T08:37:41.000Z
0xdf714857a86ca3e7defd76dfe802a01e679221ce,0x000000000000000000000000107bb14cc71a278e,66531942,0xe6e445e35117add69b753c88a8c911c2c4a9bc8b9fff91436646d552f8b97653,1761899861,2025-10-31T08:37:41.000Z
0xdf714857a86ca3e7defd76dfe802a01e679221ce,0x000000000000000000000000de5b54362e53ef23,66531942,0xe6e445e35117add69b753c88a8c911c2c4a9bc8b9fff91436646d552f8b97653,1761899861,2025-10-31T08:37:41.000Z
0x9b592bb20e38da3dfadd73f16a2a7b5d238d4f8e,0x000000000000000000000000fc711d1eec2f1188,66537546,0x69bb064ed2ff5a97bf7022c7990641a2d59a72b064ba3b608f01058cf04f88a6,1761904064,2025-10-31T09:47:44.000Z
0x9b592bb20e38da3dfadd73f16a2a7b5d238d4f8e,0x000000000000000000000000001cf5a7520a553f,66537546,0x69bb064ed2ff5a97bf7022c7990641a2d59a72b064ba3b608f01058cf04f88a6,1761904064,2025-10-31T09:47:44.000Z
0x9b592bb20e38da3dfadd73f16a2a7b5d238d4f8e,0x000000000000000000000000107bb14cc71a278e,66537546,0x69bb064ed2ff5a97bf7022c7990641a2d59a72b064ba3b608f01058cf04f88a6,1761904064,2025-10-31T09:47:44.000Z
0x9b592bb20e38da3dfadd73f16a2a7b5d238d4f8e,0x000000000000000000000000de5b54362e53ef23,66537546,0x69bb064ed2ff5a97bf7022c7990641a2d59a72b064ba3b608f01058cf04f88a6,1761904064,2025-10-31T09:47:44.000Z
0x976b0d303736757241ceeb7917eed46f2cf89b95,0x000000000000000000000000f0d4a62fb9a643ca,66552459,0x55d7a865148a5a4116fc1efe3c4bbf5c80748e43d6ac627e5eba1241356218c4,1761915251,2025-10-31T12:54:11.000Z
0x976b0d303736757241ceeb7917eed46f2cf89b95,0x000000000000000000000000b78e4f8640d662b1,66552459,0x55d7a865148a5a4116fc1efe3c4bbf5c80748e43d6ac627e5eba1241356218c4,1761915251,2025-10-31T12:54:11.000Z
0x976b0d303736757241ceeb7917eed46f2cf89b95,0x000000000000000000000000195fd033be64ef32,66552459,0x55d7a865148a5a4116fc1efe3c4bbf5c80748e43d6ac627e5eba1241356218c4,1761915251,2025-10-31T12:54:11.000Z
0x976b0d303736757241ceeb7917eed46f2cf89b95,0x000000000000000000000000de5b54362e53ef23,66552459,0x55d7a865148a5a4116fc1efe3c4bbf5c80748e43d6ac627e5eba1241356218c4,1761915251,2025-10-31T12:54:11.000Z
0x6878faf597d7c52ad86f1034d1150277cb4764ac,0x000000000000000000000000df714857a86ca3e7,66566152,0xdbea2018cc3ff034b535db3dcc3dfe340546c0cd69af937095e2dc7120c1f86b,1761925523,2025-10-31T15:45:23.000Z
0x6878faf597d7c52ad86f1034d1150277cb4764ac,0x000000000000000000000000fc711d1eec2f1188,66566152,0xdbea2018cc3ff034b535db3dcc3dfe340546c0cd69af937095e2dc7120c1f86b,1761925523,2025-10-31T15:45:23.000Z
0x6878faf597d7c52ad86f1034d1150277cb4764ac,0x000000000000000000000000001cf5a7520a553f,66566152,0xdbea2018cc3ff034b535db3dcc3dfe340546c0cd69af937095e2dc7120c1f86b,1761925523,2025-10-31T15:45:23.000Z
0x6878faf597d7c52ad86f1034d1150277cb4764ac,0x000000000000000000000000de5b54362e53ef23,66566152,0xdbea2018cc3ff034b535db3dcc3dfe340546c0cd69af937095e2dc7120c1f86b,1761925523,2025-10-31T15:45:23.000Z
0xd88474b996a924c27b49688eb1aecfae913b6198,0x0000000000000000000000001c7a6b7a7b93d231,66568574,0x8004ec278f34f0b251f7b55a74911c5f8328f2172446c614188d09089f047caf,1761927339,2025-10-31T16:15:39.000Z
0xd88474b996a924c27b49688eb1aecfae913b6198,0x00000000000000000000000056b1094c199961a0,66568574,0x8004ec278f34f0b251f7b55a74911c5f8328f2172446c614188d09089f047caf,1761927339,2025-10-31T16:15:39.000Z
0xd88474b996a924c27b49688eb1aecfae913b6198,0x000000000000000000000000df9729e425c7e2be,66568574,0x8004ec278f34f0b251f7b55a74911c5f8328f2172446c614188d09089f047caf,1761927339,2025-10-31T16:15:39.000Z
0xd88474b996a924c27b49688eb1aecfae913b6198,0x000000000000000000000000de5b54362e53ef23,66568574,0x8004ec278f34f0b251f7b55a74911c5f8328f2172446c614188d09089f047caf,1761927339,2025-10-31T16:15:39.000Z
0x15127e72ee06aeb932939c1fb227f51c36ce48c1,0x0000000000000000000000003d83e6fa650ba958,66568623,0xa70eca3da95f6ca689a7e065b8f715e84f23df0c369603c136e11857f69b50fc,1761927376,2025-10-31T16:16:16.000Z
0x15127e72ee06aeb932939c1fb227f51c36ce48c1,0x0000000000000000000000008d66facd7673f48c,66568623,0xa70eca3da95f6ca689a7e065b8f715e84f23df0c369603c136e11857f69b50fc,1761927376,2025-10-31T16:16:16.000Z
0x15127e72ee06aeb932939c1fb227f51c36ce48c1,0x000000000000000000000000d2dd610da3363d3f,66568623,0xa70eca3da95f6ca689a7e065b8f715e84f23df0c369603c136e11857f69b50fc,1761927376,2025-10-31T16:16:16.000Z
0x15127e72ee06aeb932939c1fb227f51c36ce48c1,0x000000000000000000000000de5b54362e53ef23,66568623,0xa70eca3da95f6ca689a7e065b8f715e84f23df0c369603c136e11857f69b50fc,1761927376,2025-10-31T16:16:16.000Z
0x96286e5304c52d4caa2a10ce19493f6d77de5e16,0x000000000000000000000000d88474b996a924c2,66638537,0xf6d4dd0d926f91aae8d26e1a6ec95143a34f6abc04a48a06e7c5aa82573f5450,1761979815,2025-11-01T06:50:15.000Z
0x96286e5304c52d4caa2a10ce19493f6d77de5e16,0x0000000000000000000000001c7a6b7a7b93d231,66638537,0xf6d4dd0d926f91aae8d26e1a6ec95143a34f6abc04a48a06e7c5aa82573f5450,1761979815,2025-11-01T06:50:15.000Z
0x96286e5304c52d4caa2a10ce19493f6d77de5e16,0x00000000000000000000000056b1094c199961a0,66638537,0xf6d4dd0d926f91aae8d26e1a6ec95143a34f6abc04a48a06e7c5aa82573f5450,1761979815,2025-11-01T06:50:15.000Z
0x96286e5304c52d4caa2a10ce19493f6d77de5e16,0x000000000000000000000000de5b54362e53ef23,66638537,0xf6d4dd0d926f91aae8d26e1a6ec95143a34f6abc04a48a06e7c5aa82573f5450,1761979815,2025-11-01T06:50:15.000Z
0x8234ca158698452e186f123c7b87f813bb61725a,0x00000000000000000000000096286e5304c52d4c,66650942,0x0c85b7e593190d565f40473d1b23d213911eb457085e593d3e60a3a897c020a7,1761989121,2025-11-01T09:25:21.000Z
0x8234ca158698452e186f123c7b87f813bb61725a,0x000000000000000000000000d88474b996a924c2,66650942,0x0c85b7e593190d565f40473d1b23d213911eb457085e593d3e60a3a897c020a7,1761989121,2025-11-01T09:25:21.000Z
0x8234ca158698452e186f123c7b87f813bb61725a,0x0000000000000000000000001c7a6b7a7b93d231,66650942,0x0c85b7e593190d565f40473d1b23d213911eb457085e593d3e60a3a897c020a7,1761989121,2025-11-01T09:25:21.000Z
0x8234ca158698452e186f123c7b87f813bb61725a,0x000000000000000000000000de5b54362e53ef23,66650942,0x0c85b7e593190d565f40473d1b23d213911eb457085e593d3e60a3a897c020a7,1761989121,2025-11-01T09:25:21.000Z
0x0a64132d8643df1b33f2e695038cb64dac86e439,0x000000000000000000000000cedebc1c80926078,66684814,0x2b8ee9907de958800da40d9c76f1b552fee5a153eb004150c2159d53289611ce,1762014530,2025-11-01T16:28:50.000Z
0x0a64132d8643df1b33f2e695038cb64dac86e439,0x0000000000000000000000001d260f84ecc1fc3b,66684814,0x2b8ee9907de958800da40d9c76f1b552fee5a153eb004150c2159d53289611ce,1762014530,2025-11-01T16:28:50.000Z
0x0a64132d8643df1b33f2e695038cb64dac86e439,0x000000000000000000000000a872fbe1ccb1f673,66684814,0x2b8ee9907de958800da40d9c76f1b552fee5a153eb004150c2159d53289611ce,1762014530,2025-11-01T16:28:50.000Z
0x0a64132d8643df1b33f2e695038cb64dac86e439,0x000000000000000000000000de5b54362e53ef23,66684814,0x2b8ee9907de958800da40d9c76f1b552fee5a153eb004150c2159d53289611ce,1762014530,2025-11-01T16:28:50.000Z
0xc475edd51852289404c8a5f9648912e0c354dd92,0x000000000000000000000000fcea48d87b522630,66696597,0x7f276105f1d7f8bfbd078548d684e338a6c85c8b10b4eb06da8f7d1a14c161c5,1762023367,2025-11-01T18:56:07.000Z
0xc475edd51852289404c8a5f9648912e0c354dd92,0x000000000000000000000000a3beed4a3ec3bbd1,66696597,0x7f276105f1d7f8bfbd078548d684e338a6c85c8b10b4eb06da8f7d1a14c161c5,1762023367,2025-11-01T18:56:07.000Z
0xc475edd51852289404c8a5f9648912e0c354dd92,0x000000000000000000000000aafda259ae041fcc,66696597,0x7f276105f1d7f8bfbd078548d684e338a6c85c8b10b4eb06da8f7d1a14c161c5,1762023367,2025-11-01T18:56:07.000Z
0xc475edd51852289404c8a5f9648912e0c354dd92,0x000000000000000000000000de5b54362e53ef23,66696597,0x7f276105f1d7f8bfbd078548d684e338a6c85c8b10b4eb06da8f7d1a14c161c5,1762023367,2025-11-01T18:56:07.000Z
0x602af2ace0e2f8957d0804c41055acc0382748b4,0x0000000000000000000000002b3bc5a945059f77,66781346,0xb3431d70f70b11b004498a878e7720df0fbc3faee747f2fef1d08221b61baf87,1762086935,2025-11-02T12:35:35.000Z
0x602af2ace0e2f8957d0804c41055acc0382748b4,0x000000000000000000000000a3beed4a3ec3bbd1,66781346,0xb3431d70f70b11b004498a878e7720df0fbc3faee747f2fef1d08221b61baf87,1762086935,2025-11-02T12:35:35.000Z
0x602af2ace0e2f8957d0804c41055acc0382748b4,0x000000000000000000000000aafda259ae041fcc,66781346,0xb3431d70f70b11b004498a878e7720df0fbc3faee747f2fef1d08221b61baf87,1762086935,2025-11-02T12:35:35.000Z
0x602af2ace0e2f8957d0804c41055acc0382748b4,0x000000000000000000000000de5b54362e53ef23,66781346,0xb3431d70f70b11b004498a878e7720df0fbc3faee747f2fef1d08221b61baf87,1762086935,2025-11-02T12:35:35.000Z
0xad4ba1de875b8d6b40ba152cbe8ad4e0a3dc12e9,0x00000000000000000000000073b64c6ebfd8aa93,66789121,0xfba1ae6ad0f82e58edb7bda049d636b4c5778a1d5e10a5e387bfe23ef36efba1,1762092767,2025-11-02T14:12:47.000Z
0xad4ba1de875b8d6b40ba152cbe8ad4e0a3dc12e9,0x000000000000000000000000001cf5a7520a553f,66789121,0xfba1ae6ad0f82e58edb7bda049d636b4c5778a1d5e10a5e387bfe23ef36efba1,1762092767,2025-11-02T14:12:47.000Z
0xad4ba1de875b8d6b40ba152cbe8ad4e0a3dc12e9,0x000000000000000000000000107bb14cc71a278e,66789121,0xfba1ae6ad0f82e58edb7bda049d636b4c5778a1d5e10a5e387bfe23ef36efba1,1762092767,2025-11-02T14:12:47.000Z
0xad4ba1de875b8d6b40ba152cbe8ad4e0a3dc12e9,0x000000000000000000000000de5b54362e53ef23,66789121,0xfba1ae6ad0f82e58edb7bda049d636b4c5778a1d5e10a5e387bfe23ef36efba1,1762092767,2025-11-02T14:12:47.000Z
0xec253dff89442a23b107c4423df905fa9664b2b7,0x00000000000000000000000066ea89ce48e54966,66822373,0x0851c857d7e48e8f3146e984698137e644dd8d07f0dc1c6a7406223ccd6fb1ea,1762117709,2025-11-02T21:08:29.000Z
0xec253dff89442a23b107c4423df905fa9664b2b7,0x0000000000000000000000004b4909153082445d,66822373,0x0851c857d7e48e8f3146e984698137e644dd8d07f0dc1c6a7406223ccd6fb1ea,1762117709,2025-11-02T21:08:29.000Z
0xec253dff89442a23b107c4423df905fa9664b2b7,0x000000000000000000000000bfc98b74262ab232,66822373,0x0851c857d7e48e8f3146e984698137e644dd8d07f0dc1c6a7406223ccd6fb1ea,1762117709,2025-11-02T21:08:29.000Z
0xec253dff89442a23b107c4423df905fa9664b2b7,0x000000000000000000000000de5b54362e53ef23,66822373,0x0851c857d7e48e8f3146e984698137e644dd8d07f0dc1c6a7406223ccd6fb1ea,1762117709,2025-11-02T21:08:29.000Z
0x26c51b7453f4982cbb4d226344f1e52d92475d8e,0x000000000000000000000000602af2ace0e2f895,66844331,0x70f4507b3d6a0b6678b3776cf77e08d1045a39d23146d1230291a2f3ffd7d979,1762134181,2025-11-03T01:43:01.000Z
0x26c51b7453f4982cbb4d226344f1e52d92475d8e,0x0000000000000000000000002b3bc5a945059f77,66844331,0x70f4507b3d6a0b6678b3776cf77e08d1045a39d23146d1230291a2f3ffd7d979,1762134181,2025-11-03T01:43:01.000Z
0x26c51b7453f4982cbb4d226344f1e52d92475d8e,0x000000000000000000000000a3beed4a3ec3bbd1,66844331,0x70f4507b3d6a0b6678b3776cf77e08d1045a39d23146d1230291a2f3ffd7d979,1762134181,2025-11-03T01:43:01.000Z
0x26c51b7453f4982cbb4d226344f1e52d92475d8e,0x000000000000000000000000de5b54362e53ef23,66844331,0x70f4507b3d6a0b6678b3776cf77e08d1045a39d23146d1230291a2f3ffd7d979,1762134181,2025-11-03T01:43:01.000Z
0x8579d21dd2548c02adef3a1e0d6463cf89019ef0,0x00000000000000000000000023d8bb991fc1edb1,66914134,0x08d9ad0cd5e366a364d57400f4a2d7fcde51d729218f4d0d7a9ef93751cb9636,1762186538,2025-11-03T16:15:38.000Z
0x8579d21dd2548c02adef3a1e0d6463cf89019ef0,0x0000000000000000000000006ffeb2bfc1f2c9d1,66914134,0x08d9ad0cd5e366a364d57400f4a2d7fcde51d729218f4d0d7a9ef93751cb9636,1762186538,2025-11-03T16:15:38.000Z
0x8579d21dd2548c02adef3a1e0d6463cf89019ef0,0x00000000000000000000000088ecbcc049b7d047,66914134,0x08d9ad0cd5e366a364d57400f4a2d7fcde51d729218f4d0d7a9ef93751cb9636,1762186538,2025-11-03T16:15:38.000Z
0x8579d21dd2548c02adef3a1e0d6463cf89019ef0,0x000000000000000000000000de5b54362e53ef23,66914134,0x08d9ad0cd5e366a364d57400f4a2d7fcde51d729218f4d0d7a9ef93751cb9636,1762186538,2025-11-03T16:15:38.000Z
0x8a8ccf093213a8713b31a4735fe8ac00e9b00210,0x000000000000000000000000e9baa055719ecc4e,66924728,0xaa91aa1580d415cc8aec14728132bb24256cd2fe2ae7d93e31bf696df44b63be,1762194484,2025-11-03T18:28:04.000Z
0x8a8ccf093213a8713b31a4735fe8ac00e9b00210,0x00000000000000000000000049deb480ed440ea3,66924728,0xaa91aa1580d415cc8aec14728132bb24256cd2fe2ae7d93e31bf696df44b63be,1762194484,2025-11-03T18:28:04.000Z
0x8a8ccf093213a8713b31a4735fe8ac00e9b00210,0x000000000000000000000000a3beed4a3ec3bbd1,66924728,0xaa91aa1580d415cc8aec14728132bb24256cd2fe2ae7d93e31bf696df44b63be,1762194484,2025-11-03T18:28:04.000Z
0x8a8ccf093213a8713b31a4735fe8ac00e9b00210,0x000000000000000000000000de5b54362e53ef23,66924728,0xaa91aa1580d415cc8aec14728132bb24256cd2fe2ae7d93e31bf696df44b63be,1762194484,2025-11-03T18:28:04.000Z
0x003e750e3649365ed1af08152ef01ba0798a0ff3,0x0000000000000000000000008a8ccf093213a871,66925481,0xf036397e4516bf5a6efaba4c4af54c98a39494e626c8377e8cbca972768199d2,1762195049,2025-11-03T18:37:29.000Z
0x003e750e3649365ed1af08152ef01ba0798a0ff3,0x000000000000000000000000e9baa055719ecc4e,66925481,0xf036397e4516bf5a6efaba4c4af54c98a39494e626c8377e8cbca972768199d2,1762195049,2025-11-03T18:37:29.000Z
0x003e750e3649365ed1af08152ef01ba0798a0ff3,0x00000000000000000000000049deb480ed440ea3,66925481,0xf036397e4516bf5a6efaba4c4af54c98a39494e626c8377e8cbca972768199d2,1762195049,2025-11-03T18:37:29.000Z
0x003e750e3649365ed1af08152ef01ba0798a0ff3,0x000000000000000000000000de5b54362e53ef23,66925481,0xf036397e4516bf5a6efaba4c4af54c98a39494e626c8377e8cbca972768199d2,1762195049,2025-11-03T18:37:29.000Z
0xd65633f060c477a945f4a93615b247cdd52414e2,0x000000000000000000000000003e750e3649365e,66925999,0xf5fc8af9998370b0cc4ffb16ce8ca6a6b9b6d3fe35a3fe735b838caff4e2934c,1762195437,2025-11-03T18:43:57.000Z
0xd65633f060c477a945f4a93615b247cdd52414e2,0x0000000000000000000000008a8ccf093213a871,66925999,0xf5fc8af9998370b0cc4ffb16ce8ca6a6b9b6d3fe35a3fe735b838caff4e2934c,1762195437,2025-11-03T18:43:57.000Z
0xd65633f060c477a945f4a93615b247cdd52414e2,0x000000000000000000000000e9baa055719ecc4e,66925999,0xf5fc8af9998370b0cc4ffb16ce8ca6a6b9b6d3fe35a3fe735b838caff4e2934c,1762195437,2025-11-03T18:43:57.000Z
0xd65633f060c477a945f4a93615b247cdd52414e2,0x000000000000000000000000de5b54362e53ef23,66925999,0xf5fc8af9998370b0cc4ffb16ce8ca6a6b9b6d3fe35a3fe735b838caff4e2934c,1762195437,2025-11-03T18:43:57.000Z
0x5d248435ae424943922488c07a3d753158bf6df7,0x000000000000000000000000d65633f060c477a9,66930356,0x97be7f80a8acd1ddb052933512ade8f41409def10d9d400974b7041e3b16122d,1762198705,2025-11-03T19:38:25.000Z
0x5d248435ae424943922488c07a3d753158bf6df7,0x000000000000000000000000003e750e3649365e,66930356,0x97be7f80a8acd1ddb052933512ade8f41409def10d9d400974b7041e3b16122d,1762198705,2025-11-03T19:38:25.000Z
0x5d248435ae424943922488c07a3d753158bf6df7,0x0000000000000000000000008a8ccf093213a871,66930356,0x97be7f80a8acd1ddb052933512ade8f41409def10d9d400974b7041e3b16122d,1762198705,2025-11-03T19:38:25.000Z
0x5d248435ae424943922488c07a3d753158bf6df7,0x000000000000000000000000de5b54362e53ef23,66930356,0x97be7f80a8acd1ddb052933512ade8f41409def10d9d400974b7041e3b16122d,1762198705,2025-11-03T19:38:25.000Z
0xff7134b9023b37409e8d4a957ca4ee0919025a1d,0x000000000000000000000000d65633f060c477a9,66931023,0x251657de314e01dabbc86634efd8499990238c70b7ffa244af4a026d28f2d99a,1762199205,2025-11-03T19:46:45.000Z
0xff7134b9023b37409e8d4a957ca4ee0919025a1d,0x000000000000000000000000003e750e3649365e,66931023,0x251657de314e01dabbc86634efd8499990238c70b7ffa244af4a026d28f2d99a,1762199205,2025-11-03T19:46:45.000Z
0xff7134b9023b37409e8d4a957ca4ee0919025a1d,0x0000000000000000000000008a8ccf093213a871,66931023,0x251657de314e01dabbc86634efd8499990238c70b7ffa244af4a026d28f2d99a,1762199205,2025-11-03T19:46:45.000Z
0xff7134b9023b37409e8d4a957ca4ee0919025a1d,0x000000000000000000000000de5b54362e53ef23,66931023,0x251657de314e01dabbc86634efd8499990238c70b7ffa244af4a026d28f2d99a,1762199205,2025-11-03T19:46:45.000Z
0xe754d0f63755fd32ebc139e52449a61b58466606,0x000000000000000000000000d65633f060c477a9,66931395,0x0a52881cce480d70804a592bb47973ee97d696ed98fe1de5fcda65e411953687,1762199484,2025-11-03T19:51:24.000Z
0xe754d0f63755fd32ebc139e52449a61b58466606,0x000000000000000000000000003e750e3649365e,66931395,0x0a52881cce480d70804a592bb47973ee97d696ed98fe1de5fcda65e411953687,1762199484,2025-11-03T19:51:24.000Z
0xe754d0f63755fd32ebc139e52449a61b58466606,0x0000000000000000000000008a8ccf093213a871,66931395,0x0a52881cce480d70804a592bb47973ee97d696ed98fe1de5fcda65e411953687,1762199484,2025-11-03T19:51:24.000Z
0xe754d0f63755fd32ebc139e52449a61b58466606,0x000000000000000000000000de5b54362e53ef23,66931395,0x0a52881cce480d70804a592bb47973ee97d696ed98fe1de5fcda65e411953687,1762199484,2025-11-03T19:51:24.000Z
0xd25a0f6b7a11d2259dca1868085aca429803cb99,0x000000000000000000000000d65633f060c477a9,66931483,0xffda910ff8a555d0d9fd78e790e79d308b8a716d6e62d2e335ba75b90d99b207,1762199550,2025-11-03T19:52:30.000Z
0xd25a0f6b7a11d2259dca1868085aca429803cb99,0x000000000000000000000000003e750e3649365e,66931483,0xffda910ff8a555d0d9fd78e790e79d308b8a716d6e62d2e335ba75b90d99b207,1762199550,2025-11-03T19:52:30.000Z
0xd25a0f6b7a11d2259dca1868085aca429803cb99,0x0000000000000000000000008a8ccf093213a871,66931483,0xffda910ff8a555d0d9fd78e790e79d308b8a716d6e62d2e335ba75b90d99b207,1762199550,2025-11-03T19:52:30.000Z
0xd25a0f6b7a11d2259dca1868085aca429803cb99,0x000000000000000000000000de5b54362e53ef23,66931483,0xffda910ff8a555d0d9fd78e790e79d308b8a716d6e62d2e335ba75b90d99b207,1762199550,2025-11-03T19:52:30.000Z
0x130241d9a7d0805c8c781ccf0214f3caffbd9f40,0x000000000000000000000000d65633f060c477a9,66931595,0xd779911ba932e331880d5b0b27eb4052f3007a9a81fe17e6278c7e47c8a4f90e,1762199634,2025-11-03T19:53:54.000Z
0x130241d9a7d0805c8c781ccf0214f3caffbd9f40,0x000000000000000000000000003e750e3649365e,66931595,0xd779911ba932e331880d5b0b27eb4052f3007a9a81fe17e6278c7e47c8a4f90e,1762199634,2025-11-03T19:53:54.000Z
0x130241d9a7d0805c8c781ccf0214f3caffbd9f40,0x0000000000000000000000008a8ccf093213a871,66931595,0xd779911ba932e331880d5b0b27eb4052f3007a9a81fe17e6278c7e47c8a4f90e,1762199634,2025-11-03T19:53:54.000Z
0x130241d9a7d0805c8c781ccf0214f3caffbd9f40,0x000000000000000000000000de5b54362e53ef23,66931595,0xd779911ba932e331880d5b0b27eb4052f3007a9a81fe17e6278c7e47c8a4f90e,1762199634,2025-11-03T19:53:54.000Z
0x8b0058e8b1e3cf69c0f1e8a31dd3314ce260d311,0x000000000000000000000000d65633f060c477a9,66931680,0xc744bf5c77ba729ce0f2f47978415e3db744b14ef507e3f7c8cea7c323aa5329,1762199698,2025-11-03T19:54:58.000Z
0x8b0058e8b1e3cf69c0f1e8a31dd3314ce260d311,0x000000000000000000000000003e750e3649365e,66931680,0xc744bf5c77ba729ce0f2f47978415e3db744b14ef507e3f7c8cea7c323aa5329,1762199698,2025-11-03T19:54:58.000Z
0x8b0058e8b1e3cf69c0f1e8a31dd3314ce260d311,0x0000000000000000000000008a8ccf093213a871,66931680,0xc744bf5c77ba729ce0f2f47978415e3db744b14ef507e3f7c8cea7c323aa5329,1762199698,2025-11-03T19:54:58.000Z
0x8b0058e8b1e3cf69c0f1e8a31dd3314ce260d311,0x000000000000000000000000de5b54362e53ef23,66931680,0xc744bf5c77ba729ce0f2f47978415e3db744b14ef507e3f7c8cea7c323aa5329,1762199698,2025-11-03T19:54:58.000Z
0x716463d841530feaefb37a31c2249614ebc2e13e,0x000000000000000000000000d65633f060c477a9,66931847,0x0d8dd4162daa9dde21ff22d9adaed392d3fa816ffcb20fad58d7bba5f7146640,1762199823,2025-11-03T19:57:03.000Z
0x716463d841530feaefb37a31c2249614ebc2e13e,0x000000000000000000000000003e750e3649365e,66931847,0x0d8dd4162daa9dde21ff22d9adaed392d3fa816ffcb20fad58d7bba5f7146640,1762199823,2025-11-03T19:57:03.000Z
0x716463d841530feaefb37a31c2249614ebc2e13e,0x0000000000000000000000008a8ccf093213a871,66931847,0x0d8dd4162daa9dde21ff22d9adaed392d3fa816ffcb20fad58d7bba5f7146640,1762199823,2025-11-03T19:57:03.000Z
0x716463d841530feaefb37a31c2249614ebc2e13e,0x000000000000000000000000de5b54362e53ef23,66931847,0x0d8dd4162daa9dde21ff22d9adaed392d3fa816ffcb20fad58d7bba5f7146640,1762199823,2025-11-03T19:57:03.000Z
0xbe217b3a5770481954efa5e1470203ce08266739,0x000000000000000000000000d65633f060c477a9,66931885,0x827158d1493e62e586775ea5916022a4265b21ef2cbf9ddaabc2fa51cf91f15d,1762199852,2025-11-03T19:57:32.000Z
0xbe217b3a5770481954efa5e1470203ce08266739,0x000000000000000000000000003e750e3649365e,66931885,0x827158d1493e62e586775ea5916022a4265b21ef2cbf9ddaabc2fa51cf91f15d,1762199852,2025-11-03T19:57:32.000Z
0xbe217b3a5770481954efa5e1470203ce08266739,0x0000000000000000000000008a8ccf093213a871,66931885,0x827158d1493e62e586775ea5916022a4265b21ef2cbf9ddaabc2fa51cf91f15d,1762199852,2025-11-03T19:57:32.000Z
0xbe217b3a5770481954efa5e1470203ce08266739,0x000000000000000000000000de5b54362e53ef23,66931885,0x827158d1493e62e586775ea5916022a4265b21ef2cbf9ddaabc2fa51cf91f15d,1762199852,2025-11-03T19:57:32.000Z
0x9dccf83efe15953c1b8d808672664f46d0064ac2,0x000000000000000000000000d65633f060c477a9,66932008,0x77e330703694f9d925e79a32b8b67d74da29ce01445a24824f784d62e4183bb0,1762199944,2025-11-03T19:59:04.000Z
0x9dccf83efe15953c1b8d808672664f46d0064ac2,0x000000000000000000000000003e750e3649365e,66932008,0x77e330703694f9d925e79a32b8b67d74da29ce01445a24824f784d62e4183bb0,1762199944,2025-11-03T19:59:04.000Z
0x9dccf83efe15953c1b8d808672664f46d0064ac2,0x0000000000000000000000008a8ccf093213a871,66932008,0x77e330703694f9d925e79a32b8b67d74da29ce01445a24824f784d62e4183bb0,1762199944,2025-11-03T19:59:04.000Z
0x9dccf83efe15953c1b8d808672664f46d0064ac2,0x000000000000000000000000de5b54362e53ef23,66932008,0x77e330703694f9d925e79a32b8b67d74da29ce01445a24824f784d62e4183bb0,1762199944,2025-11-03T19:59:04.000Z
0xdd7eadcc3f2f92198bb7872d0f8eb73212871141,0x000000000000000000000000d65633f060c477a9,66932155,0x0780a02a83f6ec8f0922b64d3eb9b0599dda5dcf38f9024e44b00d52f019bee6,1762200054,2025-11-03T20:00:54.000Z
0xdd7eadcc3f2f92198bb7872d0f8eb73212871141,0x000000000000000000000000003e750e3649365e,66932155,0x0780a02a83f6ec8f0922b64d3eb9b0599dda5dcf38f9024e44b00d52f019bee6,1762200054,2025-11-03T20:00:54.000Z
0xdd7eadcc3f2f92198bb7872d0f8eb73212871141,0x0000000000000000000000008a8ccf093213a871,66932155,0x0780a02a83f6ec8f0922b64d3eb9b0599dda5dcf38f9024e44b00d52f019bee6,1762200054,2025-11-03T20:00:54.000Z
0xdd7eadcc3f2f92198bb7872d0f8eb73212871141,0x000000000000000000000000de5b54362e53ef23,66932155,0x0780a02a83f6ec8f0922b64d3eb9b0599dda5dcf38f9024e44b00d52f019bee6,1762200054,2025-11-03T20:00:54.000Z
0x112844d3a5b8b65853b0a9d9f7d9e794c4685ec2,0x000000000000000000000000d65633f060c477a9,66932185,0x67f1e24fe3f22bb8f1875bd4aa0e7eb049509264ea06db774ce306922e7d50a3,1762200077,2025-11-03T20:01:17.000Z
0x112844d3a5b8b65853b0a9d9f7d9e794c4685ec2,0x000000000000000000000000003e750e3649365e,66932185,0x67f1e24fe3f22bb8f1875bd4aa0e7eb049509264ea06db774ce306922e7d50a3,1762200077,2025-11-03T20:01:17.000Z
0x112844d3a5b8b65853b0a9d9f7d9e794c4685ec2,0x0000000000000000000000008a8ccf093213a871,66932185,0x67f1e24fe3f22bb8f1875bd4aa0e7eb049509264ea06db774ce306922e7d50a3,1762200077,2025-11-03T20:01:17.000Z
0x112844d3a5b8b65853b0a9d9f7d9e794c4685ec2,0x000000000000000000000000de5b54362e53ef23,66932185,0x67f1e24fe3f22bb8f1875bd4aa0e7eb049509264ea06db774ce306922e7d50a3,1762200077,2025-11-03T20:01:17.000Z
0xcb32ec60d4452e631824955ef362479dfd26abff,0x000000000000000000000000d65633f060c477a9,66932391,0x88043830feb807f34783e01cc0ffc61e2a854089868543b46ef97617f31a8f4b,1762200231,2025-11-03T20:03:51.000Z
0xcb32ec60d4452e631824955ef362479dfd26abff,0x000000000000000000000000003e750e3649365e,66932391,0x88043830feb807f34783e01cc0ffc61e2a854089868543b46ef97617f31a8f4b,1762200231,2025-11-03T20:03:51.000Z
0xcb32ec60d4452e631824955ef362479dfd26abff,0x0000000000000000000000008a8ccf093213a871,66932391,0x88043830feb807f34783e01cc0ffc61e2a854089868543b46ef97617f31a8f4b,1762200231,2025-11-03T20:03:51.000Z
0xcb32ec60d4452e631824955ef362479dfd26abff,0x000000000000000000000000de5b54362e53ef23,66932391,0x88043830feb807f34783e01cc0ffc61e2a854089868543b46ef97617f31a8f4b,1762200231,2025-11-03T20:03:51.000Z
0x61583c4f959a8a042cb5100d4f326b8e8657d2e3,0x000000000000000000000000d65633f060c477a9,66932524,0x7116cc6fedc88915f4e39c58db80ec9b60fe1364dc2ff4c86723822cc31a57c1,1762200331,2025-11-03T20:05:31.000Z
0x61583c4f959a8a042cb5100d4f326b8e8657d2e3,0x000000000000000000000000003e750e3649365e,66932524,0x7116cc6fedc88915f4e39c58db80ec9b60fe1364dc2ff4c86723822cc31a57c1,1762200331,2025-11-03T20:05:31.000Z
0x61583c4f959a8a042cb5100d4f326b8e8657d2e3,0x0000000000000000000000008a8ccf093213a871,66932524,0x7116cc6fedc88915f4e39c58db80ec9b60fe1364dc2ff4c86723822cc31a57c1,1762200331,2025-11-03T20:05:31.000Z
0x61583c4f959a8a042cb5100d4f326b8e8657d2e3,0x000000000000000000000000de5b54362e53ef23,66932524,0x7116cc6fedc88915f4e39c58db80ec9b60fe1364dc2ff4c86723822cc31a57c1,1762200331,2025-11-03T20:05:31.000Z
0x024ef66c4af034767ed38a16e2b242cf33dd7a25,0x000000000000000000000000d65633f060c477a9,66932556,0xf5a868e7208ed387c48dc739b3cd6ac3e0b740c8102610939640e93f99bfaa80,1762200355,2025-11-03T20:05:55.000Z
0x024ef66c4af034767ed38a16e2b242cf33dd7a25,0x000000000000000000000000003e750e3649365e,66932556,0xf5a868e7208ed387c48dc739b3cd6ac3e0b740c8102610939640e93f99bfaa80,1762200355,2025-11-03T20:05:55.000Z
0x024ef66c4af034767ed38a16e2b242cf33dd7a25,0x0000000000000000000000008a8ccf093213a871,66932556,0xf5a868e7208ed387c48dc739b3cd6ac3e0b740c8102610939640e93f99bfaa80,1762200355,2025-11-03T20:05:55.000Z
0x024ef66c4af034767ed38a16e2b242cf33dd7a25,0x000000000000000000000000de5b54362e53ef23,66932556,0xf5a868e7208ed387c48dc739b3cd6ac3e0b740c8102610939640e93f99bfaa80,1762200355,2025-11-03T20:05:55.000Z
0x97b490be4b245a21cc5607fda21302e78fddaaef,0x000000000000000000000000d65633f060c477a9,66932756,0xddadc3940f57b8bd9ab0afd07b995fed808a9d0c4912df3c902d838e0cfc86a6,1762200505,2025-11-03T20:08:25.000Z
0x97b490be4b245a21cc5607fda21302e78fddaaef,0x000000000000000000000000003e750e3649365e,66932756,0xddadc3940f57b8bd9ab0afd07b995fed808a9d0c4912df3c902d838e0cfc86a6,1762200505,2025-11-03T20:08:25.000Z
0x97b490be4b245a21cc5607fda21302e78fddaaef,0x0000000000000000000000008a8ccf093213a871,66932756,0xddadc3940f57b8bd9ab0afd07b995fed808a9d0c4912df3c902d838e0cfc86a6,1762200505,2025-11-03T20:08:25.000Z
0x97b490be4b245a21cc5607fda21302e78fddaaef,0x000000000000000000000000de5b54362e53ef23,66932756,0xddadc3940f57b8bd9ab0afd07b995fed808a9d0c4912df3c902d838e0cfc86a6,1762200505,2025-11-03T20:08:25.000Z
0xa8c63922a9909d4d227387da384321d9ef11c459,0x000000000000000000000000d65633f060c477a9,66932836,0x76fe16581f8fd196564e75a33fb0da2e292fbe12c4a91822d85c15213ddaf01a,1762200565,2025-11-03T20:09:25.000Z
0xa8c63922a9909d4d227387da384321d9ef11c459,0x000000000000000000000000003e750e3649365e,66932836,0x76fe16581f8fd196564e75a33fb0da2e292fbe12c4a91822d85c15213ddaf01a,1762200565,2025-11-03T20:09:25.000Z
0xa8c63922a9909d4d227387da384321d9ef11c459,0x0000000000000000000000008a8ccf093213a871,66932836,0x76fe16581f8fd196564e75a33fb0da2e292fbe12c4a91822d85c15213ddaf01a,1762200565,2025-11-03T20:09:25.000Z
0xa8c63922a9909d4d227387da384321d9ef11c459,0x000000000000000000000000de5b54362e53ef23,66932836,0x76fe16581f8fd196564e75a33fb0da2e292fbe12c4a91822d85c15213ddaf01a,1762200565,2025-11-03T20:09:25.000Z
0xda3dcc4a4790870dcd668199aa7789169ce3ef5a,0x000000000000000000000000d65633f060c477a9,66933254,0xbabf0cbb41672b53ce0e9d569882f113aed8773b01635fa8470fac4e8165d7fa,1762200878,2025-11-03T20:14:38.000Z
0xda3dcc4a4790870dcd668199aa7789169ce3ef5a,0x000000000000000000000000003e750e3649365e,66933254,0xbabf0cbb41672b53ce0e9d569882f113aed8773b01635fa8470fac4e8165d7fa,1762200878,2025-11-03T20:14:38.000Z
0xda3dcc4a4790870dcd668199aa7789169ce3ef5a,0x0000000000000000000000008a8ccf093213a871,66933254,0xbabf0cbb41672b53ce0e9d569882f113aed8773b01635fa8470fac4e8165d7fa,1762200878,2025-11-03T20:14:38.000Z
0xda3dcc4a4790870dcd668199aa7789169ce3ef5a,0x000000000000000000000000de5b54362e53ef23,66933254,0xbabf0cbb41672b53ce0e9d569882f113aed8773b01635fa8470fac4e8165d7fa,1762200878,2025-11-03T20:14:38.000Z
0xaac5dd9f4bbfdc7b7acf42790e2a22c3530a0ace,0x000000000000000000000000d65633f060c477a9,66933411,0x553044dde7a99048eddf03fbb0362b2bcecdb4d0e38956d589452dfdb657ef85,1762200996,2025-11-03T20:16:36.000Z
0xaac5dd9f4bbfdc7b7acf42790e2a22c3530a0ace,0x000000000000000000000000003e750e3649365e,66933411,0x553044dde7a99048eddf03fbb0362b2bcecdb4d0e38956d589452dfdb657ef85,1762200996,2025-11-03T20:16:36.000Z
0xaac5dd9f4bbfdc7b7acf42790e2a22c3530a0ace,0x0000000000000000000000008a8ccf093213a871,66933411,0x553044dde7a99048eddf03fbb0362b2bcecdb4d0e38956d589452dfdb657ef85,1762200996,2025-11-03T20:16:36.000Z
0xaac5dd9f4bbfdc7b7acf42790e2a22c3530a0ace,0x000000000000000000000000de5b54362e53ef23,66933411,0x553044dde7a99048eddf03fbb0362b2bcecdb4d0e38956d589452dfdb657ef85,1762200996,2025-11-03T20:16:36.000Z
0x47cd4b519e9d4be0697eff633c9f22afff6733fb,0x000000000000000000000000d65633f060c477a9,66979121,0x98a576c0637e56220eb80c54372aff2e5618e120982deabea512c6896cd4dc6e,1762235281,2025-11-04T05:48:01.000Z
0x47cd4b519e9d4be0697eff633c9f22afff6733fb,0x000000000000000000000000003e750e3649365e,66979121,0x98a576c0637e56220eb80c54372aff2e5618e120982deabea512c6896cd4dc6e,1762235281,2025-11-04T05:48:01.000Z
0x47cd4b519e9d4be0697eff633c9f22afff6733fb,0x0000000000000000000000008a8ccf093213a871,66979121,0x98a576c0637e56220eb80c54372aff2e5618e120982deabea512c6896cd4dc6e,1762235281,2025-11-04T05:48:01.000Z
0x47cd4b519e9d4be0697eff633c9f22afff6733fb,0x000000000000000000000000de5b54362e53ef23,66979121,0x98a576c0637e56220eb80c54372aff2e5618e120982deabea512c6896cd4dc6e,1762235281,2025-11-04T05:48:01.000Z
0x4d8c0381b34e5cdd87c3f69c38c559c509beccbc,0x000000000000000000000000d65633f060c477a9,66979433,0x5f8f446c2fc6f21bd2b0e881ce8cb6ffe8b46194ac32563faf09ac470d415889,1762235515,2025-11-04T05:51:55.000Z
0x4d8c0381b34e5cdd87c3f69c38c559c509beccbc,0x000000000000000000000000003e750e3649365e,66979433,0x5f8f446c2fc6f21bd2b0e881ce8cb6ffe8b46194ac32563faf09ac470d415889,1762235515,2025-11-04T05:51:55.000Z
0x4d8c0381b34e5cdd87c3f69c38c559c509beccbc,0x0000000000000000000000008a8ccf093213a871,66979433,0x5f8f446c2fc6f21bd2b0e881ce8cb6ffe8b46194ac32563faf09ac470d415889,1762235515,2025-11-04T05:51:55.000Z
0x4d8c0381b34e5cdd87c3f69c38c559c509beccbc,0x000000000000000000000000de5b54362e53ef23,66979433,0x5f8f446c2fc6f21bd2b0e881ce8cb6ffe8b46194ac32563faf09ac470d415889,1762235515,2025-11-04T05:51:55.000Z
0xf15b85ff8ea8052917ea68b1186629bce8be9ab3,0x000000000000000000000000d65633f060c477a9,66979788,0x210aa7ac31edc237062f6b45df107d12e8a8444e19ddffe7c7a66c81e937acf1,1762235781,2025-11-04T05:56:21.000Z
0xf15b85ff8ea8052917ea68b1186629bce8be9ab3,0x000000000000000000000000003e750e3649365e,66979788,0x210aa7ac31edc237062f6b45df107d12e8a8444e19ddffe7c7a66c81e937acf1,1762235781,2025-11-04T05:56:21.000Z
0xf15b85ff8ea8052917ea68b1186629bce8be9ab3,0x0000000000000000000000008a8ccf093213a871,66979788,0x210aa7ac31edc237062f6b45df107d12e8a8444e19ddffe7c7a66c81e937acf1,1762235781,2025-11-04T05:56:21.000Z
0xf15b85ff8ea8052917ea68b1186629bce8be9ab3,0x000000000000000000000000de5b54362e53ef23,66979788,0x210aa7ac31edc237062f6b45df107d12e8a8444e19ddffe7c7a66c81e937acf1,1762235781,2025-11-04T05:56:21.000Z
0x19470d99c064af08fe993c948793ee83bb2ca5f5,0x000000000000000000000000d65633f060c477a9,66983448,0x9beb0b49a362001b4b0d4703e95d6750434985f9cd9b4c78745a5d484c46205c,1762238526,2025-11-04T06:42:06.000Z
0x19470d99c064af08fe993c948793ee83bb2ca5f5,0x000000000000000000000000003e750e3649365e,66983448,0x9beb0b49a362001b4b0d4703e95d6750434985f9cd9b4c78745a5d484c46205c,1762238526,2025-11-04T06:42:06.000Z
0x19470d99c064af08fe993c948793ee83bb2ca5f5,0x0000000000000000000000008a8ccf093213a871,66983448,0x9beb0b49a362001b4b0d4703e95d6750434985f9cd9b4c78745a5d484c46205c,1762238526,2025-11-04T06:42:06.000Z
0x19470d99c064af08fe993c948793ee83bb2ca5f5,0x000000000000000000000000de5b54362e53ef23,66983448,0x9beb0b49a362001b4b0d4703e95d6750434985f9cd9b4c78745a5d484c46205c,1762238526,2025-11-04T06:42:06.000Z
0x98d396386889b965e1fdbcb2b12922ab182d5c35,0x000000000000000000000000d65633f060c477a9,66983703,0x29b4f9a5712b7a175dbe6036d0e0315e9c466e3446aec6bdf2aab31df63c41c3,1762238717,2025-11-04T06:45:17.000Z
0x98d396386889b965e1fdbcb2b12922ab182d5c35,0x000000000000000000000000003e750e3649365e,66983703,0x29b4f9a5712b7a175dbe6036d0e0315e9c466e3446aec6bdf2aab31df63c41c3,1762238717,2025-11-04T06:45:17.000Z
0x98d396386889b965e1fdbcb2b12922ab182d5c35,0x0000000000000000000000008a8ccf093213a871,66983703,0x29b4f9a5712b7a175dbe6036d0e0315e9c466e3446aec6bdf2aab31df63c41c3,1762238717,2025-11-04T06:45:17.000Z
0x98d396386889b965e1fdbcb2b12922ab182d5c35,0x000000000000000000000000de5b54362e53ef23,66983703,0x29b4f9a5712b7a175dbe6036d0e0315e9c466e3446aec6bdf2aab31df63c41c3,1762238717,2025-11-04T06:45:17.000Z
0x9787dbba81f0f3073bb25590d9947643630546f1,0x000000000000000000000000d65633f060c477a9,66983947,0x10e4ad33f81d8bde16f90685054d8adcbad18ba5522fcb0f55cf2d26ca0894fe,1762238900,2025-11-04T06:48:20.000Z
0x9787dbba81f0f3073bb25590d9947643630546f1,0x000000000000000000000000003e750e3649365e,66983947,0x10e4ad33f81d8bde16f90685054d8adcbad18ba5522fcb0f55cf2d26ca0894fe,1762238900,2025-11-04T06:48:20.000Z
0x9787dbba81f0f3073bb25590d9947643630546f1,0x0000000000000000000000008a8ccf093213a871,66983947,0x10e4ad33f81d8bde16f90685054d8adcbad18ba5522fcb0f55cf2d26ca0894fe,1762238900,2025-11-04T06:48:20.000Z
0x9787dbba81f0f3073bb25590d9947643630546f1,0x000000000000000000000000de5b54362e53ef23,66983947,0x10e4ad33f81d8bde16f90685054d8adcbad18ba5522fcb0f55cf2d26ca0894fe,1762238900,2025-11-04T06:48:20.000Z
0x1d103187be298e93ec83bca92a8db19b51135eed,0x000000000000000000000000d65633f060c477a9,66984125,0xe0e0f056a9af4fde40a8ea01d78380815a99efc29db5bb133e2ebeee4ae6e146,1762239034,2025-11-04T06:50:34.000Z
0x1d103187be298e93ec83bca92a8db19b51135eed,0x000000000000000000000000003e750e3649365e,66984125,0xe0e0f056a9af4fde40a8ea01d78380815a99efc29db5bb133e2ebeee4ae6e146,1762239034,2025-11-04T06:50:34.000Z
0x1d103187be298e93ec83bca92a8db19b51135eed,0x0000000000000000000000008a8ccf093213a871,66984125,0xe0e0f056a9af4fde40a8ea01d78380815a99efc29db5bb133e2ebeee4ae6e146,1762239034,2025-11-04T06:50:34.000Z
0x1d103187be298e93ec83bca92a8db19b51135eed,0x000000000000000000000000de5b54362e53ef23,66984125,0xe0e0f056a9af4fde40a8ea01d78380815a99efc29db5bb133e2ebeee4ae6e146,1762239034,2025-11-04T06:50:34.000Z
0x3f7a6f66393cdc2fd08b494427355791442dbe3b,0x000000000000000000000000d65633f060c477a9,66984297,0xe8a0e4fd0c25b803414ff4ab98b3778988eea9db288c22fb4ab9d5fea277857c,1762239163,2025-11-04T06:52:43.000Z
0x3f7a6f66393cdc2fd08b494427355791442dbe3b,0x000000000000000000000000003e750e3649365e,66984297,0xe8a0e4fd0c25b803414ff4ab98b3778988eea9db288c22fb4ab9d5fea277857c,1762239163,2025-11-04T06:52:43.000Z
0x3f7a6f66393cdc2fd08b494427355791442dbe3b,0x0000000000000000000000008a8ccf093213a871,66984297,0xe8a0e4fd0c25b803414ff4ab98b3778988eea9db288c22fb4ab9d5fea277857c,1762239163,2025-11-04T06:52:43.000Z
0x3f7a6f66393cdc2fd08b494427355791442dbe3b,0x000000000000000000000000de5b54362e53ef23,66984297,0xe8a0e4fd0c25b803414ff4ab98b3778988eea9db288c22fb4ab9d5fea277857c,1762239163,2025-11-04T06:52:43.000Z
0x45fe1190ef9f56dbb507975d084852a5fd899916,0x000000000000000000000000d65633f060c477a9,66984726,0xd3b4dec83d62181464d8fdc1bcda115526d5514e2e60abc213119948686e276b,1762239484,2025-11-04T06:58:04.000Z
0x45fe1190ef9f56dbb507975d084852a5fd899916,0x000000000000000000000000003e750e3649365e,66984726,0xd3b4dec83d62181464d8fdc1bcda115526d5514e2e60abc213119948686e276b,1762239484,2025-11-04T06:58:04.000Z
0x45fe1190ef9f56dbb507975d084852a5fd899916,0x0000000000000000000000008a8ccf093213a871,66984726,0xd3b4dec83d62181464d8fdc1bcda115526d5514e2e60abc213119948686e276b,1762239484,2025-11-04T06:58:04.000Z
0x45fe1190ef9f56dbb507975d084852a5fd899916,0x000000000000000000000000de5b54362e53ef23,66984726,0xd3b4dec83d62181464d8fdc1bcda115526d5514e2e60abc213119948686e276b,1762239484,2025-11-04T06:58:04.000Z
0x50fa45afb10c9df6fe43cbab4f7b0beb6dc27308,0x000000000000000000000000d65633f060c477a9,66984952,0x0c4e5d863cfe4a8d44ea1f8db382a8546c88ed73da56b7edf75887c09484bf54,1762239654,2025-11-04T07:00:54.000Z
0x50fa45afb10c9df6fe43cbab4f7b0beb6dc27308,0x000000000000000000000000003e750e3649365e,66984952,0x0c4e5d863cfe4a8d44ea1f8db382a8546c88ed73da56b7edf75887c09484bf54,1762239654,2025-11-04T07:00:54.000Z
0x50fa45afb10c9df6fe43cbab4f7b0beb6dc27308,0x0000000000000000000000008a8ccf093213a871,66984952,0x0c4e5d863cfe4a8d44ea1f8db382a8546c88ed73da56b7edf75887c09484bf54,1762239654,2025-11-04T07:00:54.000Z
0x50fa45afb10c9df6fe43cbab4f7b0beb6dc27308,0x000000000000000000000000de5b54362e53ef23,66984952,0x0c4e5d863cfe4a8d44ea1f8db382a8546c88ed73da56b7edf75887c09484bf54,1762239654,2025-11-04T07:00:54.000Z
0x9de0b98deb73d5ab32472cb67195c20f2bc8c542,0x0000000000000000000000005dcf7ad60bd8d0a0,66984993,0x5b87655e935acd131d8cff6f6b0f1455968c6223d120f386363710e04afcecf4,1762239685,2025-11-04T07:01:25.000Z
0x9de0b98deb73d5ab32472cb67195c20f2bc8c542,0x000000000000000000000000a35b7d9b51573602,66984993,0x5b87655e935acd131d8cff6f6b0f1455968c6223d120f386363710e04afcecf4,1762239685,2025-11-04T07:01:25.000Z
0x9de0b98deb73d5ab32472cb67195c20f2bc8c542,0x000000000000000000000000dc535fb7b68bafd5,66984993,0x5b87655e935acd131d8cff6f6b0f1455968c6223d120f386363710e04afcecf4,1762239685,2025-11-04T07:01:25.000Z
0x9de0b98deb73d5ab32472cb67195c20f2bc8c542,0x000000000000000000000000de5b54362e53ef23,66984993,0x5b87655e935acd131d8cff6f6b0f1455968c6223d120f386363710e04afcecf4,1762239685,2025-11-04T07:01:25.000Z
0xa56fc8b4c8661a7f46a427d609ac047c047861d5,0x000000000000000000000000a6e5a56dc7ad9033,66990725,0x91c4213985a0949afba9bb2caa49f549d80cf53846bc4e1a735177059d897139,1762243984,2025-11-04T08:13:04.000Z
0xa56fc8b4c8661a7f46a427d609ac047c047861d5,0x000000000000000000000000d6ecbc0d6e1902db,66990725,0x91c4213985a0949afba9bb2caa49f549d80cf53846bc4e1a735177059d897139,1762243984,2025-11-04T08:13:04.000Z
0xa56fc8b4c8661a7f46a427d609ac047c047861d5,0x000000000000000000000000056e259dfd953287,66990725,0x91c4213985a0949afba9bb2caa49f549d80cf53846bc4e1a735177059d897139,1762243984,2025-11-04T08:13:04.000Z
0xa56fc8b4c8661a7f46a427d609ac047c047861d5,0x000000000000000000000000de5b54362e53ef23,66990725,0x91c4213985a0949afba9bb2caa49f549d80cf53846bc4e1a735177059d897139,1762243984,2025-11-04T08:13:04.000Z
0xface21501169d6cecc39a346098ea27a99410fe3,0x000000000000000000000000d65633f060c477a9,66993484,0x0cd0adf34901249eb9472dc376c3ceabd52e05703a56e7fa831b0726d218aed5,1762246054,2025-11-04T08:47:34.000Z
0xface21501169d6cecc39a346098ea27a99410fe3,0x000000000000000000000000003e750e3649365e,66993484,0x0cd0adf34901249eb9472dc376c3ceabd52e05703a56e7fa831b0726d218aed5,1762246054,2025-11-04T08:47:34.000Z
0xface21501169d6cecc39a346098ea27a99410fe3,0x0000000000000000000000008a8ccf093213a871,66993484,0x0cd0adf34901249eb9472dc376c3ceabd52e05703a56e7fa831b0726d218aed5,1762246054,2025-11-04T08:47:34.000Z
0xface21501169d6cecc39a346098ea27a99410fe3,0x000000000000000000000000de5b54362e53ef23,66993484,0x0cd0adf34901249eb9472dc376c3ceabd52e05703a56e7fa831b0726d218aed5,1762246054,2025-11-04T08:47:34.000Z
0xe7446e2744af4d15a324cf5535eaf81d4f3ab635,0x000000000000000000000000d65633f060c477a9,67020308,0x951e5ef105201dac75a741ab21c9ec89db0c19a373f4b840220715af5e5f1578,1762266179,2025-11-04T14:22:59.000Z
0xe7446e2744af4d15a324cf5535eaf81d4f3ab635,0x000000000000000000000000003e750e3649365e,67020308,0x951e5ef105201dac75a741ab21c9ec89db0c19a373f4b840220715af5e5f1578,1762266179,2025-11-04T14:22:59.000Z
0xe7446e2744af4d15a324cf5535eaf81d4f3ab635,0x0000000000000000000000008a8ccf093213a871,67020308,0x951e5ef105201dac75a741ab21c9ec89db0c19a373f4b840220715af5e5f1578,1762266179,2025-11-04T14:22:59.000Z
0xe7446e2744af4d15a324cf5535eaf81d4f3ab635,0x000000000000000000000000de5b54362e53ef23,67020308,0x951e5ef105201dac75a741ab21c9ec89db0c19a373f4b840220715af5e5f1578,1762266179,2025-11-04T14:22:59.000Z
0x47c7864b00b567e068889a68080250eccd3970b5,0x000000000000000000000000d65633f060c477a9,67027274,0xcbfbbc8030ecc3cbb1c435f7417033bbdd985c911b544efa4100177c508fa6e7,1762271404,2025-11-04T15:50:04.000Z
0x47c7864b00b567e068889a68080250eccd3970b5,0x000000000000000000000000003e750e3649365e,67027274,0xcbfbbc8030ecc3cbb1c435f7417033bbdd985c911b544efa4100177c508fa6e7,1762271404,2025-11-04T15:50:04.000Z
0x47c7864b00b567e068889a68080250eccd3970b5,0x0000000000000000000000008a8ccf093213a871,67027274,0xcbfbbc8030ecc3cbb1c435f7417033bbdd985c911b544efa4100177c508fa6e7,1762271404,2025-11-04T15:50:04.000Z
0x47c7864b00b567e068889a68080250eccd3970b5,0x000000000000000000000000de5b54362e53ef23,67027274,0xcbfbbc8030ecc3cbb1c435f7417033bbdd985c911b544efa4100177c508fa6e7,1762271404,2025-11-04T15:50:04.000Z
0x78395830fe79a12e66f5b3a16a6e55331756f355,0x000000000000000000000000d65633f060c477a9,67027506,0xe10f6adbe137c515dc7c66c7e15fe05e3bf4caf086f5a54bcc0f02573120d58d,1762271578,2025-11-04T15:52:58.000Z
0x78395830fe79a12e66f5b3a16a6e55331756f355,0x000000000000000000000000003e750e3649365e,67027506,0xe10f6adbe137c515dc7c66c7e15fe05e3bf4caf086f5a54bcc0f02573120d58d,1762271578,2025-11-04T15:52:58.000Z
0x78395830fe79a12e66f5b3a16a6e55331756f355,0x0000000000000000000000008a8ccf093213a871,67027506,0xe10f6adbe137c515dc7c66c7e15fe05e3bf4caf086f5a54bcc0f02573120d58d,1762271578,2025-11-04T15:52:58.000Z
0x78395830fe79a12e66f5b3a16a6e55331756f355,0x000000000000000000000000de5b54362e53ef23,67027506,0xe10f6adbe137c515dc7c66c7e15fe05e3bf4caf086f5a54bcc0f02573120d58d,1762271578,2025-11-04T15:52:58.000Z
0xbb109678382660dc46d496c418de99a24bf28760,0x000000000000000000000000d65633f060c477a9,67027713,0x7ca24836ba089743c69de543af20f534a3852172458bbe44936de35e95eb310d,1762271733,2025-11-04T15:55:33.000Z
0xbb109678382660dc46d496c418de99a24bf28760,0x000000000000000000000000003e750e3649365e,67027713,0x7ca24836ba089743c69de543af20f534a3852172458bbe44936de35e95eb310d,1762271733,2025-11-04T15:55:33.000Z
0xbb109678382660dc46d496c418de99a24bf28760,0x0000000000000000000000008a8ccf093213a871,67027713,0x7ca24836ba089743c69de543af20f534a3852172458bbe44936de35e95eb310d,1762271733,2025-11-04T15:55:33.000Z
0xbb109678382660dc46d496c418de99a24bf28760,0x000000000000000000000000de5b54362e53ef23,67027713,0x7ca24836ba089743c69de543af20f534a3852172458bbe44936de35e95eb310d,1762271733,2025-11-04T15:55:33.000Z
0x1d7e03feb27464152a16045bd01aee5e178e8295,0x000000000000000000000000d65633f060c477a9,67029908,0xe2f062ef1a206096d2652a21589a095d8cafe7803cbcf202085fa251035909da,1762273379,2025-11-04T16:22:59.000Z
0x1d7e03feb27464152a16045bd01aee5e178e8295,0x000000000000000000000000003e750e3649365e,67029908,0xe2f062ef1a206096d2652a21589a095d8cafe7803cbcf202085fa251035909da,1762273379,2025-11-04T16:22:59.000Z
0x1d7e03feb27464152a16045bd01aee5e178e8295,0x0000000000000000000000008a8ccf093213a871,67029908,0xe2f062ef1a206096d2652a21589a095d8cafe7803cbcf202085fa251035909da,1762273379,2025-11-04T16:22:59.000Z
0x1d7e03feb27464152a16045bd01aee5e178e8295,0x000000000000000000000000de5b54362e53ef23,67029908,0xe2f062ef1a206096d2652a21589a095d8cafe7803cbcf202085fa251035909da,1762273379,2025-11-04T16:22:59.000Z
0xecc98c61f7683d48ea4b04bb361ade1a7656c791,0x000000000000000000000000d65633f060c477a9,67040331,0x45b892754afaefe36f4edf5e094b604b0a16ad8b9a415a80e7c67cce72b7a546,1762281198,2025-11-04T18:33:18.000Z
0xecc98c61f7683d48ea4b04bb361ade1a7656c791,0x000000000000000000000000003e750e3649365e,67040331,0x45b892754afaefe36f4edf5e094b604b0a16ad8b9a415a80e7c67cce72b7a546,1762281198,2025-11-04T18:33:18.000Z
0xecc98c61f7683d48ea4b04bb361ade1a7656c791,0x0000000000000000000000008a8ccf093213a871,67040331,0x45b892754afaefe36f4edf5e094b604b0a16ad8b9a415a80e7c67cce72b7a546,1762281198,2025-11-04T18:33:18.000Z
0xecc98c61f7683d48ea4b04bb361ade1a7656c791,0x000000000000000000000000de5b54362e53ef23,67040331,0x45b892754afaefe36f4edf5e094b604b0a16ad8b9a415a80e7c67cce72b7a546,1762281198,2025-11-04T18:33:18.000Z
0x0c086071eabe9ca3d8e40334dc62e7b82e5d4920,0x000000000000000000000000d65633f060c477a9,67040625,0xd7f3dda4e5d3182554a0827c046de6bdcdc509df0c62ef194233bbeaa342fe75,1762281419,2025-11-04T18:36:59.000Z
0x0c086071eabe9ca3d8e40334dc62e7b82e5d4920,0x000000000000000000000000003e750e3649365e,67040625,0xd7f3dda4e5d3182554a0827c046de6bdcdc509df0c62ef194233bbeaa342fe75,1762281419,2025-11-04T18:36:59.000Z
0x0c086071eabe9ca3d8e40334dc62e7b82e5d4920,0x0000000000000000000000008a8ccf093213a871,67040625,0xd7f3dda4e5d3182554a0827c046de6bdcdc509df0c62ef194233bbeaa342fe75,1762281419,2025-11-04T18:36:59.000Z
0x0c086071eabe9ca3d8e40334dc62e7b82e5d4920,0x000000000000000000000000de5b54362e53ef23,67040625,0xd7f3dda4e5d3182554a0827c046de6bdcdc509df0c62ef194233bbeaa342fe75,1762281419,2025-11-04T18:36:59.000Z
0xf24c85ed18942b5c5541a531a36eeb4b546eeaee,0x000000000000000000000000d65633f060c477a9,67041249,0x5b945786042987507c7dea848e5a178530e6d4201224f7f5d3fe76647ab16bd1,1762281887,2025-11-04T18:44:47.000Z
0xf24c85ed18942b5c5541a531a36eeb4b546eeaee,0x000000000000000000000000003e750e3649365e,67041249,0x5b945786042987507c7dea848e5a178530e6d4201224f7f5d3fe76647ab16bd1,1762281887,2025-11-04T18:44:47.000Z
0xf24c85ed18942b5c5541a531a36eeb4b546eeaee,0x0000000000000000000000008a8ccf093213a871,67041249,0x5b945786042987507c7dea848e5a178530e6d4201224f7f5d3fe76647ab16bd1,1762281887,2025-11-04T18:44:47.000Z
0xf24c85ed18942b5c5541a531a36eeb4b546eeaee,0x000000000000000000000000de5b54362e53ef23,67041249,0x5b945786042987507c7dea848e5a178530e6d4201224f7f5d3fe76647ab16bd1,1762281887,2025-11-04T18:44:47.000Z
0x964c249da33b905fe8bcf031650831a3762ac1ed,0x000000000000000000000000d65633f060c477a9,67042140,0x9672207025ed7a081086bfe92c23b54e1674d7dfe42208514355768351f0d04b,1762282555,2025-11-04T18:55:55.000Z
0x964c249da33b905fe8bcf031650831a3762ac1ed,0x000000000000000000000000003e750e3649365e,67042140,0x9672207025ed7a081086bfe92c23b54e1674d7dfe42208514355768351f0d04b,1762282555,2025-11-04T18:55:55.000Z
0x964c249da33b905fe8bcf031650831a3762ac1ed,0x0000000000000000000000008a8ccf093213a871,67042140,0x9672207025ed7a081086bfe92c23b54e1674d7dfe42208514355768351f0d04b,1762282555,2025-11-04T18:55:55.000Z
0x964c249da33b905fe8bcf031650831a3762ac1ed,0x000000000000000000000000de5b54362e53ef23,67042140,0x9672207025ed7a081086bfe92c23b54e1674d7dfe42208514355768351f0d04b,1762282555,2025-11-04T18:55:55.000Z
0x92d97e9c8e08555037c07c176fdda822006b35e8,0x000000000000000000000000d65633f060c477a9,67042967,0xa623dde13f5949c2e997816ec82faca697bb8df0ff9fa8cb85a8e826c492c18c,1762283175,2025-11-04T19:06:15.000Z
0x92d97e9c8e08555037c07c176fdda822006b35e8,0x000000000000000000000000003e750e3649365e,67042967,0xa623dde13f5949c2e997816ec82faca697bb8df0ff9fa8cb85a8e826c492c18c,1762283175,2025-11-04T19:06:15.000Z
0x92d97e9c8e08555037c07c176fdda822006b35e8,0x0000000000000000000000008a8ccf093213a871,67042967,0xa623dde13f5949c2e997816ec82faca697bb8df0ff9fa8cb85a8e826c492c18c,1762283175,2025-11-04T19:06:15.000Z
0x92d97e9c8e08555037c07c176fdda822006b35e8,0x000000000000000000000000de5b54362e53ef23,67042967,0xa623dde13f5949c2e997816ec82faca697bb8df0ff9fa8cb85a8e826c492c18c,1762283175,2025-11-04T19:06:15.000Z
0x0f9d4c60f93a9e6f3e00f7f2eea37a7de7e12592,0x000000000000000000000000d65633f060c477a9,67043290,0x09201e4881ee7a904f44eb34a68511f664cf4c5a0d2bc8d52e41244fc22f9602,1762283417,2025-11-04T19:10:17.000Z
0x0f9d4c60f93a9e6f3e00f7f2eea37a7de7e12592,0x000000000000000000000000003e750e3649365e,67043290,0x09201e4881ee7a904f44eb34a68511f664cf4c5a0d2bc8d52e41244fc22f9602,1762283417,2025-11-04T19:10:17.000Z
0x0f9d4c60f93a9e6f3e00f7f2eea37a7de7e12592,0x0000000000000000000000008a8ccf093213a871,67043290,0x09201e4881ee7a904f44eb34a68511f664cf4c5a0d2bc8d52e41244fc22f9602,1762283417,2025-11-04T19:10:17.000Z
0x0f9d4c60f93a9e6f3e00f7f2eea37a7de7e12592,0x000000000000000000000000de5b54362e53ef23,67043290,0x09201e4881ee7a904f44eb34a68511f664cf4c5a0d2bc8d52e41244fc22f9602,1762283417,2025-11-04T19:10:17.000Z
0xfdc9136dd17270ba7d07f7457c43d59c07e17daf,0x000000000000000000000000d65633f060c477a9,67043803,0x2a916b164133e698a08746b300c5fd42e1b70d2fa651982cc94d8710a4096808,1762283802,2025-11-04T19:16:42.000Z
0xfdc9136dd17270ba7d07f7457c43d59c07e17daf,0x000000000000000000000000003e750e3649365e,67043803,0x2a916b164133e698a08746b300c5fd42e1b70d2fa651982cc94d8710a4096808,1762283802,2025-11-04T19:16:42.000Z
0xfdc9136dd17270ba7d07f7457c43d59c07e17daf,0x0000000000000000000000008a8ccf093213a871,67043803,0x2a916b164133e698a08746b300c5fd42e1b70d2fa651982cc94d8710a4096808,1762283802,2025-11-04T19:16:42.000Z
0xfdc9136dd17270ba7d07f7457c43d59c07e17daf,0x000000000000000000000000de5b54362e53ef23,67043803,0x2a916b164133e698a08746b300c5fd42e1b70d2fa651982cc94d8710a4096808,1762283802,2025-11-04T19:16:42.000Z
0xeeaf5c217adc9e77e3ed83770f0b7ed8015a8be3,0x000000000000000000000000d65633f060c477a9,67044635,0x9210f8251beda481952aed979015e1555ea67a83fcbb006ccc723d27432465e0,1762284426,2025-11-04T19:27:06.000Z
0xeeaf5c217adc9e77e3ed83770f0b7ed8015a8be3,0x000000000000000000000000003e750e3649365e,67044635,0x9210f8251beda481952aed979015e1555ea67a83fcbb006ccc723d27432465e0,1762284426,2025-11-04T19:27:06.000Z
0xeeaf5c217adc9e77e3ed83770f0b7ed8015a8be3,0x0000000000000000000000008a8ccf093213a871,67044635,0x9210f8251beda481952aed979015e1555ea67a83fcbb006ccc723d27432465e0,1762284426,2025-11-04T19:27:06.000Z
0xeeaf5c217adc9e77e3ed83770f0b7ed8015a8be3,0x000000000000000000000000de5b54362e53ef23,67044635,0x9210f8251beda481952aed979015e1555ea67a83fcbb006ccc723d27432465e0,1762284426,2025-11-04T19:27:06.000Z
0xf027b49aebd4dad6966880d34438660d919cbd5a,0x00000000000000000000000026c51b7453f4982c,67066256,0xd3784eadd3bc552b5572dcebb19a0b76445d02ac793d8070d5271f5e81e033cb,1762300643,2025-11-04T23:57:23.000Z
0xf027b49aebd4dad6966880d34438660d919cbd5a,0x000000000000000000000000602af2ace0e2f895,67066256,0xd3784eadd3bc552b5572dcebb19a0b76445d02ac793d8070d5271f5e81e033cb,1762300643,2025-11-04T23:57:23.000Z
0xf027b49aebd4dad6966880d34438660d919cbd5a,0x0000000000000000000000002b3bc5a945059f77,67066256,0xd3784eadd3bc552b5572dcebb19a0b76445d02ac793d8070d5271f5e81e033cb,1762300643,2025-11-04T23:57:23.000Z
0xf027b49aebd4dad6966880d34438660d919cbd5a,0x000000000000000000000000de5b54362e53ef23,67066256,0xd3784eadd3bc552b5572dcebb19a0b76445d02ac793d8070d5271f5e81e033cb,1762300643,2025-11-04T23:57:23.000Z
0xe3cf50ba29af31f8d8fa589a959be38d17431699,0x000000000000000000000000f0d4a62fb9a643ca,67121709,0x29ea774ce7682efe3b9e0b1a39d3b77a0a28b178523782d769da7dd096a5404d,1762342238,2025-11-05T11:30:38.000Z
0xe3cf50ba29af31f8d8fa589a959be38d17431699,0x000000000000000000000000b78e4f8640d662b1,67121709,0x29ea774ce7682efe3b9e0b1a39d3b77a0a28b178523782d769da7dd096a5404d,1762342238,2025-11-05T11:30:38.000Z
0xe3cf50ba29af31f8d8fa589a959be38d17431699,0x000000000000000000000000195fd033be64ef32,67121709,0x29ea774ce7682efe3b9e0b1a39d3b77a0a28b178523782d769da7dd096a5404d,1762342238,2025-11-05T11:30:38.000Z
0xe3cf50ba29af31f8d8fa589a959be38d17431699,0x000000000000000000000000de5b54362e53ef23,67121709,0x29ea774ce7682efe3b9e0b1a39d3b77a0a28b178523782d769da7dd096a5404d,1762342238,2025-11-05T11:30:38.000Z
0x83eedc37aa4c39a870f0854e73f4ed95ce9669a2,0x000000000000000000000000a56fc8b4c8661a7f,67125357,0x357f635e9d4cba89b1cefd6fadf07e9dd0e3a1979f7033fa64aa87a9319f17d2,1762344976,2025-11-05T12:16:16.000Z
0x83eedc37aa4c39a870f0854e73f4ed95ce9669a2,0x000000000000000000000000a6e5a56dc7ad9033,67125357,0x357f635e9d4cba89b1cefd6fadf07e9dd0e3a1979f7033fa64aa87a9319f17d2,1762344976,2025-11-05T12:16:16.000Z
0x83eedc37aa4c39a870f0854e73f4ed95ce9669a2,0x000000000000000000000000d6ecbc0d6e1902db,67125357,0x357f635e9d4cba89b1cefd6fadf07e9dd0e3a1979f7033fa64aa87a9319f17d2,1762344976,2025-11-05T12:16:16.000Z
0x83eedc37aa4c39a870f0854e73f4ed95ce9669a2,0x000000000000000000000000de5b54362e53ef23,67125357,0x357f635e9d4cba89b1cefd6fadf07e9dd0e3a1979f7033fa64aa87a9319f17d2,1762344976,2025-11-05T12:16:16.000Z
0x78bf3e9e02eecccca7217687def407862d9e22fd,0x000000000000000000000000107bb14cc71a278e,67132415,0x66521cc110462bf84a27c4cdb1348a701503500797e90b67d1cc02c8a1418b60,1762350272,2025-11-05T13:44:32.000Z
0x78bf3e9e02eecccca7217687def407862d9e22fd,0x00000000000000000000000092d6d3fbe4067a2f,67132415,0x66521cc110462bf84a27c4cdb1348a701503500797e90b67d1cc02c8a1418b60,1762350272,2025-11-05T13:44:32.000Z
0x78bf3e9e02eecccca7217687def407862d9e22fd,0x0000000000000000000000008d66facd7673f48c,67132415,0x66521cc110462bf84a27c4cdb1348a701503500797e90b67d1cc02c8a1418b60,1762350272,2025-11-05T13:44:32.000Z
0x78bf3e9e02eecccca7217687def407862d9e22fd,0x000000000000000000000000de5b54362e53ef23,67132415,0x66521cc110462bf84a27c4cdb1348a701503500797e90b67d1cc02c8a1418b60,1762350272,2025-11-05T13:44:32.000Z
0xf885779b76992fdf9399c8fbf63e7e2f0d0a796a,0x00000000000000000000000015ade19111a3e80f,67172843,0x221aa8a60187a83ab825a3d906350c08526fbfb06c9fa38b4b6ab755949af46f,1762380596,2025-11-05T22:09:56.000Z
0xf885779b76992fdf9399c8fbf63e7e2f0d0a796a,0x0000000000000000000000006ffeb2bfc1f2c9d1,67172843,0x221aa8a60187a83ab825a3d906350c08526fbfb06c9fa38b4b6ab755949af46f,1762380596,2025-11-05T22:09:56.000Z
0xf885779b76992fdf9399c8fbf63e7e2f0d0a796a,0x00000000000000000000000088ecbcc049b7d047,67172843,0x221aa8a60187a83ab825a3d906350c08526fbfb06c9fa38b4b6ab755949af46f,1762380596,2025-11-05T22:09:56.000Z
0xf885779b76992fdf9399c8fbf63e7e2f0d0a796a,0x000000000000000000000000de5b54362e53ef23,67172843,0x221aa8a60187a83ab825a3d906350c08526fbfb06c9fa38b4b6ab755949af46f,1762380596,2025-11-05T22:09:56.000Z
0xe2ea530ec7ecd5acedb3f559a72346f8b63571ee,0x0000000000000000000000008234ca158698452e,67206994,0x3c1045fc8b90b54b1e79ff54b451ad187917d2d81ced7260e622b324e10409ea,1762406211,2025-11-06T05:16:51.000Z
0xe2ea530ec7ecd5acedb3f559a72346f8b63571ee,0x00000000000000000000000096286e5304c52d4c,67206994,0x3c1045fc8b90b54b1e79ff54b451ad187917d2d81ced7260e622b324e10409ea,1762406211,2025-11-06T05:16:51.000Z
0xe2ea530ec7ecd5acedb3f559a72346f8b63571ee,0x000000000000000000000000d88474b996a924c2,67206994,0x3c1045fc8b90b54b1e79ff54b451ad187917d2d81ced7260e622b324e10409ea,1762406211,2025-11-06T05:16:51.000Z
0xe2ea530ec7ecd5acedb3f559a72346f8b63571ee,0x000000000000000000000000de5b54362e53ef23,67206994,0x3c1045fc8b90b54b1e79ff54b451ad187917d2d81ced7260e622b324e10409ea,1762406211,2025-11-06T05:16:51.000Z
0x6cd40591250d2bfead097ffefff78805b0fe4ca0,0x000000000000000000000000e2ea530ec7ecd5ac,67223071,0x5d272137c431217bc6ce25dcee6f4a0398a64a68d293c1302ad37d5d190bd313,1762418270,2025-11-06T08:37:50.000Z
0x6cd40591250d2bfead097ffefff78805b0fe4ca0,0x0000000000000000000000008234ca158698452e,67223071,0x5d272137c431217bc6ce25dcee6f4a0398a64a68d293c1302ad37d5d190bd313,1762418270,2025-11-06T08:37:50.000Z
0x6cd40591250d2bfead097ffefff78805b0fe4ca0,0x00000000000000000000000096286e5304c52d4c,67223071,0x5d272137c431217bc6ce25dcee6f4a0398a64a68d293c1302ad37d5d190bd313,1762418270,2025-11-06T08:37:50.000Z
0x6cd40591250d2bfead097ffefff78805b0fe4ca0,0x000000000000000000000000de5b54362e53ef23,67223071,0x5d272137c431217bc6ce25dcee6f4a0398a64a68d293c1302ad37d5d190bd313,1762418270,2025-11-06T08:37:50.000Z
0xeb5bf15f08b84a83998160be8823a997360db4db,0x0000000000000000000000006cd40591250d2bfe,67233819,0x83bcbb00d50cf81550d7115c8be9d28396369cd530e3a6c7c09d2a9aed56c88d,1762426331,2025-11-06T10:52:11.000Z
0xeb5bf15f08b84a83998160be8823a997360db4db,0x000000000000000000000000e2ea530ec7ecd5ac,67233819,0x83bcbb00d50cf81550d7115c8be9d28396369cd530e3a6c7c09d2a9aed56c88d,1762426331,2025-11-06T10:52:11.000Z
0xeb5bf15f08b84a83998160be8823a997360db4db,0x0000000000000000000000008234ca158698452e,67233819,0x83bcbb00d50cf81550d7115c8be9d28396369cd530e3a6c7c09d2a9aed56c88d,1762426331,2025-11-06T10:52:11.000Z
0xeb5bf15f08b84a83998160be8823a997360db4db,0x000000000000000000000000de5b54362e53ef23,67233819,0x83bcbb00d50cf81550d7115c8be9d28396369cd530e3a6c7c09d2a9aed56c88d,1762426331,2025-11-06T10:52:11.000Z
0x186d10c13535dcdb2765e704c62466fd645736b7,0x000000000000000000000000eb5bf15f08b84a83,67234909,0xb5fe45b28a185d2272124306617123e0afbe18e6a277458c75c3d1db6102ff0a,1762427149,2025-11-06T11:05:49.000Z
0x186d10c13535dcdb2765e704c62466fd645736b7,0x0000000000000000000000006cd40591250d2bfe,67234909,0xb5fe45b28a185d2272124306617123e0afbe18e6a277458c75c3d1db6102ff0a,1762427149,2025-11-06T11:05:49.000Z
0x186d10c13535dcdb2765e704c62466fd645736b7,0x000000000000000000000000e2ea530ec7ecd5ac,67234909,0xb5fe45b28a185d2272124306617123e0afbe18e6a277458c75c3d1db6102ff0a,1762427149,2025-11-06T11:05:49.000Z
0x186d10c13535dcdb2765e704c62466fd645736b7,0x000000000000000000000000de5b54362e53ef23,67234909,0xb5fe45b28a185d2272124306617123e0afbe18e6a277458c75c3d1db6102ff0a,1762427149,2025-11-06T11:05:49.000Z
0xfe7621e66ecd278e049bb1093c59c04abd6e5938,0x000000000000000000000000186d10c13535dcdb,67235480,0x274ee366ba9da5042a0bf846626e3efda5c9feaf2b22fc71e1174a8bdbd99455,1762427577,2025-11-06T11:12:57.000Z
0xfe7621e66ecd278e049bb1093c59c04abd6e5938,0x000000000000000000000000eb5bf15f08b84a83,67235480,0x274ee366ba9da5042a0bf846626e3efda5c9feaf2b22fc71e1174a8bdbd99455,1762427577,2025-11-06T11:12:57.000Z
0xfe7621e66ecd278e049bb1093c59c04abd6e5938,0x0000000000000000000000006cd40591250d2bfe,67235480,0x274ee366ba9da5042a0bf846626e3efda5c9feaf2b22fc71e1174a8bdbd99455,1762427577,2025-11-06T11:12:57.000Z
0xfe7621e66ecd278e049bb1093c59c04abd6e5938,0x000000000000000000000000de5b54362e53ef23,67235480,0x274ee366ba9da5042a0bf846626e3efda5c9feaf2b22fc71e1174a8bdbd99455,1762427577,2025-11-06T11:12:57.000Z
0xfc8fcaeb267fb8acf99e66ff37e6e9bba70bbf7d,0x00000000000000000000000031dc6f2b99602b90,67245915,0xe271ff9ef9761d010a9fc78ec6624c46fd538b99ea6ba08e7936843c269a1ebb,1762435404,2025-11-06T13:23:24.000Z
0xfc8fcaeb267fb8acf99e66ff37e6e9bba70bbf7d,0x000000000000000000000000f9eb0bfce4d63ccf,67245915,0xe271ff9ef9761d010a9fc78ec6624c46fd538b99ea6ba08e7936843c269a1ebb,1762435404,2025-11-06T13:23:24.000Z
0xfc8fcaeb267fb8acf99e66ff37e6e9bba70bbf7d,0x000000000000000000000000524ad71c5d57ad62,67245915,0xe271ff9ef9761d010a9fc78ec6624c46fd538b99ea6ba08e7936843c269a1ebb,1762435404,2025-11-06T13:23:24.000Z
0xfc8fcaeb267fb8acf99e66ff37e6e9bba70bbf7d,0x000000000000000000000000de5b54362e53ef23,67245915,0xe271ff9ef9761d010a9fc78ec6624c46fd538b99ea6ba08e7936843c269a1ebb,1762435404,2025-11-06T13:23:24.000Z
0x01e33d73a287410ecfdbf3879c7122a2eaa11b56,0x00000000000000000000000000e1d66a04f1a4d3,67252539,0x0fcd0e5c1f0fc552b2947798c3969a695fafa0d1c01df8c350b662eec3bb9a3f,1762440372,2025-11-06T14:46:12.000Z
0x01e33d73a287410ecfdbf3879c7122a2eaa11b56,0x000000000000000000000000ea2d9c6defc5808b,67252539,0x0fcd0e5c1f0fc552b2947798c3969a695fafa0d1c01df8c350b662eec3bb9a3f,1762440372,2025-11-06T14:46:12.000Z
0x01e33d73a287410ecfdbf3879c7122a2eaa11b56,0x000000000000000000000000107bb14cc71a278e,67252539,0x0fcd0e5c1f0fc552b2947798c3969a695fafa0d1c01df8c350b662eec3bb9a3f,1762440372,2025-11-06T14:46:12.000Z
0x01e33d73a287410ecfdbf3879c7122a2eaa11b56,0x000000000000000000000000de5b54362e53ef23,67252539,0x0fcd0e5c1f0fc552b2947798c3969a695fafa0d1c01df8c350b662eec3bb9a3f,1762440372,2025-11-06T14:46:12.000Z
0x3b115c14e1f7853e902aaffffb3b29f4a180fc60,0x000000000000000000000000aa1803c2caac3db9,67316534,0xa1e95aad9741b2ea5e45fa0d9d2c5eb0e57266e12d8e982e5c9e6468c93ce693,1762488373,2025-11-07T04:06:13.000Z
0x3b115c14e1f7853e902aaffffb3b29f4a180fc60,0x00000000000000000000000054baadf42ac2c2ad,67316534,0xa1e95aad9741b2ea5e45fa0d9d2c5eb0e57266e12d8e982e5c9e6468c93ce693,1762488373,2025-11-07T04:06:13.000Z
0x3b115c14e1f7853e902aaffffb3b29f4a180fc60,0x00000000000000000000000092d6d3fbe4067a2f,67316534,0xa1e95aad9741b2ea5e45fa0d9d2c5eb0e57266e12d8e982e5c9e6468c93ce693,1762488373,2025-11-07T04:06:13.000Z
0x3b115c14e1f7853e902aaffffb3b29f4a180fc60,0x000000000000000000000000de5b54362e53ef23,67316534,0xa1e95aad9741b2ea5e45fa0d9d2c5eb0e57266e12d8e982e5c9e6468c93ce693,1762488373,2025-11-07T04:06:13.000Z
0x764bffcfb4cde9ad90623946546b5f62fcdc3c3b,0x0000000000000000000000003b115c14e1f7853e,67317022,0x5d61a72ad8ed5c330605ac9fb5d346a849ad5009c558a9fb6d7dde8d7ee42377,1762488739,2025-11-07T04:12:19.000Z
0x764bffcfb4cde9ad90623946546b5f62fcdc3c3b,0x000000000000000000000000aa1803c2caac3db9,67317022,0x5d61a72ad8ed5c330605ac9fb5d346a849ad5009c558a9fb6d7dde8d7ee42377,1762488739,2025-11-07T04:12:19.000Z
0x764bffcfb4cde9ad90623946546b5f62fcdc3c3b,0x00000000000000000000000054baadf42ac2c2ad,67317022,0x5d61a72ad8ed5c330605ac9fb5d346a849ad5009c558a9fb6d7dde8d7ee42377,1762488739,2025-11-07T04:12:19.000Z
0x764bffcfb4cde9ad90623946546b5f62fcdc3c3b,0x000000000000000000000000de5b54362e53ef23,67317022,0x5d61a72ad8ed5c330605ac9fb5d346a849ad5009c558a9fb6d7dde8d7ee42377,1762488739,2025-11-07T04:12:19.000Z
0x31e51b5c806d9b4b9ed72e9ceb28aa1b395601a4,0x000000000000000000000000764bffcfb4cde9ad,67318089,0x8f736cf5f15d607c18114ee7db66de07e5e3ae9b9ec32c2247116e281d14cb5e,1762489540,2025-11-07T04:25:40.000Z
0x31e51b5c806d9b4b9ed72e9ceb28aa1b395601a4,0x0000000000000000000000003b115c14e1f7853e,67318089,0x8f736cf5f15d607c18114ee7db66de07e5e3ae9b9ec32c2247116e281d14cb5e,1762489540,2025-11-07T04:25:40.000Z
0x31e51b5c806d9b4b9ed72e9ceb28aa1b395601a4,0x000000000000000000000000aa1803c2caac3db9,67318089,0x8f736cf5f15d607c18114ee7db66de07e5e3ae9b9ec32c2247116e281d14cb5e,1762489540,2025-11-07T04:25:40.000Z
0x31e51b5c806d9b4b9ed72e9ceb28aa1b395601a4,0x000000000000000000000000de5b54362e53ef23,67318089,0x8f736cf5f15d607c18114ee7db66de07e5e3ae9b9ec32c2247116e281d14cb5e,1762489540,2025-11-07T04:25:40.000Z
0x3426eb0f24a8b176a5e229890338e7a6a659421f,0x00000000000000000000000031e51b5c806d9b4b,67320869,0xbafb15d1283918362d2f451be3a90e343d705fff2041efa3857972b117f561ab,1762491625,2025-11-07T05:00:25.000Z
0x3426eb0f24a8b176a5e229890338e7a6a659421f,0x000000000000000000000000764bffcfb4cde9ad,67320869,0xbafb15d1283918362d2f451be3a90e343d705fff2041efa3857972b117f561ab,1762491625,2025-11-07T05:00:25.000Z
0x3426eb0f24a8b176a5e229890338e7a6a659421f,0x0000000000000000000000003b115c14e1f7853e,67320869,0xbafb15d1283918362d2f451be3a90e343d705fff2041efa3857972b117f561ab,1762491625,2025-11-07T05:00:25.000Z
0x3426eb0f24a8b176a5e229890338e7a6a659421f,0x000000000000000000000000de5b54362e53ef23,67320869,0xbafb15d1283918362d2f451be3a90e343d705fff2041efa3857972b117f561ab,1762491625,2025-11-07T05:00:25.000Z
0xd422667de1ace07c77a9beecefbd4310bb9bd988,0x0000000000000000000000003426eb0f24a8b176,67321352,0xdf6b70416cd5e9cf62dd7346f3dd4c08338700dc0c4865d7b7b19fee9b0592f9,1762491987,2025-11-07T05:06:27.000Z
0xd422667de1ace07c77a9beecefbd4310bb9bd988,0x00000000000000000000000031e51b5c806d9b4b,67321352,0xdf6b70416cd5e9cf62dd7346f3dd4c08338700dc0c4865d7b7b19fee9b0592f9,1762491987,2025-11-07T05:06:27.000Z
0xd422667de1ace07c77a9beecefbd4310bb9bd988,0x000000000000000000000000764bffcfb4cde9ad,67321352,0xdf6b70416cd5e9cf62dd7346f3dd4c08338700dc0c4865d7b7b19fee9b0592f9,1762491987,2025-11-07T05:06:27.000Z
0xd422667de1ace07c77a9beecefbd4310bb9bd988,0x000000000000000000000000de5b54362e53ef23,67321352,0xdf6b70416cd5e9cf62dd7346f3dd4c08338700dc0c4865d7b7b19fee9b0592f9,1762491987,2025-11-07T05:06:27.000Z
0x71ebde5f840047b05c3150d3290d70734dd9d4d6,0x000000000000000000000000d422667de1ace07c,67322099,0x6d63ad0a13b86b3c62fd448cb90464e4df8a594cdd5bcaa1999842dbd44a436b,1762492548,2025-11-07T05:15:48.000Z
0x71ebde5f840047b05c3150d3290d70734dd9d4d6,0x0000000000000000000000003426eb0f24a8b176,67322099,0x6d63ad0a13b86b3c62fd448cb90464e4df8a594cdd5bcaa1999842dbd44a436b,1762492548,2025-11-07T05:15:48.000Z
0x71ebde5f840047b05c3150d3290d70734dd9d4d6,0x00000000000000000000000031e51b5c806d9b4b,67322099,0x6d63ad0a13b86b3c62fd448cb90464e4df8a594cdd5bcaa1999842dbd44a436b,1762492548,2025-11-07T05:15:48.000Z
0x71ebde5f840047b05c3150d3290d70734dd9d4d6,0x000000000000000000000000de5b54362e53ef23,67322099,0x6d63ad0a13b86b3c62fd448cb90464e4df8a594cdd5bcaa1999842dbd44a436b,1762492548,2025-11-07T05:15:48.000Z
0x1ab8da4b2e1a926bbec91904a5e68a68e6c7f0dc,0x00000000000000000000000071ebde5f840047b0,67322638,0x22d60bdaa6eea537b1732c19f08614ad2fcd384f52bf972f8ef7b94689bbfc23,1762492952,2025-11-07T05:22:32.000Z
0x1ab8da4b2e1a926bbec91904a5e68a68e6c7f0dc,0x000000000000000000000000d422667de1ace07c,67322638,0x22d60bdaa6eea537b1732c19f08614ad2fcd384f52bf972f8ef7b94689bbfc23,1762492952,2025-11-07T05:22:32.000Z
0x1ab8da4b2e1a926bbec91904a5e68a68e6c7f0dc,0x0000000000000000000000003426eb0f24a8b176,67322638,0x22d60bdaa6eea537b1732c19f08614ad2fcd384f52bf972f8ef7b94689bbfc23,1762492952,2025-11-07T05:22:32.000Z
0x1ab8da4b2e1a926bbec91904a5e68a68e6c7f0dc,0x000000000000000000000000de5b54362e53ef23,67322638,0x22d60bdaa6eea537b1732c19f08614ad2fcd384f52bf972f8ef7b94689bbfc23,1762492952,2025-11-07T05:22:32.000Z
0x4ae4e8c52dec0d52f5fef1c94bdd4ffdc98eb982,0x00000000000000000000000071ebde5f840047b0,67323331,0xfaa42bdce74e26428f708ec4c7c5c7d1e8b15c66f8120f4ddb05dc2604414e83,1762493472,2025-11-07T05:31:12.000Z
0x4ae4e8c52dec0d52f5fef1c94bdd4ffdc98eb982,0x000000000000000000000000d422667de1ace07c,67323331,0xfaa42bdce74e26428f708ec4c7c5c7d1e8b15c66f8120f4ddb05dc2604414e83,1762493472,2025-11-07T05:31:12.000Z
0x4ae4e8c52dec0d52f5fef1c94bdd4ffdc98eb982,0x0000000000000000000000003426eb0f24a8b176,67323331,0xfaa42bdce74e26428f708ec4c7c5c7d1e8b15c66f8120f4ddb05dc2604414e83,1762493472,2025-11-07T05:31:12.000Z
0x4ae4e8c52dec0d52f5fef1c94bdd4ffdc98eb982,0x000000000000000000000000de5b54362e53ef23,67323331,0xfaa42bdce74e26428f708ec4c7c5c7d1e8b15c66f8120f4ddb05dc2604414e83,1762493472,2025-11-07T05:31:12.000Z
0x15f408a5345421d89f42661886759126620857f7,0x00000000000000000000000071ebde5f840047b0,67323860,0xc0fb92881e497a06789d80f816de6bb57e54a8abead5555094350c1852c3eb82,1762493869,2025-11-07T05:37:49.000Z
0x15f408a5345421d89f42661886759126620857f7,0x000000000000000000000000d422667de1ace07c,67323860,0xc0fb92881e497a06789d80f816de6bb57e54a8abead5555094350c1852c3eb82,1762493869,2025-11-07T05:37:49.000Z
0x15f408a5345421d89f42661886759126620857f7,0x0000000000000000000000003426eb0f24a8b176,67323860,0xc0fb92881e497a06789d80f816de6bb57e54a8abead5555094350c1852c3eb82,1762493869,2025-11-07T05:37:49.000Z
0x15f408a5345421d89f42661886759126620857f7,0x000000000000000000000000de5b54362e53ef23,67323860,0xc0fb92881e497a06789d80f816de6bb57e54a8abead5555094350c1852c3eb82,1762493869,2025-11-07T05:37:49.000Z
0x80e126da71e4e183f5043407f6e7ff021bceeabb,0x00000000000000000000000071ebde5f840047b0,67324341,0x5dce1c33342b27dbe5d01aaa1d9d4c69843b011a0609121ae934bf6f344dd679,1762494229,2025-11-07T05:43:49.000Z
0x80e126da71e4e183f5043407f6e7ff021bceeabb,0x000000000000000000000000d422667de1ace07c,67324341,0x5dce1c33342b27dbe5d01aaa1d9d4c69843b011a0609121ae934bf6f344dd679,1762494229,2025-11-07T05:43:49.000Z
0x80e126da71e4e183f5043407f6e7ff021bceeabb,0x0000000000000000000000003426eb0f24a8b176,67324341,0x5dce1c33342b27dbe5d01aaa1d9d4c69843b011a0609121ae934bf6f344dd679,1762494229,2025-11-07T05:43:49.000Z
0x80e126da71e4e183f5043407f6e7ff021bceeabb,0x000000000000000000000000de5b54362e53ef23,67324341,0x5dce1c33342b27dbe5d01aaa1d9d4c69843b011a0609121ae934bf6f344dd679,1762494229,2025-11-07T05:43:49.000Z
0xbb4c738cc400b7f835bfcd3d22cafe7792aac7ed,0x00000000000000000000000071ebde5f840047b0,67335097,0xed4b7bd0e45a9bd67ee73adf590ec0bc5b78e8f557bb8557d68da692a9a23d00,1762502297,2025-11-07T07:58:17.000Z
0xbb4c738cc400b7f835bfcd3d22cafe7792aac7ed,0x000000000000000000000000d422667de1ace07c,67335097,0xed4b7bd0e45a9bd67ee73adf590ec0bc5b78e8f557bb8557d68da692a9a23d00,1762502297,2025-11-07T07:58:17.000Z
0xbb4c738cc400b7f835bfcd3d22cafe7792aac7ed,0x0000000000000000000000003426eb0f24a8b176,67335097,0xed4b7bd0e45a9bd67ee73adf590ec0bc5b78e8f557bb8557d68da692a9a23d00,1762502297,2025-11-07T07:58:17.000Z
0xbb4c738cc400b7f835bfcd3d22cafe7792aac7ed,0x000000000000000000000000de5b54362e53ef23,67335097,0xed4b7bd0e45a9bd67ee73adf590ec0bc5b78e8f557bb8557d68da692a9a23d00,1762502297,2025-11-07T07:58:17.000Z
0x8efb4a1ebeab7acb171c633c0fc9c4e60a26e699,0x00000000000000000000000071ebde5f840047b0,67335226,0x321dbc89f12e7223a58562bd4976e79e50f7ca6765bba5c780795f312fe5ae45,1762502394,2025-11-07T07:59:54.000Z
0x8efb4a1ebeab7acb171c633c0fc9c4e60a26e699,0x000000000000000000000000d422667de1ace07c,67335226,0x321dbc89f12e7223a58562bd4976e79e50f7ca6765bba5c780795f312fe5ae45,1762502394,2025-11-07T07:59:54.000Z
0x8efb4a1ebeab7acb171c633c0fc9c4e60a26e699,0x0000000000000000000000003426eb0f24a8b176,67335226,0x321dbc89f12e7223a58562bd4976e79e50f7ca6765bba5c780795f312fe5ae45,1762502394,2025-11-07T07:59:54.000Z
0x8efb4a1ebeab7acb171c633c0fc9c4e60a26e699,0x000000000000000000000000de5b54362e53ef23,67335226,0x321dbc89f12e7223a58562bd4976e79e50f7ca6765bba5c780795f312fe5ae45,1762502394,2025-11-07T07:59:54.000Z
0x5b952d4054f951f0c2ccef7145a4782daa858436,0x00000000000000000000000071ebde5f840047b0,67336069,0x5179ea9c57900edcec6f8e89f1b7295d9c5383c1f405a8a9c17b2eddea29cc00,1762503026,2025-11-07T08:10:26.000Z
0x5b952d4054f951f0c2ccef7145a4782daa858436,0x000000000000000000000000d422667de1ace07c,67336069,0x5179ea9c57900edcec6f8e89f1b7295d9c5383c1f405a8a9c17b2eddea29cc00,1762503026,2025-11-07T08:10:26.000Z
0x5b952d4054f951f0c2ccef7145a4782daa858436,0x0000000000000000000000003426eb0f24a8b176,67336069,0x5179ea9c57900edcec6f8e89f1b7295d9c5383c1f405a8a9c17b2eddea29cc00,1762503026,2025-11-07T08:10:26.000Z
0x5b952d4054f951f0c2ccef7145a4782daa858436,0x000000000000000000000000de5b54362e53ef23,67336069,0x5179ea9c57900edcec6f8e89f1b7295d9c5383c1f405a8a9c17b2eddea29cc00,1762503026,2025-11-07T08:10:26.000Z
0xbc86b023f88ed6c76d6b9dc5676323bbd92c3e9b,0x00000000000000000000000071ebde5f840047b0,67336159,0x6a0103a54df4757b89ddc592c46513a72076542c8e5362f9ee9e06fef4221bbf,1762503094,2025-11-07T08:11:34.000Z
0xbc86b023f88ed6c76d6b9dc5676323bbd92c3e9b,0x000000000000000000000000d422667de1ace07c,67336159,0x6a0103a54df4757b89ddc592c46513a72076542c8e5362f9ee9e06fef4221bbf,1762503094,2025-11-07T08:11:34.000Z
0xbc86b023f88ed6c76d6b9dc5676323bbd92c3e9b,0x0000000000000000000000003426eb0f24a8b176,67336159,0x6a0103a54df4757b89ddc592c46513a72076542c8e5362f9ee9e06fef4221bbf,1762503094,2025-11-07T08:11:34.000Z
0xbc86b023f88ed6c76d6b9dc5676323bbd92c3e9b,0x000000000000000000000000de5b54362e53ef23,67336159,0x6a0103a54df4757b89ddc592c46513a72076542c8e5362f9ee9e06fef4221bbf,1762503094,2025-11-07T08:11:34.000Z
0x799c1b1dfa39decba83161a33b6da24707f78118,0x00000000000000000000000071ebde5f840047b0,67336271,0xf2e3b315a32411c2a5df1a4694b50edee037af744419ecd2fb72bb5b89bde408,1762503178,2025-11-07T08:12:58.000Z
0x799c1b1dfa39decba83161a33b6da24707f78118,0x000000000000000000000000d422667de1ace07c,67336271,0xf2e3b315a32411c2a5df1a4694b50edee037af744419ecd2fb72bb5b89bde408,1762503178,2025-11-07T08:12:58.000Z
0x799c1b1dfa39decba83161a33b6da24707f78118,0x0000000000000000000000003426eb0f24a8b176,67336271,0xf2e3b315a32411c2a5df1a4694b50edee037af744419ecd2fb72bb5b89bde408,1762503178,2025-11-07T08:12:58.000Z
0x799c1b1dfa39decba83161a33b6da24707f78118,0x000000000000000000000000de5b54362e53ef23,67336271,0xf2e3b315a32411c2a5df1a4694b50edee037af744419ecd2fb72bb5b89bde408,1762503178,2025-11-07T08:12:58.000Z
0x9fd04ada00a7aae2b173f72874ca59a49f236c45,0x00000000000000000000000071ebde5f840047b0,67336716,0xfee7f7b98938b3b70c08e6ae2a557954ed5529d0e45a9e48d76fa54ddaa4dc6b,1762503511,2025-11-07T08:18:31.000Z
0x9fd04ada00a7aae2b173f72874ca59a49f236c45,0x000000000000000000000000d422667de1ace07c,67336716,0xfee7f7b98938b3b70c08e6ae2a557954ed5529d0e45a9e48d76fa54ddaa4dc6b,1762503511,2025-11-07T08:18:31.000Z
0x9fd04ada00a7aae2b173f72874ca59a49f236c45,0x0000000000000000000000003426eb0f24a8b176,67336716,0xfee7f7b98938b3b70c08e6ae2a557954ed5529d0e45a9e48d76fa54ddaa4dc6b,1762503511,2025-11-07T08:18:31.000Z
0x9fd04ada00a7aae2b173f72874ca59a49f236c45,0x000000000000000000000000de5b54362e53ef23,67336716,0xfee7f7b98938b3b70c08e6ae2a557954ed5529d0e45a9e48d76fa54ddaa4dc6b,1762503511,2025-11-07T08:18:31.000Z
0xd6ad84796b1be955aec82cdee297e2f72494eed2,0x00000000000000000000000071ebde5f840047b0,67337747,0x848d72f0795e8ac07a9094f064339194064540e36019bba1669f1394a78b2980,1762504285,2025-11-07T08:31:25.000Z
0xd6ad84796b1be955aec82cdee297e2f72494eed2,0x000000000000000000000000d422667de1ace07c,67337747,0x848d72f0795e8ac07a9094f064339194064540e36019bba1669f1394a78b2980,1762504285,2025-11-07T08:31:25.000Z
0xd6ad84796b1be955aec82cdee297e2f72494eed2,0x0000000000000000000000003426eb0f24a8b176,67337747,0x848d72f0795e8ac07a9094f064339194064540e36019bba1669f1394a78b2980,1762504285,2025-11-07T08:31:25.000Z
0xd6ad84796b1be955aec82cdee297e2f72494eed2,0x000000000000000000000000de5b54362e53ef23,67337747,0x848d72f0795e8ac07a9094f064339194064540e36019bba1669f1394a78b2980,1762504285,2025-11-07T08:31:25.000Z
0xab889f5cf6ff9a37a5332fe9ea0df88968ed90bc,0x00000000000000000000000071ebde5f840047b0,67337853,0x33462ab57ee0b3db47d6a190c1bc6291e8b10e17acde5a2f6f06b5446836151c,1762504364,2025-11-07T08:32:44.000Z
0xab889f5cf6ff9a37a5332fe9ea0df88968ed90bc,0x000000000000000000000000d422667de1ace07c,67337853,0x33462ab57ee0b3db47d6a190c1bc6291e8b10e17acde5a2f6f06b5446836151c,1762504364,2025-11-07T08:32:44.000Z
0xab889f5cf6ff9a37a5332fe9ea0df88968ed90bc,0x0000000000000000000000003426eb0f24a8b176,67337853,0x33462ab57ee0b3db47d6a190c1bc6291e8b10e17acde5a2f6f06b5446836151c,1762504364,2025-11-07T08:32:44.000Z
0xab889f5cf6ff9a37a5332fe9ea0df88968ed90bc,0x000000000000000000000000de5b54362e53ef23,67337853,0x33462ab57ee0b3db47d6a190c1bc6291e8b10e17acde5a2f6f06b5446836151c,1762504364,2025-11-07T08:32:44.000Z
0x5799944ceba4c4ba7f4db967605a53b5edaf8d6c,0x00000000000000000000000071ebde5f840047b0,67340319,0xccfd755133c5b03a9abe879939a8892802e8991f10999d0d0db4676a7fddc736,1762506214,2025-11-07T09:03:34.000Z
0x5799944ceba4c4ba7f4db967605a53b5edaf8d6c,0x000000000000000000000000d422667de1ace07c,67340319,0xccfd755133c5b03a9abe879939a8892802e8991f10999d0d0db4676a7fddc736,1762506214,2025-11-07T09:03:34.000Z
0x5799944ceba4c4ba7f4db967605a53b5edaf8d6c,0x0000000000000000000000003426eb0f24a8b176,67340319,0xccfd755133c5b03a9abe879939a8892802e8991f10999d0d0db4676a7fddc736,1762506214,2025-11-07T09:03:34.000Z
0x5799944ceba4c4ba7f4db967605a53b5edaf8d6c,0x000000000000000000000000de5b54362e53ef23,67340319,0xccfd755133c5b03a9abe879939a8892802e8991f10999d0d0db4676a7fddc736,1762506214,2025-11-07T09:03:34.000Z
0x6f6e1d58cb1808c8828b9401f08f3423ba5a8065,0x00000000000000000000000071ebde5f840047b0,67340898,0x5432cfece2cc487e08b269592ba37aa5a3bdb561b56f9b0cd0599381d94ab101,1762506649,2025-11-07T09:10:49.000Z
0x6f6e1d58cb1808c8828b9401f08f3423ba5a8065,0x000000000000000000000000d422667de1ace07c,67340898,0x5432cfece2cc487e08b269592ba37aa5a3bdb561b56f9b0cd0599381d94ab101,1762506649,2025-11-07T09:10:49.000Z
0x6f6e1d58cb1808c8828b9401f08f3423ba5a8065,0x0000000000000000000000003426eb0f24a8b176,67340898,0x5432cfece2cc487e08b269592ba37aa5a3bdb561b56f9b0cd0599381d94ab101,1762506649,2025-11-07T09:10:49.000Z
0x6f6e1d58cb1808c8828b9401f08f3423ba5a8065,0x000000000000000000000000de5b54362e53ef23,67340898,0x5432cfece2cc487e08b269592ba37aa5a3bdb561b56f9b0cd0599381d94ab101,1762506649,2025-11-07T09:10:49.000Z
0xdd2500c202e8435fbfbd7838da1ccad5d170b8bb,0x00000000000000000000000071ebde5f840047b0,67341006,0x47cfe844372f0a501c6511505d4e2630b0846be4fea756d080318ed732b21228,1762506730,2025-11-07T09:12:10.000Z
0xdd2500c202e8435fbfbd7838da1ccad5d170b8bb,0x000000000000000000000000d422667de1ace07c,67341006,0x47cfe844372f0a501c6511505d4e2630b0846be4fea756d080318ed732b21228,1762506730,2025-11-07T09:12:10.000Z
0xdd2500c202e8435fbfbd7838da1ccad5d170b8bb,0x0000000000000000000000003426eb0f24a8b176,67341006,0x47cfe844372f0a501c6511505d4e2630b0846be4fea756d080318ed732b21228,1762506730,2025-11-07T09:12:10.000Z
0xdd2500c202e8435fbfbd7838da1ccad5d170b8bb,0x000000000000000000000000de5b54362e53ef23,67341006,0x47cfe844372f0a501c6511505d4e2630b0846be4fea756d080318ed732b21228,1762506730,2025-11-07T09:12:10.000Z
0x2b6f9888963984fcf43c4f978f046eaa9283f681,0x00000000000000000000000071ebde5f840047b0,67341508,0x25913f3e426aad15b9abb5fb43a7a0681031dabd414260cc789c8a649508202a,1762507106,2025-11-07T09:18:26.000Z
0x2b6f9888963984fcf43c4f978f046eaa9283f681,0x000000000000000000000000d422667de1ace07c,67341508,0x25913f3e426aad15b9abb5fb43a7a0681031dabd414260cc789c8a649508202a,1762507106,2025-11-07T09:18:26.000Z
0x2b6f9888963984fcf43c4f978f046eaa9283f681,0x0000000000000000000000003426eb0f24a8b176,67341508,0x25913f3e426aad15b9abb5fb43a7a0681031dabd414260cc789c8a649508202a,1762507106,2025-11-07T09:18:26.000Z
0x2b6f9888963984fcf43c4f978f046eaa9283f681,0x000000000000000000000000de5b54362e53ef23,67341508,0x25913f3e426aad15b9abb5fb43a7a0681031dabd414260cc789c8a649508202a,1762507106,2025-11-07T09:18:26.000Z
0xa125c13b4fb94e0a399eda8e6d1ce00fae0102e9,0x00000000000000000000000071ebde5f840047b0,67342399,0x574f6cde5be53fcc20860db89c4da6cc6ce953e773581e1d35d997a7b926607c,1762507774,2025-11-07T09:29:34.000Z
0xa125c13b4fb94e0a399eda8e6d1ce00fae0102e9,0x000000000000000000000000d422667de1ace07c,67342399,0x574f6cde5be53fcc20860db89c4da6cc6ce953e773581e1d35d997a7b926607c,1762507774,2025-11-07T09:29:34.000Z
0xa125c13b4fb94e0a399eda8e6d1ce00fae0102e9,0x0000000000000000000000003426eb0f24a8b176,67342399,0x574f6cde5be53fcc20860db89c4da6cc6ce953e773581e1d35d997a7b926607c,1762507774,2025-11-07T09:29:34.000Z
0xa125c13b4fb94e0a399eda8e6d1ce00fae0102e9,0x000000000000000000000000de5b54362e53ef23,67342399,0x574f6cde5be53fcc20860db89c4da6cc6ce953e773581e1d35d997a7b926607c,1762507774,2025-11-07T09:29:34.000Z
0x3e3166c92104d47c1c61b1e2a399d650c003dbdc,0x00000000000000000000000071ebde5f840047b0,67348019,0x73b243aaf4a508ccb974697bd83e7ab4375e0fae3071a082b3b8cde060796e17,1762511989,2025-11-07T10:39:49.000Z
0x3e3166c92104d47c1c61b1e2a399d650c003dbdc,0x000000000000000000000000d422667de1ace07c,67348019,0x73b243aaf4a508ccb974697bd83e7ab4375e0fae3071a082b3b8cde060796e17,1762511989,2025-11-07T10:39:49.000Z
0x3e3166c92104d47c1c61b1e2a399d650c003dbdc,0x0000000000000000000000003426eb0f24a8b176,67348019,0x73b243aaf4a508ccb974697bd83e7ab4375e0fae3071a082b3b8cde060796e17,1762511989,2025-11-07T10:39:49.000Z
0x3e3166c92104d47c1c61b1e2a399d650c003dbdc,0x000000000000000000000000de5b54362e53ef23,67348019,0x73b243aaf4a508ccb974697bd83e7ab4375e0fae3071a082b3b8cde060796e17,1762511989,2025-11-07T10:39:49.000Z
0x79c8eea1fa331ac9fe3b769b8d7329a5264e263e,0x00000000000000000000000071ebde5f840047b0,67349828,0xa7d6474fd106b835ce1361b768c4127349014a347a607643b472003bffbd38b1,1762513346,2025-11-07T11:02:26.000Z
0x79c8eea1fa331ac9fe3b769b8d7329a5264e263e,0x000000000000000000000000d422667de1ace07c,67349828,0xa7d6474fd106b835ce1361b768c4127349014a347a607643b472003bffbd38b1,1762513346,2025-11-07T11:02:26.000Z
0x79c8eea1fa331ac9fe3b769b8d7329a5264e263e,0x0000000000000000000000003426eb0f24a8b176,67349828,0xa7d6474fd106b835ce1361b768c4127349014a347a607643b472003bffbd38b1,1762513346,2025-11-07T11:02:26.000Z
0x79c8eea1fa331ac9fe3b769b8d7329a5264e263e,0x000000000000000000000000de5b54362e53ef23,67349828,0xa7d6474fd106b835ce1361b768c4127349014a347a607643b472003bffbd38b1,1762513346,2025-11-07T11:02:26.000Z
0x0f449acf3a4a5fa19b2aea0b94c5a44bd621e954,0x000000000000000000000000a6aa59ba270b72bd,67379039,0x96c006962204fcd38020191d5d5049e395c5b8ffcb588fd78f85d95d2de6f9ab,1762535257,2025-11-07T17:07:37.000Z
0x0f449acf3a4a5fa19b2aea0b94c5a44bd621e954,0x000000000000000000000000651f24ebbe57969d,67379039,0x96c006962204fcd38020191d5d5049e395c5b8ffcb588fd78f85d95d2de6f9ab,1762535257,2025-11-07T17:07:37.000Z
0x0f449acf3a4a5fa19b2aea0b94c5a44bd621e954,0x000000000000000000000000feeb76b397084cfe,67379039,0x96c006962204fcd38020191d5d5049e395c5b8ffcb588fd78f85d95d2de6f9ab,1762535257,2025-11-07T17:07:37.000Z
0x0f449acf3a4a5fa19b2aea0b94c5a44bd621e954,0x000000000000000000000000de5b54362e53ef23,67379039,0x96c006962204fcd38020191d5d5049e395c5b8ffcb588fd78f85d95d2de6f9ab,1762535257,2025-11-07T17:07:37.000Z
0x6c51bfc704f7f372b63f686c2328639636bfd7c3,0x000000000000000000000000d65633f060c477a9,67381360,0xcbeb1f0e854a4f6d431d25cc7a03ea4234d64328fcdef9f399a0a2a3f435a221,1762536999,2025-11-07T17:36:39.000Z
0x6c51bfc704f7f372b63f686c2328639636bfd7c3,0x000000000000000000000000003e750e3649365e,67381360,0xcbeb1f0e854a4f6d431d25cc7a03ea4234d64328fcdef9f399a0a2a3f435a221,1762536999,2025-11-07T17:36:39.000Z
0x6c51bfc704f7f372b63f686c2328639636bfd7c3,0x0000000000000000000000008a8ccf093213a871,67381360,0xcbeb1f0e854a4f6d431d25cc7a03ea4234d64328fcdef9f399a0a2a3f435a221,1762536999,2025-11-07T17:36:39.000Z
0x6c51bfc704f7f372b63f686c2328639636bfd7c3,0x000000000000000000000000de5b54362e53ef23,67381360,0xcbeb1f0e854a4f6d431d25cc7a03ea4234d64328fcdef9f399a0a2a3f435a221,1762536999,2025-11-07T17:36:39.000Z
0x150ac6482f20232213de375bf901dbced2052940,0x000000000000000000000000d65633f060c477a9,67381794,0xee0e44952417e2fe73ea7cf9e73f17794a815ecf6af37655c85f379f57bf1c58,1762537325,2025-11-07T17:42:05.000Z
0x150ac6482f20232213de375bf901dbced2052940,0x000000000000000000000000003e750e3649365e,67381794,0xee0e44952417e2fe73ea7cf9e73f17794a815ecf6af37655c85f379f57bf1c58,1762537325,2025-11-07T17:42:05.000Z
0x150ac6482f20232213de375bf901dbced2052940,0x0000000000000000000000008a8ccf093213a871,67381794,0xee0e44952417e2fe73ea7cf9e73f17794a815ecf6af37655c85f379f57bf1c58,1762537325,2025-11-07T17:42:05.000Z
0x150ac6482f20232213de375bf901dbced2052940,0x000000000000000000000000de5b54362e53ef23,67381794,0xee0e44952417e2fe73ea7cf9e73f17794a815ecf6af37655c85f379f57bf1c58,1762537325,2025-11-07T17:42:05.000Z
0xaadf4770ffe9668a954c21aad475adf484866784,0x000000000000000000000000d65633f060c477a9,67382050,0x63d4776fc23f53a67516078e76d957e34bccb07cc4d544a55b7777fe53ffedd6,1762537517,2025-11-07T17:45:17.000Z
0xaadf4770ffe9668a954c21aad475adf484866784,0x000000000000000000000000003e750e3649365e,67382050,0x63d4776fc23f53a67516078e76d957e34bccb07cc4d544a55b7777fe53ffedd6,1762537517,2025-11-07T17:45:17.000Z
0xaadf4770ffe9668a954c21aad475adf484866784,0x0000000000000000000000008a8ccf093213a871,67382050,0x63d4776fc23f53a67516078e76d957e34bccb07cc4d544a55b7777fe53ffedd6,1762537517,2025-11-07T17:45:17.000Z
0xaadf4770ffe9668a954c21aad475adf484866784,0x000000000000000000000000de5b54362e53ef23,67382050,0x63d4776fc23f53a67516078e76d957e34bccb07cc4d544a55b7777fe53ffedd6,1762537517,2025-11-07T17:45:17.000Z
0xb6fbb635a5ed307462f266a674bf364967859342,0x000000000000000000000000d65633f060c477a9,67382355,0xddf82ce30120edf60a4a24dac09d4cd77e8c959488a35522aa6d73e27bfaec38,1762537746,2025-11-07T17:49:06.000Z
0xb6fbb635a5ed307462f266a674bf364967859342,0x000000000000000000000000003e750e3649365e,67382355,0xddf82ce30120edf60a4a24dac09d4cd77e8c959488a35522aa6d73e27bfaec38,1762537746,2025-11-07T17:49:06.000Z
0xb6fbb635a5ed307462f266a674bf364967859342,0x0000000000000000000000008a8ccf093213a871,67382355,0xddf82ce30120edf60a4a24dac09d4cd77e8c959488a35522aa6d73e27bfaec38,1762537746,2025-11-07T17:49:06.000Z
0xb6fbb635a5ed307462f266a674bf364967859342,0x000000000000000000000000de5b54362e53ef23,67382355,0xddf82ce30120edf60a4a24dac09d4cd77e8c959488a35522aa6d73e27bfaec38,1762537746,2025-11-07T17:49:06.000Z
0x4ea5a008d74f00625043daa22aa82ac40b76e3f3,0x000000000000000000000000d65633f060c477a9,67382723,0x59ad3d8f0eb762a9c3baf0978b3190a16f3414389af824e62e26c6b766beab34,1762538022,2025-11-07T17:53:42.000Z
0x4ea5a008d74f00625043daa22aa82ac40b76e3f3,0x000000000000000000000000003e750e3649365e,67382723,0x59ad3d8f0eb762a9c3baf0978b3190a16f3414389af824e62e26c6b766beab34,1762538022,2025-11-07T17:53:42.000Z
0x4ea5a008d74f00625043daa22aa82ac40b76e3f3,0x0000000000000000000000008a8ccf093213a871,67382723,0x59ad3d8f0eb762a9c3baf0978b3190a16f3414389af824e62e26c6b766beab34,1762538022,2025-11-07T17:53:42.000Z
0x4ea5a008d74f00625043daa22aa82ac40b76e3f3,0x000000000000000000000000de5b54362e53ef23,67382723,0x59ad3d8f0eb762a9c3baf0978b3190a16f3414389af824e62e26c6b766beab34,1762538022,2025-11-07T17:53:42.000Z
0x5a9e7145ce306cd61781353ac6a67bae259aaa06,0x000000000000000000000000d65633f060c477a9,67383120,0x7bbaa1b39af36d5673048bde06c087003fe9d96d88c414f67b7a2a57f1558d2a,1762538319,2025-11-07T17:58:39.000Z
0x5a9e7145ce306cd61781353ac6a67bae259aaa06,0x000000000000000000000000003e750e3649365e,67383120,0x7bbaa1b39af36d5673048bde06c087003fe9d96d88c414f67b7a2a57f1558d2a,1762538319,2025-11-07T17:58:39.000Z
0x5a9e7145ce306cd61781353ac6a67bae259aaa06,0x0000000000000000000000008a8ccf093213a871,67383120,0x7bbaa1b39af36d5673048bde06c087003fe9d96d88c414f67b7a2a57f1558d2a,1762538319,2025-11-07T17:58:39.000Z
0x5a9e7145ce306cd61781353ac6a67bae259aaa06,0x000000000000000000000000de5b54362e53ef23,67383120,0x7bbaa1b39af36d5673048bde06c087003fe9d96d88c414f67b7a2a57f1558d2a,1762538319,2025-11-07T17:58:39.000Z
0x8611eb7c9be2b8c9f8841230e0a714199c029534,0x000000000000000000000000d65633f060c477a9,67385183,0x7d33132e2f77a92eafecb8505fbccbac121f16f58db62710f960976750ca654d,1762539867,2025-11-07T18:24:27.000Z
0x8611eb7c9be2b8c9f8841230e0a714199c029534,0x000000000000000000000000003e750e3649365e,67385183,0x7d33132e2f77a92eafecb8505fbccbac121f16f58db62710f960976750ca654d,1762539867,2025-11-07T18:24:27.000Z
0x8611eb7c9be2b8c9f8841230e0a714199c029534,0x0000000000000000000000008a8ccf093213a871,67385183,0x7d33132e2f77a92eafecb8505fbccbac121f16f58db62710f960976750ca654d,1762539867,2025-11-07T18:24:27.000Z
0x8611eb7c9be2b8c9f8841230e0a714199c029534,0x000000000000000000000000de5b54362e53ef23,67385183,0x7d33132e2f77a92eafecb8505fbccbac121f16f58db62710f960976750ca654d,1762539867,2025-11-07T18:24:27.000Z
0x09bff9e977e48bd7602a362d7e8bbe51e53dd258,0x000000000000000000000000d65633f060c477a9,67385667,0x85f59a58cc1858a18b4438d2dade41391fbd21124568544951216aa28f021e47,1762540230,2025-11-07T18:30:30.000Z
0x09bff9e977e48bd7602a362d7e8bbe51e53dd258,0x000000000000000000000000003e750e3649365e,67385667,0x85f59a58cc1858a18b4438d2dade41391fbd21124568544951216aa28f021e47,1762540230,2025-11-07T18:30:30.000Z
0x09bff9e977e48bd7602a362d7e8bbe51e53dd258,0x0000000000000000000000008a8ccf093213a871,67385667,0x85f59a58cc1858a18b4438d2dade41391fbd21124568544951216aa28f021e47,1762540230,2025-11-07T18:30:30.000Z
0x09bff9e977e48bd7602a362d7e8bbe51e53dd258,0x000000000000000000000000de5b54362e53ef23,67385667,0x85f59a58cc1858a18b4438d2dade41391fbd21124568544951216aa28f021e47,1762540230,2025-11-07T18:30:30.000Z
0x1224fea7c17a023414dcb299bb08fc7bf117d917,0x00000000000000000000000071ebde5f840047b0,67445746,0x24e235b8e4cbce76f443b57855e2530122ff678df1f6d1f766af353b8cf6e33e,1762585294,2025-11-08T07:01:34.000Z
0x1224fea7c17a023414dcb299bb08fc7bf117d917,0x000000000000000000000000d422667de1ace07c,67445746,0x24e235b8e4cbce76f443b57855e2530122ff678df1f6d1f766af353b8cf6e33e,1762585294,2025-11-08T07:01:34.000Z
0x1224fea7c17a023414dcb299bb08fc7bf117d917,0x0000000000000000000000003426eb0f24a8b176,67445746,0x24e235b8e4cbce76f443b57855e2530122ff678df1f6d1f766af353b8cf6e33e,1762585294,2025-11-08T07:01:34.000Z
0x1224fea7c17a023414dcb299bb08fc7bf117d917,0x000000000000000000000000de5b54362e53ef23,67445746,0x24e235b8e4cbce76f443b57855e2530122ff678df1f6d1f766af353b8cf6e33e,1762585294,2025-11-08T07:01:34.000Z
0x1f60ac43ddcda68e61f4260e26be035579190425,0x00000000000000000000000071ebde5f840047b0,67445896,0xc62b12359fa658492a7bf8276b9dac527bd6a22ed349a69a77cea6cd20e82ea1,1762585406,2025-11-08T07:03:26.000Z
0x1f60ac43ddcda68e61f4260e26be035579190425,0x000000000000000000000000d422667de1ace07c,67445896,0xc62b12359fa658492a7bf8276b9dac527bd6a22ed349a69a77cea6cd20e82ea1,1762585406,2025-11-08T07:03:26.000Z
0x1f60ac43ddcda68e61f4260e26be035579190425,0x0000000000000000000000003426eb0f24a8b176,67445896,0xc62b12359fa658492a7bf8276b9dac527bd6a22ed349a69a77cea6cd20e82ea1,1762585406,2025-11-08T07:03:26.000Z
0x1f60ac43ddcda68e61f4260e26be035579190425,0x000000000000000000000000de5b54362e53ef23,67445896,0xc62b12359fa658492a7bf8276b9dac527bd6a22ed349a69a77cea6cd20e82ea1,1762585406,2025-11-08T07:03:26.000Z
0x5a55aa40dc8f75614aa19e3fa4608899341d211d,0x00000000000000000000000071ebde5f840047b0,67446028,0xc9a2fa07b3a704c3bbf2bc47e309409a9b5ea9bce102625ec4b7e560c96f84f7,1762585505,2025-11-08T07:05:05.000Z
0x5a55aa40dc8f75614aa19e3fa4608899341d211d,0x000000000000000000000000d422667de1ace07c,67446028,0xc9a2fa07b3a704c3bbf2bc47e309409a9b5ea9bce102625ec4b7e560c96f84f7,1762585505,2025-11-08T07:05:05.000Z
0x5a55aa40dc8f75614aa19e3fa4608899341d211d,0x0000000000000000000000003426eb0f24a8b176,67446028,0xc9a2fa07b3a704c3bbf2bc47e309409a9b5ea9bce102625ec4b7e560c96f84f7,1762585505,2025-11-08T07:05:05.000Z
0x5a55aa40dc8f75614aa19e3fa4608899341d211d,0x000000000000000000000000de5b54362e53ef23,67446028,0xc9a2fa07b3a704c3bbf2bc47e309409a9b5ea9bce102625ec4b7e560c96f84f7,1762585505,2025-11-08T07:05:05.000Z
0x0a4a73d436cb8a65b721bf6ec4cb742f6bd5b258,0x00000000000000000000000071ebde5f840047b0,67446171,0xb66d4bf11dd30d17456791e254117efe4b350fca6cd5f000d5af0444c1b981ef,1762585612,2025-11-08T07:06:52.000Z
0x0a4a73d436cb8a65b721bf6ec4cb742f6bd5b258,0x000000000000000000000000d422667de1ace07c,67446171,0xb66d4bf11dd30d17456791e254117efe4b350fca6cd5f000d5af0444c1b981ef,1762585612,2025-11-08T07:06:52.000Z
0x0a4a73d436cb8a65b721bf6ec4cb742f6bd5b258,0x0000000000000000000000003426eb0f24a8b176,67446171,0xb66d4bf11dd30d17456791e254117efe4b350fca6cd5f000d5af0444c1b981ef,1762585612,2025-11-08T07:06:52.000Z
0x0a4a73d436cb8a65b721bf6ec4cb742f6bd5b258,0x000000000000000000000000de5b54362e53ef23,67446171,0xb66d4bf11dd30d17456791e254117efe4b350fca6cd5f000d5af0444c1b981ef,1762585612,2025-11-08T07:06:52.000Z
0x516021111b484fcdf259fab4077067bbd4d12190,0x00000000000000000000000071ebde5f840047b0,67446302,0x40547aa11a930225a1703b19f58fecc5b7edc40d7900fc0aeda36699fbe67b7f,1762585711,2025-11-08T07:08:31.000Z
0x516021111b484fcdf259fab4077067bbd4d12190,0x000000000000000000000000d422667de1ace07c,67446302,0x40547aa11a930225a1703b19f58fecc5b7edc40d7900fc0aeda36699fbe67b7f,1762585711,2025-11-08T07:08:31.000Z
0x516021111b484fcdf259fab4077067bbd4d12190,0x0000000000000000000000003426eb0f24a8b176,67446302,0x40547aa11a930225a1703b19f58fecc5b7edc40d7900fc0aeda36699fbe67b7f,1762585711,2025-11-08T07:08:31.000Z
0x516021111b484fcdf259fab4077067bbd4d12190,0x000000000000000000000000de5b54362e53ef23,67446302,0x40547aa11a930225a1703b19f58fecc5b7edc40d7900fc0aeda36699fbe67b7f,1762585711,2025-11-08T07:08:31.000Z
0x05f99946ed2aec283928518fee2bda99f52fb79e,0x00000000000000000000000071ebde5f840047b0,67447807,0x6af0f4dd614b3d5185aaff99c0175100f398852936a1e085e3fcd54ff6c29df9,1762586839,2025-11-08T07:27:19.000Z
0x05f99946ed2aec283928518fee2bda99f52fb79e,0x000000000000000000000000d422667de1ace07c,67447807,0x6af0f4dd614b3d5185aaff99c0175100f398852936a1e085e3fcd54ff6c29df9,1762586839,2025-11-08T07:27:19.000Z
0x05f99946ed2aec283928518fee2bda99f52fb79e,0x0000000000000000000000003426eb0f24a8b176,67447807,0x6af0f4dd614b3d5185aaff99c0175100f398852936a1e085e3fcd54ff6c29df9,1762586839,2025-11-08T07:27:19.000Z
0x05f99946ed2aec283928518fee2bda99f52fb79e,0x000000000000000000000000de5b54362e53ef23,67447807,0x6af0f4dd614b3d5185aaff99c0175100f398852936a1e085e3fcd54ff6c29df9,1762586839,2025-11-08T07:27:19.000Z
0x111f78099e9bbb66b8bc1bbf913dd1e329bc2658,0x00000000000000000000000071ebde5f840047b0,67448014,0x16e856884949d24fa1663585db0df3b5bf36cb4dc987c27b55b497186e4ea607,1762586995,2025-11-08T07:29:55.000Z
0x111f78099e9bbb66b8bc1bbf913dd1e329bc2658,0x000000000000000000000000d422667de1ace07c,67448014,0x16e856884949d24fa1663585db0df3b5bf36cb4dc987c27b55b497186e4ea607,1762586995,2025-11-08T07:29:55.000Z
0x111f78099e9bbb66b8bc1bbf913dd1e329bc2658,0x0000000000000000000000003426eb0f24a8b176,67448014,0x16e856884949d24fa1663585db0df3b5bf36cb4dc987c27b55b497186e4ea607,1762586995,2025-11-08T07:29:55.000Z
0x111f78099e9bbb66b8bc1bbf913dd1e329bc2658,0x000000000000000000000000de5b54362e53ef23,67448014,0x16e856884949d24fa1663585db0df3b5bf36cb4dc987c27b55b497186e4ea607,1762586995,2025-11-08T07:29:55.000Z
0x2c952e6947bcd77b437494de72e1abff54ca89e4,0x00000000000000000000000071ebde5f840047b0,67448108,0xb71de5482fa6b12d6f2d7d30df54d6c372a08811d79c4bf555dcf4741498c71d,1762587065,2025-11-08T07:31:05.000Z
0x2c952e6947bcd77b437494de72e1abff54ca89e4,0x000000000000000000000000d422667de1ace07c,67448108,0xb71de5482fa6b12d6f2d7d30df54d6c372a08811d79c4bf555dcf4741498c71d,1762587065,2025-11-08T07:31:05.000Z
0x2c952e6947bcd77b437494de72e1abff54ca89e4,0x0000000000000000000000003426eb0f24a8b176,67448108,0xb71de5482fa6b12d6f2d7d30df54d6c372a08811d79c4bf555dcf4741498c71d,1762587065,2025-11-08T07:31:05.000Z
0x2c952e6947bcd77b437494de72e1abff54ca89e4,0x000000000000000000000000de5b54362e53ef23,67448108,0xb71de5482fa6b12d6f2d7d30df54d6c372a08811d79c4bf555dcf4741498c71d,1762587065,2025-11-08T07:31:05.000Z
0xd8bf231bbffc302b3622ff3c68e3b0750beccf1a,0x00000000000000000000000071ebde5f840047b0,67448278,0xf604199b8ba6369f35a56f17cdc803e8d40ed50d54710023225c9a3b33aade61,1762587193,2025-11-08T07:33:13.000Z
0xd8bf231bbffc302b3622ff3c68e3b0750beccf1a,0x000000000000000000000000d422667de1ace07c,67448278,0xf604199b8ba6369f35a56f17cdc803e8d40ed50d54710023225c9a3b33aade61,1762587193,2025-11-08T07:33:13.000Z
0xd8bf231bbffc302b3622ff3c68e3b0750beccf1a,0x0000000000000000000000003426eb0f24a8b176,67448278,0xf604199b8ba6369f35a56f17cdc803e8d40ed50d54710023225c9a3b33aade61,1762587193,2025-11-08T07:33:13.000Z
0xd8bf231bbffc302b3622ff3c68e3b0750beccf1a,0x000000000000000000000000de5b54362e53ef23,67448278,0xf604199b8ba6369f35a56f17cdc803e8d40ed50d54710023225c9a3b33aade61,1762587193,2025-11-08T07:33:13.000Z
0xcb8c55442b31628f8f25596c42998b1d582c9e31,0x00000000000000000000000071ebde5f840047b0,67448434,0x55c7cc4e005b6938d3ecce92437c7a64b26aa34ac95c9841e6ce9dbcdb8f6ffd,1762587310,2025-11-08T07:35:10.000Z
0xcb8c55442b31628f8f25596c42998b1d582c9e31,0x000000000000000000000000d422667de1ace07c,67448434,0x55c7cc4e005b6938d3ecce92437c7a64b26aa34ac95c9841e6ce9dbcdb8f6ffd,1762587310,2025-11-08T07:35:10.000Z
0xcb8c55442b31628f8f25596c42998b1d582c9e31,0x0000000000000000000000003426eb0f24a8b176,67448434,0x55c7cc4e005b6938d3ecce92437c7a64b26aa34ac95c9841e6ce9dbcdb8f6ffd,1762587310,2025-11-08T07:35:10.000Z
0xcb8c55442b31628f8f25596c42998b1d582c9e31,0x000000000000000000000000de5b54362e53ef23,67448434,0x55c7cc4e005b6938d3ecce92437c7a64b26aa34ac95c9841e6ce9dbcdb8f6ffd,1762587310,2025-11-08T07:35:10.000Z
0x8f0a54eb834fd2f471f3e71379e5eb9af03b70a0,0x00000000000000000000000071ebde5f840047b0,67449754,0x1198a2aba484230b13db13da61c7912b5551dc52d89dd34569a4ff539409e940,1762588300,2025-11-08T07:51:40.000Z
0x8f0a54eb834fd2f471f3e71379e5eb9af03b70a0,0x000000000000000000000000d422667de1ace07c,67449754,0x1198a2aba484230b13db13da61c7912b5551dc52d89dd34569a4ff539409e940,1762588300,2025-11-08T07:51:40.000Z
0x8f0a54eb834fd2f471f3e71379e5eb9af03b70a0,0x0000000000000000000000003426eb0f24a8b176,67449754,0x1198a2aba484230b13db13da61c7912b5551dc52d89dd34569a4ff539409e940,1762588300,2025-11-08T07:51:40.000Z
0x8f0a54eb834fd2f471f3e71379e5eb9af03b70a0,0x000000000000000000000000de5b54362e53ef23,67449754,0x1198a2aba484230b13db13da61c7912b5551dc52d89dd34569a4ff539409e940,1762588300,2025-11-08T07:51:40.000Z
0x11e3df7545289d06a67349e330ef6608a945ac4d,0x00000000000000000000000071ebde5f840047b0,67449883,0xc353de5a2dadf2e8f2e27cda24fc9546202ae766c9b6a840bde6017b8bd585ff,1762588396,2025-11-08T07:53:16.000Z
0x11e3df7545289d06a67349e330ef6608a945ac4d,0x000000000000000000000000d422667de1ace07c,67449883,0xc353de5a2dadf2e8f2e27cda24fc9546202ae766c9b6a840bde6017b8bd585ff,1762588396,2025-11-08T07:53:16.000Z
0x11e3df7545289d06a67349e330ef6608a945ac4d,0x0000000000000000000000003426eb0f24a8b176,67449883,0xc353de5a2dadf2e8f2e27cda24fc9546202ae766c9b6a840bde6017b8bd585ff,1762588396,2025-11-08T07:53:16.000Z
0x11e3df7545289d06a67349e330ef6608a945ac4d,0x000000000000000000000000de5b54362e53ef23,67449883,0xc353de5a2dadf2e8f2e27cda24fc9546202ae766c9b6a840bde6017b8bd585ff,1762588396,2025-11-08T07:53:16.000Z
0xb41fcbc29a258360ca9d597b60522b012c82f91e,0x00000000000000000000000071ebde5f840047b0,67449999,0xc550138ca52ffaa944831d70e582a6a4373f852f6e0b778daf3aa3951f0c7e98,1762588483,2025-11-08T07:54:43.000Z
0xb41fcbc29a258360ca9d597b60522b012c82f91e,0x000000000000000000000000d422667de1ace07c,67449999,0xc550138ca52ffaa944831d70e582a6a4373f852f6e0b778daf3aa3951f0c7e98,1762588483,2025-11-08T07:54:43.000Z
0xb41fcbc29a258360ca9d597b60522b012c82f91e,0x0000000000000000000000003426eb0f24a8b176,67449999,0xc550138ca52ffaa944831d70e582a6a4373f852f6e0b778daf3aa3951f0c7e98,1762588483,2025-11-08T07:54:43.000Z
0xb41fcbc29a258360ca9d597b60522b012c82f91e,0x000000000000000000000000de5b54362e53ef23,67449999,0xc550138ca52ffaa944831d70e582a6a4373f852f6e0b778daf3aa3951f0c7e98,1762588483,2025-11-08T07:54:43.000Z
0x59cfacee1a53fa397978e53fbb6ea0f136c143b6,0x00000000000000000000000071ebde5f840047b0,67450110,0x3ce92e312939189b4b23898aafa6706f1e1f04b4a10423b3f9e62bedf3f21a83,1762588567,2025-11-08T07:56:07.000Z
0x59cfacee1a53fa397978e53fbb6ea0f136c143b6,0x000000000000000000000000d422667de1ace07c,67450110,0x3ce92e312939189b4b23898aafa6706f1e1f04b4a10423b3f9e62bedf3f21a83,1762588567,2025-11-08T07:56:07.000Z
0x59cfacee1a53fa397978e53fbb6ea0f136c143b6,0x0000000000000000000000003426eb0f24a8b176,67450110,0x3ce92e312939189b4b23898aafa6706f1e1f04b4a10423b3f9e62bedf3f21a83,1762588567,2025-11-08T07:56:07.000Z
0x59cfacee1a53fa397978e53fbb6ea0f136c143b6,0x000000000000000000000000de5b54362e53ef23,67450110,0x3ce92e312939189b4b23898aafa6706f1e1f04b4a10423b3f9e62bedf3f21a83,1762588567,2025-11-08T07:56:07.000Z
0xef05bb45b16555cba26a6f6282b3c4d99723743f,0x00000000000000000000000071ebde5f840047b0,67450224,0x2d9ccc5d24e73a27dc90ba03ed8be85ba3ff1d716129c914253e7c74cc121d1a,1762588652,2025-11-08T07:57:32.000Z
0xef05bb45b16555cba26a6f6282b3c4d99723743f,0x000000000000000000000000d422667de1ace07c,67450224,0x2d9ccc5d24e73a27dc90ba03ed8be85ba3ff1d716129c914253e7c74cc121d1a,1762588652,2025-11-08T07:57:32.000Z
0xef05bb45b16555cba26a6f6282b3c4d99723743f,0x0000000000000000000000003426eb0f24a8b176,67450224,0x2d9ccc5d24e73a27dc90ba03ed8be85ba3ff1d716129c914253e7c74cc121d1a,1762588652,2025-11-08T07:57:32.000Z
0xef05bb45b16555cba26a6f6282b3c4d99723743f,0x000000000000000000000000de5b54362e53ef23,67450224,0x2d9ccc5d24e73a27dc90ba03ed8be85ba3ff1d716129c914253e7c74cc121d1a,1762588652,2025-11-08T07:57:32.000Z
0xe92a2893d303f30a0d6249e2ef2d4eb470ebfb86,0x000000000000000000000000aab6cfffdd13e27d,67452287,0x0e0da4506cadf41a17be18f2cd9e8f917863124115800a0d849111c6b4b827aa,1762590199,2025-11-08T08:23:19.000Z
0xe92a2893d303f30a0d6249e2ef2d4eb470ebfb86,0x00000000000000000000000061a3ff8ceb94289b,67452287,0x0e0da4506cadf41a17be18f2cd9e8f917863124115800a0d849111c6b4b827aa,1762590199,2025-11-08T08:23:19.000Z
0xe92a2893d303f30a0d6249e2ef2d4eb470ebfb86,0x0000000000000000000000000a4060cf3b54b787,67452287,0x0e0da4506cadf41a17be18f2cd9e8f917863124115800a0d849111c6b4b827aa,1762590199,2025-11-08T08:23:19.000Z
0xe92a2893d303f30a0d6249e2ef2d4eb470ebfb86,0x000000000000000000000000de5b54362e53ef23,67452287,0x0e0da4506cadf41a17be18f2cd9e8f917863124115800a0d849111c6b4b827aa,1762590199,2025-11-08T08:23:19.000Z
0x74ca16614950ad6108de2ec8d65a915b6aabe426,0x000000000000000000000000aab6cfffdd13e27d,67452651,0xc4e380491606b645004a9253a14777e80425ebad85293b2b42f16cf8bdc8fbc3,1762590472,2025-11-08T08:27:52.000Z
0x74ca16614950ad6108de2ec8d65a915b6aabe426,0x00000000000000000000000061a3ff8ceb94289b,67452651,0xc4e380491606b645004a9253a14777e80425ebad85293b2b42f16cf8bdc8fbc3,1762590472,2025-11-08T08:27:52.000Z
0x74ca16614950ad6108de2ec8d65a915b6aabe426,0x0000000000000000000000000a4060cf3b54b787,67452651,0xc4e380491606b645004a9253a14777e80425ebad85293b2b42f16cf8bdc8fbc3,1762590472,2025-11-08T08:27:52.000Z
0x74ca16614950ad6108de2ec8d65a915b6aabe426,0x000000000000000000000000de5b54362e53ef23,67452651,0xc4e380491606b645004a9253a14777e80425ebad85293b2b42f16cf8bdc8fbc3,1762590472,2025-11-08T08:27:52.000Z
0x0cc1ea9c9464fa36d08fe76a754a7f50754a6722,0x000000000000000000000000aab6cfffdd13e27d,67452833,0x1734512ba564e544f26b8abbbd6afeeed9eb3201c103e7ebdd02154a1aec5095,1762590609,2025-11-08T08:30:09.000Z
0x0cc1ea9c9464fa36d08fe76a754a7f50754a6722,0x00000000000000000000000061a3ff8ceb94289b,67452833,0x1734512ba564e544f26b8abbbd6afeeed9eb3201c103e7ebdd02154a1aec5095,1762590609,2025-11-08T08:30:09.000Z
0x0cc1ea9c9464fa36d08fe76a754a7f50754a6722,0x0000000000000000000000000a4060cf3b54b787,67452833,0x1734512ba564e544f26b8abbbd6afeeed9eb3201c103e7ebdd02154a1aec5095,1762590609,2025-11-08T08:30:09.000Z
0x0cc1ea9c9464fa36d08fe76a754a7f50754a6722,0x000000000000000000000000de5b54362e53ef23,67452833,0x1734512ba564e544f26b8abbbd6afeeed9eb3201c103e7ebdd02154a1aec5095,1762590609,2025-11-08T08:30:09.000Z
0x55b10b9dc60eccdf559c8649e825d2182dfe8106,0x000000000000000000000000aab6cfffdd13e27d,67452995,0x4882db219ecbda9b071c1dc2744df1406dacc5f4f1c3ebeddc346d88d632e72d,1762590730,2025-11-08T08:32:10.000Z
0x55b10b9dc60eccdf559c8649e825d2182dfe8106,0x00000000000000000000000061a3ff8ceb94289b,67452995,0x4882db219ecbda9b071c1dc2744df1406dacc5f4f1c3ebeddc346d88d632e72d,1762590730,2025-11-08T08:32:10.000Z
0x55b10b9dc60eccdf559c8649e825d2182dfe8106,0x0000000000000000000000000a4060cf3b54b787,67452995,0x4882db219ecbda9b071c1dc2744df1406dacc5f4f1c3ebeddc346d88d632e72d,1762590730,2025-11-08T08:32:10.000Z
0x55b10b9dc60eccdf559c8649e825d2182dfe8106,0x000000000000000000000000de5b54362e53ef23,67452995,0x4882db219ecbda9b071c1dc2744df1406dacc5f4f1c3ebeddc346d88d632e72d,1762590730,2025-11-08T08:32:10.000Z
0x62410ac68d94c6b4d4461e4eb9ecd34e0abe51d0,0x000000000000000000000000aab6cfffdd13e27d,67453161,0x82fcd7b1a7d54de4c100236bc919fa6096957f1faf634d06a2057b16329a31da,1762590855,2025-11-08T08:34:15.000Z
0x62410ac68d94c6b4d4461e4eb9ecd34e0abe51d0,0x00000000000000000000000061a3ff8ceb94289b,67453161,0x82fcd7b1a7d54de4c100236bc919fa6096957f1faf634d06a2057b16329a31da,1762590855,2025-11-08T08:34:15.000Z
0x62410ac68d94c6b4d4461e4eb9ecd34e0abe51d0,0x0000000000000000000000000a4060cf3b54b787,67453161,0x82fcd7b1a7d54de4c100236bc919fa6096957f1faf634d06a2057b16329a31da,1762590855,2025-11-08T08:34:15.000Z
0x62410ac68d94c6b4d4461e4eb9ecd34e0abe51d0,0x000000000000000000000000de5b54362e53ef23,67453161,0x82fcd7b1a7d54de4c100236bc919fa6096957f1faf634d06a2057b16329a31da,1762590855,2025-11-08T08:34:15.000Z
0x2a85533309c13009ec30730b8ccf7f186be7599a,0x000000000000000000000000aab6cfffdd13e27d,67453326,0xb9d712a515b75f08e253faf6872d77e41f6ced3e2a24e30c651285a2364520a8,1762590979,2025-11-08T08:36:19.000Z
0x2a85533309c13009ec30730b8ccf7f186be7599a,0x00000000000000000000000061a3ff8ceb94289b,67453326,0xb9d712a515b75f08e253faf6872d77e41f6ced3e2a24e30c651285a2364520a8,1762590979,2025-11-08T08:36:19.000Z
0x2a85533309c13009ec30730b8ccf7f186be7599a,0x0000000000000000000000000a4060cf3b54b787,67453326,0xb9d712a515b75f08e253faf6872d77e41f6ced3e2a24e30c651285a2364520a8,1762590979,2025-11-08T08:36:19.000Z
0x2a85533309c13009ec30730b8ccf7f186be7599a,0x000000000000000000000000de5b54362e53ef23,67453326,0xb9d712a515b75f08e253faf6872d77e41f6ced3e2a24e30c651285a2364520a8,1762590979,2025-11-08T08:36:19.000Z
0x82feacdd75eed3283001a22db0d69b72309d5b13,0x000000000000000000000000aab6cfffdd13e27d,67453569,0xa16bb073a4b59f6e6d152ca3ecaaa6dc6d418932a03855d55357ac13388192b1,1762591161,2025-11-08T08:39:21.000Z
0x82feacdd75eed3283001a22db0d69b72309d5b13,0x00000000000000000000000061a3ff8ceb94289b,67453569,0xa16bb073a4b59f6e6d152ca3ecaaa6dc6d418932a03855d55357ac13388192b1,1762591161,2025-11-08T08:39:21.000Z
0x82feacdd75eed3283001a22db0d69b72309d5b13,0x0000000000000000000000000a4060cf3b54b787,67453569,0xa16bb073a4b59f6e6d152ca3ecaaa6dc6d418932a03855d55357ac13388192b1,1762591161,2025-11-08T08:39:21.000Z
0x82feacdd75eed3283001a22db0d69b72309d5b13,0x000000000000000000000000de5b54362e53ef23,67453569,0xa16bb073a4b59f6e6d152ca3ecaaa6dc6d418932a03855d55357ac13388192b1,1762591161,2025-11-08T08:39:21.000Z
0xf6371638a2514b52203f9a16ce965205ad9c80cb,0x000000000000000000000000aab6cfffdd13e27d,67453728,0x4e92ce8f8323af76020b28e1a3a2d818563eb57c7507fe39b06306db90e77c20,1762591280,2025-11-08T08:41:20.000Z
0xf6371638a2514b52203f9a16ce965205ad9c80cb,0x00000000000000000000000061a3ff8ceb94289b,67453728,0x4e92ce8f8323af76020b28e1a3a2d818563eb57c7507fe39b06306db90e77c20,1762591280,2025-11-08T08:41:20.000Z
0xf6371638a2514b52203f9a16ce965205ad9c80cb,0x0000000000000000000000000a4060cf3b54b787,67453728,0x4e92ce8f8323af76020b28e1a3a2d818563eb57c7507fe39b06306db90e77c20,1762591280,2025-11-08T08:41:20.000Z
0xf6371638a2514b52203f9a16ce965205ad9c80cb,0x000000000000000000000000de5b54362e53ef23,67453728,0x4e92ce8f8323af76020b28e1a3a2d818563eb57c7507fe39b06306db90e77c20,1762591280,2025-11-08T08:41:20.000Z
0x83009d95cc5f98f6f72b7e3a1c9e84179a58adb0,0x000000000000000000000000aab6cfffdd13e27d,67453886,0x7e9c142fa61b6f885f183344fc2246916485e882d42fab65e481bdde8ce93ee4,1762591399,2025-11-08T08:43:19.000Z
0x83009d95cc5f98f6f72b7e3a1c9e84179a58adb0,0x00000000000000000000000061a3ff8ceb94289b,67453886,0x7e9c142fa61b6f885f183344fc2246916485e882d42fab65e481bdde8ce93ee4,1762591399,2025-11-08T08:43:19.000Z
0x83009d95cc5f98f6f72b7e3a1c9e84179a58adb0,0x0000000000000000000000000a4060cf3b54b787,67453886,0x7e9c142fa61b6f885f183344fc2246916485e882d42fab65e481bdde8ce93ee4,1762591399,2025-11-08T08:43:19.000Z
0x83009d95cc5f98f6f72b7e3a1c9e84179a58adb0,0x000000000000000000000000de5b54362e53ef23,67453886,0x7e9c142fa61b6f885f183344fc2246916485e882d42fab65e481bdde8ce93ee4,1762591399,2025-11-08T08:43:19.000Z
0xdbb279b9ebad92e608a331b68d4d728127085f63,0x000000000000000000000000aab6cfffdd13e27d,67454072,0x96d333603f9196505d40925835132ce1713a9284c1b6737ae0222dcf39f8db79,1762591538,2025-11-08T08:45:38.000Z
0xdbb279b9ebad92e608a331b68d4d728127085f63,0x00000000000000000000000061a3ff8ceb94289b,67454072,0x96d333603f9196505d40925835132ce1713a9284c1b6737ae0222dcf39f8db79,1762591538,2025-11-08T08:45:38.000Z
0xdbb279b9ebad92e608a331b68d4d728127085f63,0x0000000000000000000000000a4060cf3b54b787,67454072,0x96d333603f9196505d40925835132ce1713a9284c1b6737ae0222dcf39f8db79,1762591538,2025-11-08T08:45:38.000Z
0xdbb279b9ebad92e608a331b68d4d728127085f63,0x000000000000000000000000de5b54362e53ef23,67454072,0x96d333603f9196505d40925835132ce1713a9284c1b6737ae0222dcf39f8db79,1762591538,2025-11-08T08:45:38.000Z
0x522a8367bb3f7e42b8fdfb7ac76cbdab2ad634c4,0x000000000000000000000000aab6cfffdd13e27d,67454227,0xaef95b293c9180fbcb17fcae5b21b1663e8d38d7235e25e69ba06eacddae6713,1762591654,2025-11-08T08:47:34.000Z
0x522a8367bb3f7e42b8fdfb7ac76cbdab2ad634c4,0x00000000000000000000000061a3ff8ceb94289b,67454227,0xaef95b293c9180fbcb17fcae5b21b1663e8d38d7235e25e69ba06eacddae6713,1762591654,2025-11-08T08:47:34.000Z
0x522a8367bb3f7e42b8fdfb7ac76cbdab2ad634c4,0x0000000000000000000000000a4060cf3b54b787,67454227,0xaef95b293c9180fbcb17fcae5b21b1663e8d38d7235e25e69ba06eacddae6713,1762591654,2025-11-08T08:47:34.000Z
0x522a8367bb3f7e42b8fdfb7ac76cbdab2ad634c4,0x000000000000000000000000de5b54362e53ef23,67454227,0xaef95b293c9180fbcb17fcae5b21b1663e8d38d7235e25e69ba06eacddae6713,1762591654,2025-11-08T08:47:34.000Z
0x1c6b00d8b0db9d372acefe99b0c072a0342e5828,0x0000000000000000000000000fc24de6b5216b49,67454236,0xf417af5115385fe829119e15077baef3f83651f5358b1ec2b58a1bdb98589063,1762591661,2025-11-08T08:47:41.000Z
0x1c6b00d8b0db9d372acefe99b0c072a0342e5828,0x000000000000000000000000ceba129e0462c7e5,67454236,0xf417af5115385fe829119e15077baef3f83651f5358b1ec2b58a1bdb98589063,1762591661,2025-11-08T08:47:41.000Z
0x1c6b00d8b0db9d372acefe99b0c072a0342e5828,0x000000000000000000000000c0db02f3b35ee917,67454236,0xf417af5115385fe829119e15077baef3f83651f5358b1ec2b58a1bdb98589063,1762591661,2025-11-08T08:47:41.000Z
0x1c6b00d8b0db9d372acefe99b0c072a0342e5828,0x000000000000000000000000de5b54362e53ef23,67454236,0xf417af5115385fe829119e15077baef3f83651f5358b1ec2b58a1bdb98589063,1762591661,2025-11-08T08:47:41.000Z
0x99ea6c2d6853b62e4662707bd71b419738a0f199,0x000000000000000000000000aab6cfffdd13e27d,67454382,0x90a98141bf73d35e4be9c707e2260f38c2438ac20c82e1b7258de40e75294bf4,1762591771,2025-11-08T08:49:31.000Z
0x99ea6c2d6853b62e4662707bd71b419738a0f199,0x00000000000000000000000061a3ff8ceb94289b,67454382,0x90a98141bf73d35e4be9c707e2260f38c2438ac20c82e1b7258de40e75294bf4,1762591771,2025-11-08T08:49:31.000Z
0x99ea6c2d6853b62e4662707bd71b419738a0f199,0x0000000000000000000000000a4060cf3b54b787,67454382,0x90a98141bf73d35e4be9c707e2260f38c2438ac20c82e1b7258de40e75294bf4,1762591771,2025-11-08T08:49:31.000Z
0x99ea6c2d6853b62e4662707bd71b419738a0f199,0x000000000000000000000000de5b54362e53ef23,67454382,0x90a98141bf73d35e4be9c707e2260f38c2438ac20c82e1b7258de40e75294bf4,1762591771,2025-11-08T08:49:31.000Z
0x1b1e1d63f3ac2213d792c1f2743d23def66eef47,0x000000000000000000000000aab6cfffdd13e27d,67454513,0xf40fa1f5894ff5f03e06980d88b035c04d839f66732ec3d3500674108f99d555,1762591869,2025-11-08T08:51:09.000Z
0x1b1e1d63f3ac2213d792c1f2743d23def66eef47,0x00000000000000000000000061a3ff8ceb94289b,67454513,0xf40fa1f5894ff5f03e06980d88b035c04d839f66732ec3d3500674108f99d555,1762591869,2025-11-08T08:51:09.000Z
0x1b1e1d63f3ac2213d792c1f2743d23def66eef47,0x0000000000000000000000000a4060cf3b54b787,67454513,0xf40fa1f5894ff5f03e06980d88b035c04d839f66732ec3d3500674108f99d555,1762591869,2025-11-08T08:51:09.000Z
0x1b1e1d63f3ac2213d792c1f2743d23def66eef47,0x000000000000000000000000de5b54362e53ef23,67454513,0xf40fa1f5894ff5f03e06980d88b035c04d839f66732ec3d3500674108f99d555,1762591869,2025-11-08T08:51:09.000Z
0xe590dba3a58d3043e20fe12d78c09b9fa9757d9a,0x000000000000000000000000aab6cfffdd13e27d,67454653,0x2f3a22b27d6adb1b10a73bcc1fac7a2d8abe78eb726fc589139d6c5f81ca6a7f,1762591974,2025-11-08T08:52:54.000Z
0xe590dba3a58d3043e20fe12d78c09b9fa9757d9a,0x00000000000000000000000061a3ff8ceb94289b,67454653,0x2f3a22b27d6adb1b10a73bcc1fac7a2d8abe78eb726fc589139d6c5f81ca6a7f,1762591974,2025-11-08T08:52:54.000Z
0xe590dba3a58d3043e20fe12d78c09b9fa9757d9a,0x0000000000000000000000000a4060cf3b54b787,67454653,0x2f3a22b27d6adb1b10a73bcc1fac7a2d8abe78eb726fc589139d6c5f81ca6a7f,1762591974,2025-11-08T08:52:54.000Z
0xe590dba3a58d3043e20fe12d78c09b9fa9757d9a,0x000000000000000000000000de5b54362e53ef23,67454653,0x2f3a22b27d6adb1b10a73bcc1fac7a2d8abe78eb726fc589139d6c5f81ca6a7f,1762591974,2025-11-08T08:52:54.000Z
0xb97b6916f8935c6bbf21a1e4b857b773f70d7aa3,0x000000000000000000000000aab6cfffdd13e27d,67454792,0x6d683fd16421cc483b682589260d36d68cc9a2fe0480d58cf8f8f10cf7ad7783,1762592078,2025-11-08T08:54:38.000Z
0xb97b6916f8935c6bbf21a1e4b857b773f70d7aa3,0x00000000000000000000000061a3ff8ceb94289b,67454792,0x6d683fd16421cc483b682589260d36d68cc9a2fe0480d58cf8f8f10cf7ad7783,1762592078,2025-11-08T08:54:38.000Z
0xb97b6916f8935c6bbf21a1e4b857b773f70d7aa3,0x0000000000000000000000000a4060cf3b54b787,67454792,0x6d683fd16421cc483b682589260d36d68cc9a2fe0480d58cf8f8f10cf7ad7783,1762592078,2025-11-08T08:54:38.000Z
0xb97b6916f8935c6bbf21a1e4b857b773f70d7aa3,0x000000000000000000000000de5b54362e53ef23,67454792,0x6d683fd16421cc483b682589260d36d68cc9a2fe0480d58cf8f8f10cf7ad7783,1762592078,2025-11-08T08:54:38.000Z
0x80c1ab6ad8687c97028256fbd7aecf3d76b6e266,0x000000000000000000000000aab6cfffdd13e27d,67454917,0x083b6ce83863fbb949045d13e7a4e91a69d8c5a67170a7f1fe2c8a2fc11bd4ea,1762592172,2025-11-08T08:56:12.000Z
0x80c1ab6ad8687c97028256fbd7aecf3d76b6e266,0x00000000000000000000000061a3ff8ceb94289b,67454917,0x083b6ce83863fbb949045d13e7a4e91a69d8c5a67170a7f1fe2c8a2fc11bd4ea,1762592172,2025-11-08T08:56:12.000Z
0x80c1ab6ad8687c97028256fbd7aecf3d76b6e266,0x0000000000000000000000000a4060cf3b54b787,67454917,0x083b6ce83863fbb949045d13e7a4e91a69d8c5a67170a7f1fe2c8a2fc11bd4ea,1762592172,2025-11-08T08:56:12.000Z
0x80c1ab6ad8687c97028256fbd7aecf3d76b6e266,0x000000000000000000000000de5b54362e53ef23,67454917,0x083b6ce83863fbb949045d13e7a4e91a69d8c5a67170a7f1fe2c8a2fc11bd4ea,1762592172,2025-11-08T08:56:12.000Z
0xea3fdbb8b600e129322a45c6764068c34295f2fa,0x0000000000000000000000001c6b00d8b0db9d37,67455021,0xcf8662e46b74aa2498ab5a996d0638a68f046eb15af405920c48ddf6edb484c0,1762592250,2025-11-08T08:57:30.000Z
0xea3fdbb8b600e129322a45c6764068c34295f2fa,0x0000000000000000000000000fc24de6b5216b49,67455021,0xcf8662e46b74aa2498ab5a996d0638a68f046eb15af405920c48ddf6edb484c0,1762592250,2025-11-08T08:57:30.000Z
0xea3fdbb8b600e129322a45c6764068c34295f2fa,0x000000000000000000000000ceba129e0462c7e5,67455021,0xcf8662e46b74aa2498ab5a996d0638a68f046eb15af405920c48ddf6edb484c0,1762592250,2025-11-08T08:57:30.000Z
0xea3fdbb8b600e129322a45c6764068c34295f2fa,0x000000000000000000000000de5b54362e53ef23,67455021,0xcf8662e46b74aa2498ab5a996d0638a68f046eb15af405920c48ddf6edb484c0,1762592250,2025-11-08T08:57:30.000Z
0x0fefabbf393052a59837e1ad311b33d996854cc1,0x000000000000000000000000ea3fdbb8b600e129,67455651,0x4f8fcfdf4ee64647a5f1c214e473ee8aabbc94339bf2e2c8830f71eb7d7b8f7a,1762592722,2025-11-08T09:05:22.000Z
0x0fefabbf393052a59837e1ad311b33d996854cc1,0x0000000000000000000000001c6b00d8b0db9d37,67455651,0x4f8fcfdf4ee64647a5f1c214e473ee8aabbc94339bf2e2c8830f71eb7d7b8f7a,1762592722,2025-11-08T09:05:22.000Z
0x0fefabbf393052a59837e1ad311b33d996854cc1,0x0000000000000000000000000fc24de6b5216b49,67455651,0x4f8fcfdf4ee64647a5f1c214e473ee8aabbc94339bf2e2c8830f71eb7d7b8f7a,1762592722,2025-11-08T09:05:22.000Z
0x0fefabbf393052a59837e1ad311b33d996854cc1,0x000000000000000000000000de5b54362e53ef23,67455651,0x4f8fcfdf4ee64647a5f1c214e473ee8aabbc94339bf2e2c8830f71eb7d7b8f7a,1762592722,2025-11-08T09:05:22.000Z
0x4433cc8d01f95f676d7640004137587fa977fa37,0x000000000000000000000000aab6cfffdd13e27d,67455674,0xa8c28a836a6e5686113fb14347e9d5dda4ad7426b5de3c27c53eb1d5ef4dbbc1,1762592740,2025-11-08T09:05:40.000Z
0x4433cc8d01f95f676d7640004137587fa977fa37,0x00000000000000000000000061a3ff8ceb94289b,67455674,0xa8c28a836a6e5686113fb14347e9d5dda4ad7426b5de3c27c53eb1d5ef4dbbc1,1762592740,2025-11-08T09:05:40.000Z
0x4433cc8d01f95f676d7640004137587fa977fa37,0x0000000000000000000000000a4060cf3b54b787,67455674,0xa8c28a836a6e5686113fb14347e9d5dda4ad7426b5de3c27c53eb1d5ef4dbbc1,1762592740,2025-11-08T09:05:40.000Z
0x4433cc8d01f95f676d7640004137587fa977fa37,0x000000000000000000000000de5b54362e53ef23,67455674,0xa8c28a836a6e5686113fb14347e9d5dda4ad7426b5de3c27c53eb1d5ef4dbbc1,1762592740,2025-11-08T09:05:40.000Z
0xfff7ec01b4a2e1e413235649c9ca8b8b78288214,0x000000000000000000000000aab6cfffdd13e27d,67455812,0xb010eec71b1822ee0d0b3572ca3031f40886c76fbebfc6b662db752f9360844a,1762592843,2025-11-08T09:07:23.000Z
0xfff7ec01b4a2e1e413235649c9ca8b8b78288214,0x00000000000000000000000061a3ff8ceb94289b,67455812,0xb010eec71b1822ee0d0b3572ca3031f40886c76fbebfc6b662db752f9360844a,1762592843,2025-11-08T09:07:23.000Z
0xfff7ec01b4a2e1e413235649c9ca8b8b78288214,0x0000000000000000000000000a4060cf3b54b787,67455812,0xb010eec71b1822ee0d0b3572ca3031f40886c76fbebfc6b662db752f9360844a,1762592843,2025-11-08T09:07:23.000Z
0xfff7ec01b4a2e1e413235649c9ca8b8b78288214,0x000000000000000000000000de5b54362e53ef23,67455812,0xb010eec71b1822ee0d0b3572ca3031f40886c76fbebfc6b662db752f9360844a,1762592843,2025-11-08T09:07:23.000Z
0x4a78b9878c22e1558d21bdd4b4273a8ce77b88b8,0x0000000000000000000000000fefabbf393052a5,67455848,0x5b5285acbd04d958cf04378b06142433f2f557ac4e01ec8a96685846282c3f77,1762592870,2025-11-08T09:07:50.000Z
0x4a78b9878c22e1558d21bdd4b4273a8ce77b88b8,0x000000000000000000000000ea3fdbb8b600e129,67455848,0x5b5285acbd04d958cf04378b06142433f2f557ac4e01ec8a96685846282c3f77,1762592870,2025-11-08T09:07:50.000Z
0x4a78b9878c22e1558d21bdd4b4273a8ce77b88b8,0x0000000000000000000000001c6b00d8b0db9d37,67455848,0x5b5285acbd04d958cf04378b06142433f2f557ac4e01ec8a96685846282c3f77,1762592870,2025-11-08T09:07:50.000Z
0x4a78b9878c22e1558d21bdd4b4273a8ce77b88b8,0x000000000000000000000000de5b54362e53ef23,67455848,0x5b5285acbd04d958cf04378b06142433f2f557ac4e01ec8a96685846282c3f77,1762592870,2025-11-08T09:07:50.000Z
0xd29911ce7fe9ae63229f7e875b8a50d47dbf47e7,0x000000000000000000000000aab6cfffdd13e27d,67456047,0x33500781bd571ed45cca46b5c305e7292794a239bdd7653e538ed6dcd2030996,1762593019,2025-11-08T09:10:19.000Z
0xd29911ce7fe9ae63229f7e875b8a50d47dbf47e7,0x00000000000000000000000061a3ff8ceb94289b,67456047,0x33500781bd571ed45cca46b5c305e7292794a239bdd7653e538ed6dcd2030996,1762593019,2025-11-08T09:10:19.000Z
0xd29911ce7fe9ae63229f7e875b8a50d47dbf47e7,0x0000000000000000000000000a4060cf3b54b787,67456047,0x33500781bd571ed45cca46b5c305e7292794a239bdd7653e538ed6dcd2030996,1762593019,2025-11-08T09:10:19.000Z
0xd29911ce7fe9ae63229f7e875b8a50d47dbf47e7,0x000000000000000000000000de5b54362e53ef23,67456047,0x33500781bd571ed45cca46b5c305e7292794a239bdd7653e538ed6dcd2030996,1762593019,2025-11-08T09:10:19.000Z
0x5cf731b3fc9cdfd167737cd96ffee0ca4a8c3bdf,0x000000000000000000000000aab6cfffdd13e27d,67456172,0xe1d4683ff1f5b43ebcbf5c1db3aac768b82bd352a0888efad1fe769ff87c6f1e,1762593113,2025-11-08T09:11:53.000Z
0x5cf731b3fc9cdfd167737cd96ffee0ca4a8c3bdf,0x00000000000000000000000061a3ff8ceb94289b,67456172,0xe1d4683ff1f5b43ebcbf5c1db3aac768b82bd352a0888efad1fe769ff87c6f1e,1762593113,2025-11-08T09:11:53.000Z
0x5cf731b3fc9cdfd167737cd96ffee0ca4a8c3bdf,0x0000000000000000000000000a4060cf3b54b787,67456172,0xe1d4683ff1f5b43ebcbf5c1db3aac768b82bd352a0888efad1fe769ff87c6f1e,1762593113,2025-11-08T09:11:53.000Z
0x5cf731b3fc9cdfd167737cd96ffee0ca4a8c3bdf,0x000000000000000000000000de5b54362e53ef23,67456172,0xe1d4683ff1f5b43ebcbf5c1db3aac768b82bd352a0888efad1fe769ff87c6f1e,1762593113,2025-11-08T09:11:53.000Z
0x497e8cc1f894ebe149710efcf61414d6574cafaf,0x000000000000000000000000aab6cfffdd13e27d,67456294,0x6d147d188640fca16031bc254c407177c0992e26c5d46ba7df13ab180b8d0478,1762593205,2025-11-08T09:13:25.000Z
0x497e8cc1f894ebe149710efcf61414d6574cafaf,0x00000000000000000000000061a3ff8ceb94289b,67456294,0x6d147d188640fca16031bc254c407177c0992e26c5d46ba7df13ab180b8d0478,1762593205,2025-11-08T09:13:25.000Z
0x497e8cc1f894ebe149710efcf61414d6574cafaf,0x0000000000000000000000000a4060cf3b54b787,67456294,0x6d147d188640fca16031bc254c407177c0992e26c5d46ba7df13ab180b8d0478,1762593205,2025-11-08T09:13:25.000Z
0x497e8cc1f894ebe149710efcf61414d6574cafaf,0x000000000000000000000000de5b54362e53ef23,67456294,0x6d147d188640fca16031bc254c407177c0992e26c5d46ba7df13ab180b8d0478,1762593205,2025-11-08T09:13:25.000Z
0xdf7ee98de1bf40c238313f46f79a610a05961723,0x000000000000000000000000aab6cfffdd13e27d,67456634,0x139e4bbaa05ee9a3a7d0b8a4c6fedcef2a465c6cbe4b930100265caa734f59f9,1762593460,2025-11-08T09:17:40.000Z
0xdf7ee98de1bf40c238313f46f79a610a05961723,0x00000000000000000000000061a3ff8ceb94289b,67456634,0x139e4bbaa05ee9a3a7d0b8a4c6fedcef2a465c6cbe4b930100265caa734f59f9,1762593460,2025-11-08T09:17:40.000Z
0xdf7ee98de1bf40c238313f46f79a610a05961723,0x0000000000000000000000000a4060cf3b54b787,67456634,0x139e4bbaa05ee9a3a7d0b8a4c6fedcef2a465c6cbe4b930100265caa734f59f9,1762593460,2025-11-08T09:17:40.000Z
0xdf7ee98de1bf40c238313f46f79a610a05961723,0x000000000000000000000000de5b54362e53ef23,67456634,0x139e4bbaa05ee9a3a7d0b8a4c6fedcef2a465c6cbe4b930100265caa734f59f9,1762593460,2025-11-08T09:17:40.000Z
0xc101ea385dc392102e9ead52c3d5599228606002,0x000000000000000000000000aab6cfffdd13e27d,67457679,0xbb3b10a3f64ea4d9b2ea5820aace661c1b51777009f11ae45c3d706d631e41b4,1762594243,2025-11-08T09:30:43.000Z
0xc101ea385dc392102e9ead52c3d5599228606002,0x00000000000000000000000061a3ff8ceb94289b,67457679,0xbb3b10a3f64ea4d9b2ea5820aace661c1b51777009f11ae45c3d706d631e41b4,1762594243,2025-11-08T09:30:43.000Z
0xc101ea385dc392102e9ead52c3d5599228606002,0x0000000000000000000000000a4060cf3b54b787,67457679,0xbb3b10a3f64ea4d9b2ea5820aace661c1b51777009f11ae45c3d706d631e41b4,1762594243,2025-11-08T09:30:43.000Z
0xc101ea385dc392102e9ead52c3d5599228606002,0x000000000000000000000000de5b54362e53ef23,67457679,0xbb3b10a3f64ea4d9b2ea5820aace661c1b51777009f11ae45c3d706d631e41b4,1762594243,2025-11-08T09:30:43.000Z
0xd024b5052ec80c8ec1f05fb10bfde785a3e03f50,0x000000000000000000000000aab6cfffdd13e27d,67457847,0xbbd006550bccebc2ee2ae7f58000115b312d22e184bad28f7119a3dd521e734f,1762594369,2025-11-08T09:32:49.000Z
0xd024b5052ec80c8ec1f05fb10bfde785a3e03f50,0x00000000000000000000000061a3ff8ceb94289b,67457847,0xbbd006550bccebc2ee2ae7f58000115b312d22e184bad28f7119a3dd521e734f,1762594369,2025-11-08T09:32:49.000Z
0xd024b5052ec80c8ec1f05fb10bfde785a3e03f50,0x0000000000000000000000000a4060cf3b54b787,67457847,0xbbd006550bccebc2ee2ae7f58000115b312d22e184bad28f7119a3dd521e734f,1762594369,2025-11-08T09:32:49.000Z
0xd024b5052ec80c8ec1f05fb10bfde785a3e03f50,0x000000000000000000000000de5b54362e53ef23,67457847,0xbbd006550bccebc2ee2ae7f58000115b312d22e184bad28f7119a3dd521e734f,1762594369,2025-11-08T09:32:49.000Z
0x994c6a7ffb272b1ef87cd89b89a6cb56e26e56b1,0x000000000000000000000000aab6cfffdd13e27d,67458029,0x7283275c59a7af1b66e33155ca9a8f4bbff11aff046804063e9fdcbf3946bcc8,1762594506,2025-11-08T09:35:06.000Z
0x994c6a7ffb272b1ef87cd89b89a6cb56e26e56b1,0x00000000000000000000000061a3ff8ceb94289b,67458029,0x7283275c59a7af1b66e33155ca9a8f4bbff11aff046804063e9fdcbf3946bcc8,1762594506,2025-11-08T09:35:06.000Z
0x994c6a7ffb272b1ef87cd89b89a6cb56e26e56b1,0x0000000000000000000000000a4060cf3b54b787,67458029,0x7283275c59a7af1b66e33155ca9a8f4bbff11aff046804063e9fdcbf3946bcc8,1762594506,2025-11-08T09:35:06.000Z
0x994c6a7ffb272b1ef87cd89b89a6cb56e26e56b1,0x000000000000000000000000de5b54362e53ef23,67458029,0x7283275c59a7af1b66e33155ca9a8f4bbff11aff046804063e9fdcbf3946bcc8,1762594506,2025-11-08T09:35:06.000Z
0x9c3a4811c8ca957d1c1648393451603ac1a82a88,0x000000000000000000000000aab6cfffdd13e27d,67458278,0xedac9775677f60f2c4dc8b3e02f876c73ec6b3b05e8293a34f8e3981d64ab69e,1762594693,2025-11-08T09:38:13.000Z
0x9c3a4811c8ca957d1c1648393451603ac1a82a88,0x00000000000000000000000061a3ff8ceb94289b,67458278,0xedac9775677f60f2c4dc8b3e02f876c73ec6b3b05e8293a34f8e3981d64ab69e,1762594693,2025-11-08T09:38:13.000Z
0x9c3a4811c8ca957d1c1648393451603ac1a82a88,0x0000000000000000000000000a4060cf3b54b787,67458278,0xedac9775677f60f2c4dc8b3e02f876c73ec6b3b05e8293a34f8e3981d64ab69e,1762594693,2025-11-08T09:38:13.000Z
0x9c3a4811c8ca957d1c1648393451603ac1a82a88,0x000000000000000000000000de5b54362e53ef23,67458278,0xedac9775677f60f2c4dc8b3e02f876c73ec6b3b05e8293a34f8e3981d64ab69e,1762594693,2025-11-08T09:38:13.000Z
0xc1fa13c97428328ead7f5dced603091344035876,0x000000000000000000000000aab6cfffdd13e27d,67458841,0xd7fac004f0de860795da5f071076cd5e79e8029a6c7d9b247bf5a5bc48d682e8,1762595115,2025-11-08T09:45:15.000Z
0xc1fa13c97428328ead7f5dced603091344035876,0x00000000000000000000000061a3ff8ceb94289b,67458841,0xd7fac004f0de860795da5f071076cd5e79e8029a6c7d9b247bf5a5bc48d682e8,1762595115,2025-11-08T09:45:15.000Z
0xc1fa13c97428328ead7f5dced603091344035876,0x0000000000000000000000000a4060cf3b54b787,67458841,0xd7fac004f0de860795da5f071076cd5e79e8029a6c7d9b247bf5a5bc48d682e8,1762595115,2025-11-08T09:45:15.000Z
0xc1fa13c97428328ead7f5dced603091344035876,0x000000000000000000000000de5b54362e53ef23,67458841,0xd7fac004f0de860795da5f071076cd5e79e8029a6c7d9b247bf5a5bc48d682e8,1762595115,2025-11-08T09:45:15.000Z
0xadab5706f8edd79d7c5303a5b1456edf53fa424f,0x000000000000000000000000aab6cfffdd13e27d,67459497,0x4b9bf773a2cc2b0dc858ebb9f3b588de7428a9994e1f5835a11e60b576cd4a37,1762595607,2025-11-08T09:53:27.000Z
0xadab5706f8edd79d7c5303a5b1456edf53fa424f,0x00000000000000000000000061a3ff8ceb94289b,67459497,0x4b9bf773a2cc2b0dc858ebb9f3b588de7428a9994e1f5835a11e60b576cd4a37,1762595607,2025-11-08T09:53:27.000Z
0xadab5706f8edd79d7c5303a5b1456edf53fa424f,0x0000000000000000000000000a4060cf3b54b787,67459497,0x4b9bf773a2cc2b0dc858ebb9f3b588de7428a9994e1f5835a11e60b576cd4a37,1762595607,2025-11-08T09:53:27.000Z
0xadab5706f8edd79d7c5303a5b1456edf53fa424f,0x000000000000000000000000de5b54362e53ef23,67459497,0x4b9bf773a2cc2b0dc858ebb9f3b588de7428a9994e1f5835a11e60b576cd4a37,1762595607,2025-11-08T09:53:27.000Z
0xe2b19954596ddd1a844883b0bac2031195f23d90,0x000000000000000000000000aab6cfffdd13e27d,67459675,0x2c998b7f18d62b5d4e634d6b8537f6cd639d91d0905f31f3bb70964084f51d10,1762595740,2025-11-08T09:55:40.000Z
0xe2b19954596ddd1a844883b0bac2031195f23d90,0x00000000000000000000000061a3ff8ceb94289b,67459675,0x2c998b7f18d62b5d4e634d6b8537f6cd639d91d0905f31f3bb70964084f51d10,1762595740,2025-11-08T09:55:40.000Z
0xe2b19954596ddd1a844883b0bac2031195f23d90,0x0000000000000000000000000a4060cf3b54b787,67459675,0x2c998b7f18d62b5d4e634d6b8537f6cd639d91d0905f31f3bb70964084f51d10,1762595740,2025-11-08T09:55:40.000Z
0xe2b19954596ddd1a844883b0bac2031195f23d90,0x000000000000000000000000de5b54362e53ef23,67459675,0x2c998b7f18d62b5d4e634d6b8537f6cd639d91d0905f31f3bb70964084f51d10,1762595740,2025-11-08T09:55:40.000Z
0x666476f1bca6668d33d5e13d7f9599e46287c418,0x000000000000000000000000aab6cfffdd13e27d,67460587,0x8dfc0f458fe115c3c7b3393d9088e12faa5a4d4d235b41de91aa2c06ee7a8899,1762596424,2025-11-08T10:07:04.000Z
0x666476f1bca6668d33d5e13d7f9599e46287c418,0x00000000000000000000000061a3ff8ceb94289b,67460587,0x8dfc0f458fe115c3c7b3393d9088e12faa5a4d4d235b41de91aa2c06ee7a8899,1762596424,2025-11-08T10:07:04.000Z
0x666476f1bca6668d33d5e13d7f9599e46287c418,0x0000000000000000000000000a4060cf3b54b787,67460587,0x8dfc0f458fe115c3c7b3393d9088e12faa5a4d4d235b41de91aa2c06ee7a8899,1762596424,2025-11-08T10:07:04.000Z
0x666476f1bca6668d33d5e13d7f9599e46287c418,0x000000000000000000000000de5b54362e53ef23,67460587,0x8dfc0f458fe115c3c7b3393d9088e12faa5a4d4d235b41de91aa2c06ee7a8899,1762596424,2025-11-08T10:07:04.000Z
0x112cab8ee38b895a921111a270735d76ae9b9b79,0x0000000000000000000000004a78b9878c22e155,67463146,0xf53666b098a0e03356182e65fdb916701c57278822b35bec1cbd00308cb84767,1762598344,2025-11-08T10:39:04.000Z
0x112cab8ee38b895a921111a270735d76ae9b9b79,0x0000000000000000000000000fefabbf393052a5,67463146,0xf53666b098a0e03356182e65fdb916701c57278822b35bec1cbd00308cb84767,1762598344,2025-11-08T10:39:04.000Z
0x112cab8ee38b895a921111a270735d76ae9b9b79,0x000000000000000000000000ea3fdbb8b600e129,67463146,0xf53666b098a0e03356182e65fdb916701c57278822b35bec1cbd00308cb84767,1762598344,2025-11-08T10:39:04.000Z
0x112cab8ee38b895a921111a270735d76ae9b9b79,0x000000000000000000000000de5b54362e53ef23,67463146,0xf53666b098a0e03356182e65fdb916701c57278822b35bec1cbd00308cb84767,1762598344,2025-11-08T10:39:04.000Z
0xf7f50613b738df41728e06779cd01f93439f9f54,0x0000000000000000000000004a78b9878c22e155,67463606,0x24a65df43c3b25d31a5a8afda58f56f8b590ffacc3d78c256ff29ab3120dd343,1762598690,2025-11-08T10:44:50.000Z
0xf7f50613b738df41728e06779cd01f93439f9f54,0x0000000000000000000000000fefabbf393052a5,67463606,0x24a65df43c3b25d31a5a8afda58f56f8b590ffacc3d78c256ff29ab3120dd343,1762598690,2025-11-08T10:44:50.000Z
0xf7f50613b738df41728e06779cd01f93439f9f54,0x000000000000000000000000ea3fdbb8b600e129,67463606,0x24a65df43c3b25d31a5a8afda58f56f8b590ffacc3d78c256ff29ab3120dd343,1762598690,2025-11-08T10:44:50.000Z
0xf7f50613b738df41728e06779cd01f93439f9f54,0x000000000000000000000000de5b54362e53ef23,67463606,0x24a65df43c3b25d31a5a8afda58f56f8b590ffacc3d78c256ff29ab3120dd343,1762598690,2025-11-08T10:44:50.000Z
0x0dc7959db8e9ba3d3360d88dd5b3f8dc575732aa,0x0000000000000000000000004a78b9878c22e155,67463849,0x12c5458383579dd303df2b83ef40bc6d5bf2f767fcc6cc2cc4ad7bec4a239add,1762598872,2025-11-08T10:47:52.000Z
0x0dc7959db8e9ba3d3360d88dd5b3f8dc575732aa,0x0000000000000000000000000fefabbf393052a5,67463849,0x12c5458383579dd303df2b83ef40bc6d5bf2f767fcc6cc2cc4ad7bec4a239add,1762598872,2025-11-08T10:47:52.000Z
0x0dc7959db8e9ba3d3360d88dd5b3f8dc575732aa,0x000000000000000000000000ea3fdbb8b600e129,67463849,0x12c5458383579dd303df2b83ef40bc6d5bf2f767fcc6cc2cc4ad7bec4a239add,1762598872,2025-11-08T10:47:52.000Z
0x0dc7959db8e9ba3d3360d88dd5b3f8dc575732aa,0x000000000000000000000000de5b54362e53ef23,67463849,0x12c5458383579dd303df2b83ef40bc6d5bf2f767fcc6cc2cc4ad7bec4a239add,1762598872,2025-11-08T10:47:52.000Z
0x68d2a511891b72febec2901234937b8b3eeb3418,0x0000000000000000000000004a78b9878c22e155,67464118,0xa543694159c2012a3b778b9258f0cdccbc80d2a34fc603a98c5b16bb888060cc,1762599074,2025-11-08T10:51:14.000Z
0x68d2a511891b72febec2901234937b8b3eeb3418,0x0000000000000000000000000fefabbf393052a5,67464118,0xa543694159c2012a3b778b9258f0cdccbc80d2a34fc603a98c5b16bb888060cc,1762599074,2025-11-08T10:51:14.000Z
0x68d2a511891b72febec2901234937b8b3eeb3418,0x000000000000000000000000ea3fdbb8b600e129,67464118,0xa543694159c2012a3b778b9258f0cdccbc80d2a34fc603a98c5b16bb888060cc,1762599074,2025-11-08T10:51:14.000Z
0x68d2a511891b72febec2901234937b8b3eeb3418,0x000000000000000000000000de5b54362e53ef23,67464118,0xa543694159c2012a3b778b9258f0cdccbc80d2a34fc603a98c5b16bb888060cc,1762599074,2025-11-08T10:51:14.000Z
0x401c487db8d36bf880df4e1a85bfd986063d3a6e,0x0000000000000000000000004a78b9878c22e155,67464248,0x1b60ef74bc113f9da7ab5ef1994085090045a9fbd2b0e4215cefe59f113c469b,1762599172,2025-11-08T10:52:52.000Z
0x401c487db8d36bf880df4e1a85bfd986063d3a6e,0x0000000000000000000000000fefabbf393052a5,67464248,0x1b60ef74bc113f9da7ab5ef1994085090045a9fbd2b0e4215cefe59f113c469b,1762599172,2025-11-08T10:52:52.000Z
0x401c487db8d36bf880df4e1a85bfd986063d3a6e,0x000000000000000000000000ea3fdbb8b600e129,67464248,0x1b60ef74bc113f9da7ab5ef1994085090045a9fbd2b0e4215cefe59f113c469b,1762599172,2025-11-08T10:52:52.000Z
0x401c487db8d36bf880df4e1a85bfd986063d3a6e,0x000000000000000000000000de5b54362e53ef23,67464248,0x1b60ef74bc113f9da7ab5ef1994085090045a9fbd2b0e4215cefe59f113c469b,1762599172,2025-11-08T10:52:52.000Z
0x9d99f4007a40d66dcb4d0b0cfabec019bba989f6,0x0000000000000000000000004a78b9878c22e155,67464507,0x894dc6cd35d3a9f0230b36efd438b754af4450b17ac84bf878a52e805bcf4d01,1762599366,2025-11-08T10:56:06.000Z
0x9d99f4007a40d66dcb4d0b0cfabec019bba989f6,0x0000000000000000000000000fefabbf393052a5,67464507,0x894dc6cd35d3a9f0230b36efd438b754af4450b17ac84bf878a52e805bcf4d01,1762599366,2025-11-08T10:56:06.000Z
0x9d99f4007a40d66dcb4d0b0cfabec019bba989f6,0x000000000000000000000000ea3fdbb8b600e129,67464507,0x894dc6cd35d3a9f0230b36efd438b754af4450b17ac84bf878a52e805bcf4d01,1762599366,2025-11-08T10:56:06.000Z
0x9d99f4007a40d66dcb4d0b0cfabec019bba989f6,0x000000000000000000000000de5b54362e53ef23,67464507,0x894dc6cd35d3a9f0230b36efd438b754af4450b17ac84bf878a52e805bcf4d01,1762599366,2025-11-08T10:56:06.000Z
0x2c75da89d6c7daaa746709db9a8bd542282bd1b4,0x0000000000000000000000004a78b9878c22e155,67464654,0x3501b66dad048e71901f604d273ea6b8aa0e5a60025c6303130ab535688ad212,1762599476,2025-11-08T10:57:56.000Z
0x2c75da89d6c7daaa746709db9a8bd542282bd1b4,0x0000000000000000000000000fefabbf393052a5,67464654,0x3501b66dad048e71901f604d273ea6b8aa0e5a60025c6303130ab535688ad212,1762599476,2025-11-08T10:57:56.000Z
0x2c75da89d6c7daaa746709db9a8bd542282bd1b4,0x000000000000000000000000ea3fdbb8b600e129,67464654,0x3501b66dad048e71901f604d273ea6b8aa0e5a60025c6303130ab535688ad212,1762599476,2025-11-08T10:57:56.000Z
0x2c75da89d6c7daaa746709db9a8bd542282bd1b4,0x000000000000000000000000de5b54362e53ef23,67464654,0x3501b66dad048e71901f604d273ea6b8aa0e5a60025c6303130ab535688ad212,1762599476,2025-11-08T10:57:56.000Z
0xedb204f34338a4883627002529fedd188e8befa9,0x0000000000000000000000004a78b9878c22e155,67466560,0x8cb1539fd875c3140264ad9a24e69678132e22d18c7ccbbd8ecabdc71ca1525f,1762600906,2025-11-08T11:21:46.000Z
0xedb204f34338a4883627002529fedd188e8befa9,0x0000000000000000000000000fefabbf393052a5,67466560,0x8cb1539fd875c3140264ad9a24e69678132e22d18c7ccbbd8ecabdc71ca1525f,1762600906,2025-11-08T11:21:46.000Z
0xedb204f34338a4883627002529fedd188e8befa9,0x000000000000000000000000ea3fdbb8b600e129,67466560,0x8cb1539fd875c3140264ad9a24e69678132e22d18c7ccbbd8ecabdc71ca1525f,1762600906,2025-11-08T11:21:46.000Z
0xedb204f34338a4883627002529fedd188e8befa9,0x000000000000000000000000de5b54362e53ef23,67466560,0x8cb1539fd875c3140264ad9a24e69678132e22d18c7ccbbd8ecabdc71ca1525f,1762600906,2025-11-08T11:21:46.000Z
0x53151b678a7ada902d83a14afeebf3f524b4b83b,0x0000000000000000000000004a78b9878c22e155,67466715,0x8dbb3fd004d889dcc0380db524b7a015b4fd7002da2901cfbab28d0c91144350,1762601022,2025-11-08T11:23:42.000Z
0x53151b678a7ada902d83a14afeebf3f524b4b83b,0x0000000000000000000000000fefabbf393052a5,67466715,0x8dbb3fd004d889dcc0380db524b7a015b4fd7002da2901cfbab28d0c91144350,1762601022,2025-11-08T11:23:42.000Z
0x53151b678a7ada902d83a14afeebf3f524b4b83b,0x000000000000000000000000ea3fdbb8b600e129,67466715,0x8dbb3fd004d889dcc0380db524b7a015b4fd7002da2901cfbab28d0c91144350,1762601022,2025-11-08T11:23:42.000Z
0x53151b678a7ada902d83a14afeebf3f524b4b83b,0x000000000000000000000000de5b54362e53ef23,67466715,0x8dbb3fd004d889dcc0380db524b7a015b4fd7002da2901cfbab28d0c91144350,1762601022,2025-11-08T11:23:42.000Z
0x1f5f3654bd8aaefcec9d9224438c30fc799a9408,0x0000000000000000000000004a78b9878c22e155,67466803,0x6b6143b6bce8ede6dafb48f91ce509c51b3304a2997c6000107e4d36ef39b817,1762601088,2025-11-08T11:24:48.000Z
0x1f5f3654bd8aaefcec9d9224438c30fc799a9408,0x0000000000000000000000000fefabbf393052a5,67466803,0x6b6143b6bce8ede6dafb48f91ce509c51b3304a2997c6000107e4d36ef39b817,1762601088,2025-11-08T11:24:48.000Z
0x1f5f3654bd8aaefcec9d9224438c30fc799a9408,0x000000000000000000000000ea3fdbb8b600e129,67466803,0x6b6143b6bce8ede6dafb48f91ce509c51b3304a2997c6000107e4d36ef39b817,1762601088,2025-11-08T11:24:48.000Z
0x1f5f3654bd8aaefcec9d9224438c30fc799a9408,0x000000000000000000000000de5b54362e53ef23,67466803,0x6b6143b6bce8ede6dafb48f91ce509c51b3304a2997c6000107e4d36ef39b817,1762601088,2025-11-08T11:24:48.000Z
0x9bcc2815073a679808334673f35470cd5834f1a8,0x0000000000000000000000004a78b9878c22e155,67467012,0x6f1bf970112e3a04d77d1abf620c540e67cf1254bbff7ee65b3cfb3d5ef50845,1762601245,2025-11-08T11:27:25.000Z
0x9bcc2815073a679808334673f35470cd5834f1a8,0x0000000000000000000000000fefabbf393052a5,67467012,0x6f1bf970112e3a04d77d1abf620c540e67cf1254bbff7ee65b3cfb3d5ef50845,1762601245,2025-11-08T11:27:25.000Z
0x9bcc2815073a679808334673f35470cd5834f1a8,0x000000000000000000000000ea3fdbb8b600e129,67467012,0x6f1bf970112e3a04d77d1abf620c540e67cf1254bbff7ee65b3cfb3d5ef50845,1762601245,2025-11-08T11:27:25.000Z
0x9bcc2815073a679808334673f35470cd5834f1a8,0x000000000000000000000000de5b54362e53ef23,67467012,0x6f1bf970112e3a04d77d1abf620c540e67cf1254bbff7ee65b3cfb3d5ef50845,1762601245,2025-11-08T11:27:25.000Z
0x6ea8fcf65b0a537bc30d27222085e6ede4a09498,0x00000000000000000000000071ebde5f840047b0,67475785,0x66a1c8246a3370db6cd7493010e2a78776ff4cc32a2d9454fc038302773f2fc8,1762607826,2025-11-08T13:17:06.000Z
0x6ea8fcf65b0a537bc30d27222085e6ede4a09498,0x000000000000000000000000d422667de1ace07c,67475785,0x66a1c8246a3370db6cd7493010e2a78776ff4cc32a2d9454fc038302773f2fc8,1762607826,2025-11-08T13:17:06.000Z
0x6ea8fcf65b0a537bc30d27222085e6ede4a09498,0x0000000000000000000000003426eb0f24a8b176,67475785,0x66a1c8246a3370db6cd7493010e2a78776ff4cc32a2d9454fc038302773f2fc8,1762607826,2025-11-08T13:17:06.000Z
0x6ea8fcf65b0a537bc30d27222085e6ede4a09498,0x000000000000000000000000de5b54362e53ef23,67475785,0x66a1c8246a3370db6cd7493010e2a78776ff4cc32a2d9454fc038302773f2fc8,1762607826,2025-11-08T13:17:06.000Z
0xa4cf24830ebe78082ef63897dd7ed9f40a1c298a,0x00000000000000000000000071ebde5f840047b0,67476016,0xf4a97b208e4f3a533e28c936738e051ab498fbae22539a8fed072d53483fb28a,1762607999,2025-11-08T13:19:59.000Z
0xa4cf24830ebe78082ef63897dd7ed9f40a1c298a,0x000000000000000000000000d422667de1ace07c,67476016,0xf4a97b208e4f3a533e28c936738e051ab498fbae22539a8fed072d53483fb28a,1762607999,2025-11-08T13:19:59.000Z
0xa4cf24830ebe78082ef63897dd7ed9f40a1c298a,0x0000000000000000000000003426eb0f24a8b176,67476016,0xf4a97b208e4f3a533e28c936738e051ab498fbae22539a8fed072d53483fb28a,1762607999,2025-11-08T13:19:59.000Z
0xa4cf24830ebe78082ef63897dd7ed9f40a1c298a,0x000000000000000000000000de5b54362e53ef23,67476016,0xf4a97b208e4f3a533e28c936738e051ab498fbae22539a8fed072d53483fb28a,1762607999,2025-11-08T13:19:59.000Z
0x09c6bb253b9567cb3619078894827719b1ff5d49,0x0000000000000000000000004a78b9878c22e155,67492366,0xf91b88207236329666a8dd6ba9fbcdbb1586daf0a6f3dde6a94a9988c4939e03,1762620262,2025-11-08T16:44:22.000Z
0x09c6bb253b9567cb3619078894827719b1ff5d49,0x0000000000000000000000000fefabbf393052a5,67492366,0xf91b88207236329666a8dd6ba9fbcdbb1586daf0a6f3dde6a94a9988c4939e03,1762620262,2025-11-08T16:44:22.000Z
0x09c6bb253b9567cb3619078894827719b1ff5d49,0x000000000000000000000000ea3fdbb8b600e129,67492366,0xf91b88207236329666a8dd6ba9fbcdbb1586daf0a6f3dde6a94a9988c4939e03,1762620262,2025-11-08T16:44:22.000Z
0x09c6bb253b9567cb3619078894827719b1ff5d49,0x000000000000000000000000de5b54362e53ef23,67492366,0xf91b88207236329666a8dd6ba9fbcdbb1586daf0a6f3dde6a94a9988c4939e03,1762620262,2025-11-08T16:44:22.000Z
0xf1609402778517c5e7302295667bae29e09cb143,0x0000000000000000000000004a78b9878c22e155,67494543,0xe2ffeca116a87f070b223ed307fc0cef8919ca9fbd58e2fe24838bc6e944b586,1762621895,2025-11-08T17:11:35.000Z
0xf1609402778517c5e7302295667bae29e09cb143,0x0000000000000000000000000fefabbf393052a5,67494543,0xe2ffeca116a87f070b223ed307fc0cef8919ca9fbd58e2fe24838bc6e944b586,1762621895,2025-11-08T17:11:35.000Z
0xf1609402778517c5e7302295667bae29e09cb143,0x000000000000000000000000ea3fdbb8b600e129,67494543,0xe2ffeca116a87f070b223ed307fc0cef8919ca9fbd58e2fe24838bc6e944b586,1762621895,2025-11-08T17:11:35.000Z
0xf1609402778517c5e7302295667bae29e09cb143,0x000000000000000000000000de5b54362e53ef23,67494543,0xe2ffeca116a87f070b223ed307fc0cef8919ca9fbd58e2fe24838bc6e944b586,1762621895,2025-11-08T17:11:35.000Z
0xda866022a6d666633875cc24ee6c6b2bc1057c98,0x000000000000000000000000a1a74b6aad4564fb,67536334,0xf56fd5d1cdc5221e6109f92665687b8ebdd35b712bfdfa87f2978f46c7af2395,1762653240,2025-11-09T01:54:00.000Z
0xda866022a6d666633875cc24ee6c6b2bc1057c98,0x000000000000000000000000195fd033be64ef32,67536334,0xf56fd5d1cdc5221e6109f92665687b8ebdd35b712bfdfa87f2978f46c7af2395,1762653240,2025-11-09T01:54:00.000Z
0xda866022a6d666633875cc24ee6c6b2bc1057c98,0x0000000000000000000000002356eedaea55128f,67536334,0xf56fd5d1cdc5221e6109f92665687b8ebdd35b712bfdfa87f2978f46c7af2395,1762653240,2025-11-09T01:54:00.000Z
0xda866022a6d666633875cc24ee6c6b2bc1057c98,0x000000000000000000000000de5b54362e53ef23,67536334,0xf56fd5d1cdc5221e6109f92665687b8ebdd35b712bfdfa87f2978f46c7af2395,1762653240,2025-11-09T01:54:00.000Z
0x5c369592f2344dfba769187c89b24e649fbcda30,0x000000000000000000000000da866022a6d66663,67536760,0xd9c717c163808405ed6c737b7da11175dd23b58f0963faf028fdf9d536a2f141,1762653559,2025-11-09T01:59:19.000Z
0x5c369592f2344dfba769187c89b24e649fbcda30,0x000000000000000000000000a1a74b6aad4564fb,67536760,0xd9c717c163808405ed6c737b7da11175dd23b58f0963faf028fdf9d536a2f141,1762653559,2025-11-09T01:59:19.000Z
0x5c369592f2344dfba769187c89b24e649fbcda30,0x000000000000000000000000195fd033be64ef32,67536760,0xd9c717c163808405ed6c737b7da11175dd23b58f0963faf028fdf9d536a2f141,1762653559,2025-11-09T01:59:19.000Z
0x5c369592f2344dfba769187c89b24e649fbcda30,0x000000000000000000000000de5b54362e53ef23,67536760,0xd9c717c163808405ed6c737b7da11175dd23b58f0963faf028fdf9d536a2f141,1762653559,2025-11-09T01:59:19.000Z
0x2180d616c6a6c51bb6e3efc25b7e35a2dea6bead,0x000000000000000000000000da866022a6d66663,67537052,0x75d549117ccd99146b6f65d7c69a96f1eacb2e288d75a4da536326fc7b5fb7ff,1762653778,2025-11-09T02:02:58.000Z
0x2180d616c6a6c51bb6e3efc25b7e35a2dea6bead,0x000000000000000000000000a1a74b6aad4564fb,67537052,0x75d549117ccd99146b6f65d7c69a96f1eacb2e288d75a4da536326fc7b5fb7ff,1762653778,2025-11-09T02:02:58.000Z
0x2180d616c6a6c51bb6e3efc25b7e35a2dea6bead,0x000000000000000000000000195fd033be64ef32,67537052,0x75d549117ccd99146b6f65d7c69a96f1eacb2e288d75a4da536326fc7b5fb7ff,1762653778,2025-11-09T02:02:58.000Z
0x2180d616c6a6c51bb6e3efc25b7e35a2dea6bead,0x000000000000000000000000de5b54362e53ef23,67537052,0x75d549117ccd99146b6f65d7c69a96f1eacb2e288d75a4da536326fc7b5fb7ff,1762653778,2025-11-09T02:02:58.000Z
0x8049e4cc80e1bed021374ecb9cb3aab579586258,0x000000000000000000000000da866022a6d66663,67537319,0xac163b1156be873fbfe6b19274feadc2439226cda71ef66bd38cc8e9921628c6,1762653979,2025-11-09T02:06:19.000Z
0x8049e4cc80e1bed021374ecb9cb3aab579586258,0x000000000000000000000000a1a74b6aad4564fb,67537319,0xac163b1156be873fbfe6b19274feadc2439226cda71ef66bd38cc8e9921628c6,1762653979,2025-11-09T02:06:19.000Z
0x8049e4cc80e1bed021374ecb9cb3aab579586258,0x000000000000000000000000195fd033be64ef32,67537319,0xac163b1156be873fbfe6b19274feadc2439226cda71ef66bd38cc8e9921628c6,1762653979,2025-11-09T02:06:19.000Z
0x8049e4cc80e1bed021374ecb9cb3aab579586258,0x000000000000000000000000de5b54362e53ef23,67537319,0xac163b1156be873fbfe6b19274feadc2439226cda71ef66bd38cc8e9921628c6,1762653979,2025-11-09T02:06:19.000Z
0xeb1b467d203b2ae41281f0b4bc274ff021929541,0x000000000000000000000000da866022a6d66663,67537608,0x112974676674f0f9351a49020b04a5f305d5b96aabd8753dcb2a9b7af6119e38,1762654195,2025-11-09T02:09:55.000Z
0xeb1b467d203b2ae41281f0b4bc274ff021929541,0x000000000000000000000000a1a74b6aad4564fb,67537608,0x112974676674f0f9351a49020b04a5f305d5b96aabd8753dcb2a9b7af6119e38,1762654195,2025-11-09T02:09:55.000Z
0xeb1b467d203b2ae41281f0b4bc274ff021929541,0x000000000000000000000000195fd033be64ef32,67537608,0x112974676674f0f9351a49020b04a5f305d5b96aabd8753dcb2a9b7af6119e38,1762654195,2025-11-09T02:09:55.000Z
0xeb1b467d203b2ae41281f0b4bc274ff021929541,0x000000000000000000000000de5b54362e53ef23,67537608,0x112974676674f0f9351a49020b04a5f305d5b96aabd8753dcb2a9b7af6119e38,1762654195,2025-11-09T02:09:55.000Z
0xeb3907464d3265984c93c40c99389e8e4dd96356,0x0000000000000000000000005c2379feb7e0380d,67580317,0x2a7ea18635e39dc34ca67d61af156576ac4de5904f88c9c9c33576c443f47690,1762686231,2025-11-09T11:03:51.000Z
0xeb3907464d3265984c93c40c99389e8e4dd96356,0x000000000000000000000000f3be19f07631fc43,67580317,0x2a7ea18635e39dc34ca67d61af156576ac4de5904f88c9c9c33576c443f47690,1762686231,2025-11-09T11:03:51.000Z
0xeb3907464d3265984c93c40c99389e8e4dd96356,0x0000000000000000000000000e5cd4c82f2dc41c,67580317,0x2a7ea18635e39dc34ca67d61af156576ac4de5904f88c9c9c33576c443f47690,1762686231,2025-11-09T11:03:51.000Z
0xeb3907464d3265984c93c40c99389e8e4dd96356,0x000000000000000000000000de5b54362e53ef23,67580317,0x2a7ea18635e39dc34ca67d61af156576ac4de5904f88c9c9c33576c443f47690,1762686231,2025-11-09T11:03:51.000Z
0x1d920e5c4b9c929317a68f2807b29a1d0f471ea4,0x000000000000000000000000003e750e3649365e,67706469,0x86fb675ad7b4c46a36f6b2d7f26c76abb7d51d1720f3c1a3754b383f4e144d2f,1762780853,2025-11-10T13:20:53.000Z
0x1d920e5c4b9c929317a68f2807b29a1d0f471ea4,0x0000000000000000000000008a8ccf093213a871,67706469,0x86fb675ad7b4c46a36f6b2d7f26c76abb7d51d1720f3c1a3754b383f4e144d2f,1762780853,2025-11-10T13:20:53.000Z
0x1d920e5c4b9c929317a68f2807b29a1d0f471ea4,0x000000000000000000000000e9baa055719ecc4e,67706469,0x86fb675ad7b4c46a36f6b2d7f26c76abb7d51d1720f3c1a3754b383f4e144d2f,1762780853,2025-11-10T13:20:53.000Z
0x1d920e5c4b9c929317a68f2807b29a1d0f471ea4,0x000000000000000000000000de5b54362e53ef23,67706469,0x86fb675ad7b4c46a36f6b2d7f26c76abb7d51d1720f3c1a3754b383f4e144d2f,1762780853,2025-11-10T13:20:53.000Z
0x1c61e1d5bdecfb5da2a38281c636e2ff1b5be5ec,0x000000000000000000000000976b0d3037367572,67710481,0x1af495da01ba0bebc4d9cf0f624305625fee575bcf34d5e49e2d0048c567326c,1762783862,2025-11-10T14:11:02.000Z
0x1c61e1d5bdecfb5da2a38281c636e2ff1b5be5ec,0x000000000000000000000000f0d4a62fb9a643ca,67710481,0x1af495da01ba0bebc4d9cf0f624305625fee575bcf34d5e49e2d0048c567326c,1762783862,2025-11-10T14:11:02.000Z
0x1c61e1d5bdecfb5da2a38281c636e2ff1b5be5ec,0x000000000000000000000000b78e4f8640d662b1,67710481,0x1af495da01ba0bebc4d9cf0f624305625fee575bcf34d5e49e2d0048c567326c,1762783862,2025-11-10T14:11:02.000Z
0x1c61e1d5bdecfb5da2a38281c636e2ff1b5be5ec,0x000000000000000000000000de5b54362e53ef23,67710481,0x1af495da01ba0bebc4d9cf0f624305625fee575bcf34d5e49e2d0048c567326c,1762783862,2025-11-10T14:11:02.000Z
0xe41bcbd9bb1c964b234b494fa7061ec0c86bafce,0x000000000000000000000000e20876db2e981f5b,67792330,0xdca6a8fb2b75aabe6c52d5d5626560ae9e527162abe716c40dcd01dea53be681,1762845255,2025-11-11T07:14:15.000Z
0xe41bcbd9bb1c964b234b494fa7061ec0c86bafce,0x000000000000000000000000c352463c8174920d,67792330,0xdca6a8fb2b75aabe6c52d5d5626560ae9e527162abe716c40dcd01dea53be681,1762845255,2025-11-11T07:14:15.000Z
0xe41bcbd9bb1c964b234b494fa7061ec0c86bafce,0x0000000000000000000000004fc4b98950db0f04,67792330,0xdca6a8fb2b75aabe6c52d5d5626560ae9e527162abe716c40dcd01dea53be681,1762845255,2025-11-11T07:14:15.000Z
0xe41bcbd9bb1c964b234b494fa7061ec0c86bafce,0x000000000000000000000000de5b54362e53ef23,67792330,0xdca6a8fb2b75aabe6c52d5d5626560ae9e527162abe716c40dcd01dea53be681,1762845255,2025-11-11T07:14:15.000Z
0xd267519e5d0153d408281c6a2c3d829bb7b33ff0,0x000000000000000000000000e41bcbd9bb1c964b,67799269,0x581c7ffff2897b08e94fc2ad9f818bce6d5d2ae290c114e98890a39f219894ae,1762850460,2025-11-11T08:41:00.000Z
0xd267519e5d0153d408281c6a2c3d829bb7b33ff0,0x000000000000000000000000e20876db2e981f5b,67799269,0x581c7ffff2897b08e94fc2ad9f818bce6d5d2ae290c114e98890a39f219894ae,1762850460,2025-11-11T08:41:00.000Z
0xd267519e5d0153d408281c6a2c3d829bb7b33ff0,0x000000000000000000000000c352463c8174920d,67799269,0x581c7ffff2897b08e94fc2ad9f818bce6d5d2ae290c114e98890a39f219894ae,1762850460,2025-11-11T08:41:00.000Z
0xd267519e5d0153d408281c6a2c3d829bb7b33ff0,0x000000000000000000000000de5b54362e53ef23,67799269,0x581c7ffff2897b08e94fc2ad9f818bce6d5d2ae290c114e98890a39f219894ae,1762850460,2025-11-11T08:41:00.000Z
0x29a89eef745860275ecdc7ccb81d2a8f94e67f79,0x00000000000000000000000083eedc37aa4c39a8,67812787,0xdcb5c2076e84e00a09436fe45614da107f5ff8fb1ac4bdff2a0c77c0e805e53d,1762860599,2025-11-11T11:29:59.000Z
0x29a89eef745860275ecdc7ccb81d2a8f94e67f79,0x000000000000000000000000a56fc8b4c8661a7f,67812787,0xdcb5c2076e84e00a09436fe45614da107f5ff8fb1ac4bdff2a0c77c0e805e53d,1762860599,2025-11-11T11:29:59.000Z
0x29a89eef745860275ecdc7ccb81d2a8f94e67f79,0x000000000000000000000000a6e5a56dc7ad9033,67812787,0xdcb5c2076e84e00a09436fe45614da107f5ff8fb1ac4bdff2a0c77c0e805e53d,1762860599,2025-11-11T11:29:59.000Z
0x29a89eef745860275ecdc7ccb81d2a8f94e67f79,0x000000000000000000000000de5b54362e53ef23,67812787,0xdcb5c2076e84e00a09436fe45614da107f5ff8fb1ac4bdff2a0c77c0e805e53d,1762860599,2025-11-11T11:29:59.000Z
0x9d674e3c3ee75e63b07c526f6c7f1d13ffd8c41f,0x000000000000000000000000e1147372889c2820,67827540,0x78c3a4f6140f11e896d2fe0ae9bd82dc49b771f9fa143ebfdec3695fd72fff78,1762871666,2025-11-11T14:34:26.000Z
0x9d674e3c3ee75e63b07c526f6c7f1d13ffd8c41f,0x00000000000000000000000041fa7ea2c359a2f0,67827540,0x78c3a4f6140f11e896d2fe0ae9bd82dc49b771f9fa143ebfdec3695fd72fff78,1762871666,2025-11-11T14:34:26.000Z
0x9d674e3c3ee75e63b07c526f6c7f1d13ffd8c41f,0x00000000000000000000000002d32f712712df82,67827540,0x78c3a4f6140f11e896d2fe0ae9bd82dc49b771f9fa143ebfdec3695fd72fff78,1762871666,2025-11-11T14:34:26.000Z
0x9d674e3c3ee75e63b07c526f6c7f1d13ffd8c41f,0x000000000000000000000000de5b54362e53ef23,67827540,0x78c3a4f6140f11e896d2fe0ae9bd82dc49b771f9fa143ebfdec3695fd72fff78,1762871666,2025-11-11T14:34:26.000Z
0xdee63c1e0aac79856ac1b93af191d29c2472aded,0x00000000000000000000000071ebde5f840047b0,67942684,0x7c9f1e80da017c77f04e58396b2ebd34b58728e9702bcba8e27b20a95b42ebda,1762958037,2025-11-12T14:33:57.000Z
0xdee63c1e0aac79856ac1b93af191d29c2472aded,0x000000000000000000000000d422667de1ace07c,67942684,0x7c9f1e80da017c77f04e58396b2ebd34b58728e9702bcba8e27b20a95b42ebda,1762958037,2025-11-12T14:33:57.000Z
0xdee63c1e0aac79856ac1b93af191d29c2472aded,0x0000000000000000000000003426eb0f24a8b176,67942684,0x7c9f1e80da017c77f04e58396b2ebd34b58728e9702bcba8e27b20a95b42ebda,1762958037,2025-11-12T14:33:57.000Z
0xdee63c1e0aac79856ac1b93af191d29c2472aded,0x000000000000000000000000de5b54362e53ef23,67942684,0x7c9f1e80da017c77f04e58396b2ebd34b58728e9702bcba8e27b20a95b42ebda,1762958037,2025-11-12T14:33:57.000Z
0x046ca144ac2e5a34a1d19e0ce9be4f22cbed7366,0x00000000000000000000000071ebde5f840047b0,67944620,0x8ce7c8e49788562138dabb8bd65e4425595e9eee6d06be31230036b567590979,1762959489,2025-11-12T14:58:09.000Z
0x046ca144ac2e5a34a1d19e0ce9be4f22cbed7366,0x000000000000000000000000d422667de1ace07c,67944620,0x8ce7c8e49788562138dabb8bd65e4425595e9eee6d06be31230036b567590979,1762959489,2025-11-12T14:58:09.000Z
0x046ca144ac2e5a34a1d19e0ce9be4f22cbed7366,0x0000000000000000000000003426eb0f24a8b176,67944620,0x8ce7c8e49788562138dabb8bd65e4425595e9eee6d06be31230036b567590979,1762959489,2025-11-12T14:58:09.000Z
0x046ca144ac2e5a34a1d19e0ce9be4f22cbed7366,0x000000000000000000000000de5b54362e53ef23,67944620,0x8ce7c8e49788562138dabb8bd65e4425595e9eee6d06be31230036b567590979,1762959489,2025-11-12T14:58:09.000Z
0x4517bd424aaad3274899daec7ed43210df779ab8,0x00000000000000000000000071ebde5f840047b0,67944721,0x872434aba9cc15e8483866415eb34016690db92a191d6f56103197d55df2504c,1762959564,2025-11-12T14:59:24.000Z
0x4517bd424aaad3274899daec7ed43210df779ab8,0x000000000000000000000000d422667de1ace07c,67944721,0x872434aba9cc15e8483866415eb34016690db92a191d6f56103197d55df2504c,1762959564,2025-11-12T14:59:24.000Z
0x4517bd424aaad3274899daec7ed43210df779ab8,0x0000000000000000000000003426eb0f24a8b176,67944721,0x872434aba9cc15e8483866415eb34016690db92a191d6f56103197d55df2504c,1762959564,2025-11-12T14:59:24.000Z
0x4517bd424aaad3274899daec7ed43210df779ab8,0x000000000000000000000000de5b54362e53ef23,67944721,0x872434aba9cc15e8483866415eb34016690db92a191d6f56103197d55df2504c,1762959564,2025-11-12T14:59:24.000Z
0x297f859223ea795dfea157c86dec888c10c65cb4,0x00000000000000000000000071ebde5f840047b0,67944826,0xa797bfb8617f53723ed4251241e21329e0b47e290ad8c54501ee631b043cbb0c,1762959643,2025-11-12T15:00:43.000Z
0x297f859223ea795dfea157c86dec888c10c65cb4,0x000000000000000000000000d422667de1ace07c,67944826,0xa797bfb8617f53723ed4251241e21329e0b47e290ad8c54501ee631b043cbb0c,1762959643,2025-11-12T15:00:43.000Z
0x297f859223ea795dfea157c86dec888c10c65cb4,0x0000000000000000000000003426eb0f24a8b176,67944826,0xa797bfb8617f53723ed4251241e21329e0b47e290ad8c54501ee631b043cbb0c,1762959643,2025-11-12T15:00:43.000Z
0x297f859223ea795dfea157c86dec888c10c65cb4,0x000000000000000000000000de5b54362e53ef23,67944826,0xa797bfb8617f53723ed4251241e21329e0b47e290ad8c54501ee631b043cbb0c,1762959643,2025-11-12T15:00:43.000Z
0x6eaa291c7f47f94d6fd8d71b1e388c6667c3236f,0x00000000000000000000000071ebde5f840047b0,67944926,0xab39ff808e4c69ae6b4a9790bb10a19f8cfcfeed2eef1898267ac2c32d3c0812,1762959718,2025-11-12T15:01:58.000Z
0x6eaa291c7f47f94d6fd8d71b1e388c6667c3236f,0x000000000000000000000000d422667de1ace07c,67944926,0xab39ff808e4c69ae6b4a9790bb10a19f8cfcfeed2eef1898267ac2c32d3c0812,1762959718,2025-11-12T15:01:58.000Z
0x6eaa291c7f47f94d6fd8d71b1e388c6667c3236f,0x0000000000000000000000003426eb0f24a8b176,67944926,0xab39ff808e4c69ae6b4a9790bb10a19f8cfcfeed2eef1898267ac2c32d3c0812,1762959718,2025-11-12T15:01:58.000Z
0x6eaa291c7f47f94d6fd8d71b1e388c6667c3236f,0x000000000000000000000000de5b54362e53ef23,67944926,0xab39ff808e4c69ae6b4a9790bb10a19f8cfcfeed2eef1898267ac2c32d3c0812,1762959718,2025-11-12T15:01:58.000Z
0x2af79c4a8dfccba434bac751f3f2c0072acc5261,0x00000000000000000000000071ebde5f840047b0,67945545,0x79593bc6e71d66d64cdf75a6c577facc7bc4cba11848367c80e53be0a83b712c,1762960182,2025-11-12T15:09:42.000Z
0x2af79c4a8dfccba434bac751f3f2c0072acc5261,0x000000000000000000000000d422667de1ace07c,67945545,0x79593bc6e71d66d64cdf75a6c577facc7bc4cba11848367c80e53be0a83b712c,1762960182,2025-11-12T15:09:42.000Z
0x2af79c4a8dfccba434bac751f3f2c0072acc5261,0x0000000000000000000000003426eb0f24a8b176,67945545,0x79593bc6e71d66d64cdf75a6c577facc7bc4cba11848367c80e53be0a83b712c,1762960182,2025-11-12T15:09:42.000Z
0x2af79c4a8dfccba434bac751f3f2c0072acc5261,0x000000000000000000000000de5b54362e53ef23,67945545,0x79593bc6e71d66d64cdf75a6c577facc7bc4cba11848367c80e53be0a83b712c,1762960182,2025-11-12T15:09:42.000Z
0x5380cf534c30e9dbbf5c8e2769e3376ae1448a81,0x00000000000000000000000071ebde5f840047b0,67946116,0x3cf363fe64e0aca4735fdf91943b7b12b18a494129f724db5619f1407185e5e2,1762960611,2025-11-12T15:16:51.000Z
0x5380cf534c30e9dbbf5c8e2769e3376ae1448a81,0x000000000000000000000000d422667de1ace07c,67946116,0x3cf363fe64e0aca4735fdf91943b7b12b18a494129f724db5619f1407185e5e2,1762960611,2025-11-12T15:16:51.000Z
0x5380cf534c30e9dbbf5c8e2769e3376ae1448a81,0x0000000000000000000000003426eb0f24a8b176,67946116,0x3cf363fe64e0aca4735fdf91943b7b12b18a494129f724db5619f1407185e5e2,1762960611,2025-11-12T15:16:51.000Z
0x5380cf534c30e9dbbf5c8e2769e3376ae1448a81,0x000000000000000000000000de5b54362e53ef23,67946116,0x3cf363fe64e0aca4735fdf91943b7b12b18a494129f724db5619f1407185e5e2,1762960611,2025-11-12T15:16:51.000Z
0x06503ede42b16fceed07e442762345bdaca25ea1,0x00000000000000000000000071ebde5f840047b0,67947646,0xf06040bde3ae354977a44cfcbdf0e8e49b4e12bd84859c06c06b348c14792525,1762961758,2025-11-12T15:35:58.000Z
0x06503ede42b16fceed07e442762345bdaca25ea1,0x000000000000000000000000d422667de1ace07c,67947646,0xf06040bde3ae354977a44cfcbdf0e8e49b4e12bd84859c06c06b348c14792525,1762961758,2025-11-12T15:35:58.000Z
0x06503ede42b16fceed07e442762345bdaca25ea1,0x0000000000000000000000003426eb0f24a8b176,67947646,0xf06040bde3ae354977a44cfcbdf0e8e49b4e12bd84859c06c06b348c14792525,1762961758,2025-11-12T15:35:58.000Z
0x06503ede42b16fceed07e442762345bdaca25ea1,0x000000000000000000000000de5b54362e53ef23,67947646,0xf06040bde3ae354977a44cfcbdf0e8e49b4e12bd84859c06c06b348c14792525,1762961758,2025-11-12T15:35:58.000Z
0xe33602df7ce9b4d40c13322e1bf9b63cbb90939c,0x0000000000000000000000001a603734036e4f12,68045199,0xd8f6a0309c3040a712577e59f25e6fcf3d0aabf1401a196be125877792da0340,1763034938,2025-11-13T11:55:38.000Z
0xe33602df7ce9b4d40c13322e1bf9b63cbb90939c,0x0000000000000000000000009c8a7c2a74fb948d,68045199,0xd8f6a0309c3040a712577e59f25e6fcf3d0aabf1401a196be125877792da0340,1763034938,2025-11-13T11:55:38.000Z
0xe33602df7ce9b4d40c13322e1bf9b63cbb90939c,0x000000000000000000000000c2f80f1997092bb3,68045199,0xd8f6a0309c3040a712577e59f25e6fcf3d0aabf1401a196be125877792da0340,1763034938,2025-11-13T11:55:38.000Z
0xe33602df7ce9b4d40c13322e1bf9b63cbb90939c,0x000000000000000000000000de5b54362e53ef23,68045199,0xd8f6a0309c3040a712577e59f25e6fcf3d0aabf1401a196be125877792da0340,1763034938,2025-11-13T11:55:38.000Z
0xfb172a1c74a425fa7acf0770a44c36ead2e7f739,0x00000000000000000000000071ebde5f840047b0,68099340,0x6b4cda4e998b23242bb7ea9561b9dc603524cc56c92e2eb68174bd49f6277eb5,1763075553,2025-11-13T23:12:33.000Z
0xfb172a1c74a425fa7acf0770a44c36ead2e7f739,0x000000000000000000000000d422667de1ace07c,68099340,0x6b4cda4e998b23242bb7ea9561b9dc603524cc56c92e2eb68174bd49f6277eb5,1763075553,2025-11-13T23:12:33.000Z
0xfb172a1c74a425fa7acf0770a44c36ead2e7f739,0x0000000000000000000000003426eb0f24a8b176,68099340,0x6b4cda4e998b23242bb7ea9561b9dc603524cc56c92e2eb68174bd49f6277eb5,1763075553,2025-11-13T23:12:33.000Z
0xfb172a1c74a425fa7acf0770a44c36ead2e7f739,0x000000000000000000000000de5b54362e53ef23,68099340,0x6b4cda4e998b23242bb7ea9561b9dc603524cc56c92e2eb68174bd49f6277eb5,1763075553,2025-11-13T23:12:33.000Z
0xb7cfebe094d6f6ac1d87d696c20942d6e8442e88,0x00000000000000000000000071ebde5f840047b0,68137547,0x93a98d8195e7df02fc8700685c59875e45dd3bc6bfba6e1615d0e5b2d8ea92d5,1763104244,2025-11-14T07:10:44.000Z
0xb7cfebe094d6f6ac1d87d696c20942d6e8442e88,0x000000000000000000000000d422667de1ace07c,68137547,0x93a98d8195e7df02fc8700685c59875e45dd3bc6bfba6e1615d0e5b2d8ea92d5,1763104244,2025-11-14T07:10:44.000Z
0xb7cfebe094d6f6ac1d87d696c20942d6e8442e88,0x0000000000000000000000003426eb0f24a8b176,68137547,0x93a98d8195e7df02fc8700685c59875e45dd3bc6bfba6e1615d0e5b2d8ea92d5,1763104244,2025-11-14T07:10:44.000Z
0xb7cfebe094d6f6ac1d87d696c20942d6e8442e88,0x000000000000000000000000de5b54362e53ef23,68137547,0x93a98d8195e7df02fc8700685c59875e45dd3bc6bfba6e1615d0e5b2d8ea92d5,1763104244,2025-11-14T07:10:44.000Z
0x51dc37e2935e806d2f24ea0ef1e3cf08106f042d,0x0000000000000000000000001a603734036e4f12,68174898,0x363dd21b751128d8b1c1e91add3fc967f76a8f1f23acf46b0ee03bb2318a2dde,1763132262,2025-11-14T14:57:42.000Z
0x51dc37e2935e806d2f24ea0ef1e3cf08106f042d,0x0000000000000000000000009c8a7c2a74fb948d,68174898,0x363dd21b751128d8b1c1e91add3fc967f76a8f1f23acf46b0ee03bb2318a2dde,1763132262,2025-11-14T14:57:42.000Z
0x51dc37e2935e806d2f24ea0ef1e3cf08106f042d,0x000000000000000000000000c2f80f1997092bb3,68174898,0x363dd21b751128d8b1c1e91add3fc967f76a8f1f23acf46b0ee03bb2318a2dde,1763132262,2025-11-14T14:57:42.000Z
0x51dc37e2935e806d2f24ea0ef1e3cf08106f042d,0x000000000000000000000000de5b54362e53ef23,68174898,0x363dd21b751128d8b1c1e91add3fc967f76a8f1f23acf46b0ee03bb2318a2dde,1763132262,2025-11-14T14:57:42.000Z
0x0b9c4143366e091ec53463b9c5ee3f48357de9b0,0x00000000000000000000000071ebde5f840047b0,68222208,0xa5c25a5b6bcc9e3640374a52d543ffee69c9b9a0d67f2df53d612e1a88a2df0f,1763167745,2025-11-15T00:49:05.000Z
0x0b9c4143366e091ec53463b9c5ee3f48357de9b0,0x000000000000000000000000d422667de1ace07c,68222208,0xa5c25a5b6bcc9e3640374a52d543ffee69c9b9a0d67f2df53d612e1a88a2df0f,1763167745,2025-11-15T00:49:05.000Z
0x0b9c4143366e091ec53463b9c5ee3f48357de9b0,0x0000000000000000000000003426eb0f24a8b176,68222208,0xa5c25a5b6bcc9e3640374a52d543ffee69c9b9a0d67f2df53d612e1a88a2df0f,1763167745,2025-11-15T00:49:05.000Z
0x0b9c4143366e091ec53463b9c5ee3f48357de9b0,0x000000000000000000000000de5b54362e53ef23,68222208,0xa5c25a5b6bcc9e3640374a52d543ffee69c9b9a0d67f2df53d612e1a88a2df0f,1763167745,2025-11-15T00:49:05.000Z
0x49963163e5428bde72395deaedff1e36e9f0ce4c,0x00000000000000000000000071ebde5f840047b0,68222306,0x8db9554fa791afb05dff3f7c98c23f79e8ac3e2da4e2b991bece7e70e90fea62,1763167819,2025-11-15T00:50:19.000Z
0x49963163e5428bde72395deaedff1e36e9f0ce4c,0x000000000000000000000000d422667de1ace07c,68222306,0x8db9554fa791afb05dff3f7c98c23f79e8ac3e2da4e2b991bece7e70e90fea62,1763167819,2025-11-15T00:50:19.000Z
0x49963163e5428bde72395deaedff1e36e9f0ce4c,0x0000000000000000000000003426eb0f24a8b176,68222306,0x8db9554fa791afb05dff3f7c98c23f79e8ac3e2da4e2b991bece7e70e90fea62,1763167819,2025-11-15T00:50:19.000Z
0x49963163e5428bde72395deaedff1e36e9f0ce4c,0x000000000000000000000000de5b54362e53ef23,68222306,0x8db9554fa791afb05dff3f7c98c23f79e8ac3e2da4e2b991bece7e70e90fea62,1763167819,2025-11-15T00:50:19.000Z
0x86e04e8fd273eb9285751ef7b4b7a57bf155fdf8,0x00000000000000000000000071ebde5f840047b0,68223112,0x8706d2217638fe70c5595737c9b7fbb315e2060af6c713d6994f7817becccca1,1763168423,2025-11-15T01:00:23.000Z
0x86e04e8fd273eb9285751ef7b4b7a57bf155fdf8,0x000000000000000000000000d422667de1ace07c,68223112,0x8706d2217638fe70c5595737c9b7fbb315e2060af6c713d6994f7817becccca1,1763168423,2025-11-15T01:00:23.000Z
0x86e04e8fd273eb9285751ef7b4b7a57bf155fdf8,0x0000000000000000000000003426eb0f24a8b176,68223112,0x8706d2217638fe70c5595737c9b7fbb315e2060af6c713d6994f7817becccca1,1763168423,2025-11-15T01:00:23.000Z
0x86e04e8fd273eb9285751ef7b4b7a57bf155fdf8,0x000000000000000000000000de5b54362e53ef23,68223112,0x8706d2217638fe70c5595737c9b7fbb315e2060af6c713d6994f7817becccca1,1763168423,2025-11-15T01:00:23.000Z
0xa4a95f1feefc753ecc84ed21bd3f0dd177758aca,0x0000000000000000000000001a603734036e4f12,68231379,0x77f1e035feec9ab1e03ba629aaf0e4af096251dabf68f5845cab728c1bb1d7c3,1763174624,2025-11-15T02:43:44.000Z
0xa4a95f1feefc753ecc84ed21bd3f0dd177758aca,0x0000000000000000000000009c8a7c2a74fb948d,68231379,0x77f1e035feec9ab1e03ba629aaf0e4af096251dabf68f5845cab728c1bb1d7c3,1763174624,2025-11-15T02:43:44.000Z
0xa4a95f1feefc753ecc84ed21bd3f0dd177758aca,0x000000000000000000000000c2f80f1997092bb3,68231379,0x77f1e035feec9ab1e03ba629aaf0e4af096251dabf68f5845cab728c1bb1d7c3,1763174624,2025-11-15T02:43:44.000Z
0xa4a95f1feefc753ecc84ed21bd3f0dd177758aca,0x000000000000000000000000de5b54362e53ef23,68231379,0x77f1e035feec9ab1e03ba629aaf0e4af096251dabf68f5845cab728c1bb1d7c3,1763174624,2025-11-15T02:43:44.000Z
0x1e6c5f5559e43ab4f0b3315dec60ab59efc40d36,0x00000000000000000000000071ebde5f840047b0,68240049,0xcad595f846b541fea7a8fcae3dd23bd48d9f7a699fbdea76ae27616857e55de8,1763181127,2025-11-15T04:32:07.000Z
0x1e6c5f5559e43ab4f0b3315dec60ab59efc40d36,0x000000000000000000000000d422667de1ace07c,68240049,0xcad595f846b541fea7a8fcae3dd23bd48d9f7a699fbdea76ae27616857e55de8,1763181127,2025-11-15T04:32:07.000Z
0x1e6c5f5559e43ab4f0b3315dec60ab59efc40d36,0x0000000000000000000000003426eb0f24a8b176,68240049,0xcad595f846b541fea7a8fcae3dd23bd48d9f7a699fbdea76ae27616857e55de8,1763181127,2025-11-15T04:32:07.000Z
0x1e6c5f5559e43ab4f0b3315dec60ab59efc40d36,0x000000000000000000000000de5b54362e53ef23,68240049,0xcad595f846b541fea7a8fcae3dd23bd48d9f7a699fbdea76ae27616857e55de8,1763181127,2025-11-15T04:32:07.000Z
0x4f9f191dd9afa33bf513b330bf225d6eea785fec,0x000000000000000000000000e9d95fd020bf2d72,68274740,0x2ae349d1972e7643242ab028d6af276b6b0ae0ba3176373959609ffdaf82784e,1763207148,2025-11-15T11:45:48.000Z
0x4f9f191dd9afa33bf513b330bf225d6eea785fec,0x000000000000000000000000685e3b99a1fa5d57,68274740,0x2ae349d1972e7643242ab028d6af276b6b0ae0ba3176373959609ffdaf82784e,1763207148,2025-11-15T11:45:48.000Z
0x4f9f191dd9afa33bf513b330bf225d6eea785fec,0x000000000000000000000000be7509064574892c,68274740,0x2ae349d1972e7643242ab028d6af276b6b0ae0ba3176373959609ffdaf82784e,1763207148,2025-11-15T11:45:48.000Z
0x4f9f191dd9afa33bf513b330bf225d6eea785fec,0x000000000000000000000000de5b54362e53ef23,68274740,0x2ae349d1972e7643242ab028d6af276b6b0ae0ba3176373959609ffdaf82784e,1763207148,2025-11-15T11:45:48.000Z
0x170d34e8548898ebafcf82f96ea69c620bf0d506,0x000000000000000000000000f8168d7b6f69d948,68292042,0x4b2e9373982a5b1159cfd508f3d5b7eb623f11a12e1b0831581c8a51401cf35b,1763220125,2025-11-15T15:22:05.000Z
0x170d34e8548898ebafcf82f96ea69c620bf0d506,0x000000000000000000000000ca6e0c7f0e524d41,68292042,0x4b2e9373982a5b1159cfd508f3d5b7eb623f11a12e1b0831581c8a51401cf35b,1763220125,2025-11-15T15:22:05.000Z
0x170d34e8548898ebafcf82f96ea69c620bf0d506,0x0000000000000000000000001b49e177b8dfe3fe,68292042,0x4b2e9373982a5b1159cfd508f3d5b7eb623f11a12e1b0831581c8a51401cf35b,1763220125,2025-11-15T15:22:05.000Z
0x170d34e8548898ebafcf82f96ea69c620bf0d506,0x000000000000000000000000de5b54362e53ef23,68292042,0x4b2e9373982a5b1159cfd508f3d5b7eb623f11a12e1b0831581c8a51401cf35b,1763220125,2025-11-15T15:22:05.000Z
0xc806037f31f8cc910dc78f00df57039fc101ff37,0x000000000000000000000000842cdd2a6be2452e,68298373,0xe898a3409f13aa4b6136aa3e481d6dbc625825b3f147599991b0b441a934d66d,1763224873,2025-11-15T16:41:13.000Z
0xc806037f31f8cc910dc78f00df57039fc101ff37,0x000000000000000000000000eb0a38a05b4cf356,68298373,0xe898a3409f13aa4b6136aa3e481d6dbc625825b3f147599991b0b441a934d66d,1763224873,2025-11-15T16:41:13.000Z
0xc806037f31f8cc910dc78f00df57039fc101ff37,0x0000000000000000000000005c2379feb7e0380d,68298373,0xe898a3409f13aa4b6136aa3e481d6dbc625825b3f147599991b0b441a934d66d,1763224873,2025-11-15T16:41:13.000Z
0xc806037f31f8cc910dc78f00df57039fc101ff37,0x000000000000000000000000de5b54362e53ef23,68298373,0xe898a3409f13aa4b6136aa3e481d6dbc625825b3f147599991b0b441a934d66d,1763224873,2025-11-15T16:41:13.000Z
0x70a9ec438ffc55335a1829aeea269561a3b0b931,0x000000000000000000000000509aad7bc34a1474,68365242,0xc23b80a5a0da649f9aa5b1f730eec9f7f177cdbc180289deb153559644e796ad,1763275029,2025-11-16T06:37:09.000Z
0x70a9ec438ffc55335a1829aeea269561a3b0b931,0x0000000000000000000000005650f8b5615715fa,68365242,0xc23b80a5a0da649f9aa5b1f730eec9f7f177cdbc180289deb153559644e796ad,1763275029,2025-11-16T06:37:09.000Z
0x70a9ec438ffc55335a1829aeea269561a3b0b931,0x0000000000000000000000008d66facd7673f48c,68365242,0xc23b80a5a0da649f9aa5b1f730eec9f7f177cdbc180289deb153559644e796ad,1763275029,2025-11-16T06:37:09.000Z
0x70a9ec438ffc55335a1829aeea269561a3b0b931,0x000000000000000000000000de5b54362e53ef23,68365242,0xc23b80a5a0da649f9aa5b1f730eec9f7f177cdbc180289deb153559644e796ad,1763275029,2025-11-16T06:37:09.000Z
0x0372371a6b0b9ce85e40a4e111243bac4e5b36b3,0x000000000000000000000000c0db02f3b35ee917,68365729,0x072418273358da47799b2f5477734864231ede7e701a399929517645d59a84e1,1763275394,2025-11-16T06:43:14.000Z
0x0372371a6b0b9ce85e40a4e111243bac4e5b36b3,0x000000000000000000000000509aad7bc34a1474,68365729,0x072418273358da47799b2f5477734864231ede7e701a399929517645d59a84e1,1763275394,2025-11-16T06:43:14.000Z
0x0372371a6b0b9ce85e40a4e111243bac4e5b36b3,0x0000000000000000000000005650f8b5615715fa,68365729,0x072418273358da47799b2f5477734864231ede7e701a399929517645d59a84e1,1763275394,2025-11-16T06:43:14.000Z
0x0372371a6b0b9ce85e40a4e111243bac4e5b36b3,0x000000000000000000000000de5b54362e53ef23,68365729,0x072418273358da47799b2f5477734864231ede7e701a399929517645d59a84e1,1763275394,2025-11-16T06:43:14.000Z
0x2fe89d9b051f62efdd66a5e7da7aba5193bb21a3,0x000000000000000000000000ceba129e0462c7e5,68376583,0x0f5c8c999487e8941b07b296f73205cfa27d4c15067f5354ee669ff234e03de0,1763283536,2025-11-16T08:58:56.000Z
0x2fe89d9b051f62efdd66a5e7da7aba5193bb21a3,0x000000000000000000000000c0db02f3b35ee917,68376583,0x0f5c8c999487e8941b07b296f73205cfa27d4c15067f5354ee669ff234e03de0,1763283536,2025-11-16T08:58:56.000Z
0x2fe89d9b051f62efdd66a5e7da7aba5193bb21a3,0x000000000000000000000000509aad7bc34a1474,68376583,0x0f5c8c999487e8941b07b296f73205cfa27d4c15067f5354ee669ff234e03de0,1763283536,2025-11-16T08:58:56.000Z
0x2fe89d9b051f62efdd66a5e7da7aba5193bb21a3,0x000000000000000000000000de5b54362e53ef23,68376583,0x0f5c8c999487e8941b07b296f73205cfa27d4c15067f5354ee669ff234e03de0,1763283536,2025-11-16T08:58:56.000Z
0xc1a570162314b7123498fd962dcdf4469e19c1cf,0x00000000000000000000000026c51b7453f4982c,68491967,0xc63c9c91bfed2721da4469c65a0377389ca2639e54fa7bc2a1b8869b25320054,1763370080,2025-11-17T09:01:20.000Z
0xc1a570162314b7123498fd962dcdf4469e19c1cf,0x000000000000000000000000602af2ace0e2f895,68491967,0xc63c9c91bfed2721da4469c65a0377389ca2639e54fa7bc2a1b8869b25320054,1763370080,2025-11-17T09:01:20.000Z
0xc1a570162314b7123498fd962dcdf4469e19c1cf,0x0000000000000000000000002b3bc5a945059f77,68491967,0xc63c9c91bfed2721da4469c65a0377389ca2639e54fa7bc2a1b8869b25320054,1763370080,2025-11-17T09:01:20.000Z
0xc1a570162314b7123498fd962dcdf4469e19c1cf,0x000000000000000000000000de5b54362e53ef23,68491967,0xc63c9c91bfed2721da4469c65a0377389ca2639e54fa7bc2a1b8869b25320054,1763370080,2025-11-17T09:01:20.000Z
0xa25a69e702e754b37aec57d4097d27d9cdeb67a0,0x000000000000000000000000e9d95fd020bf2d72,68521894,0x8004b53364683517831cb502a1c32aa55b02f2e79c12bb48d0a45f2aa618df69,1763392529,2025-11-17T15:15:29.000Z
0xa25a69e702e754b37aec57d4097d27d9cdeb67a0,0x000000000000000000000000685e3b99a1fa5d57,68521894,0x8004b53364683517831cb502a1c32aa55b02f2e79c12bb48d0a45f2aa618df69,1763392529,2025-11-17T15:15:29.000Z
0xa25a69e702e754b37aec57d4097d27d9cdeb67a0,0x000000000000000000000000be7509064574892c,68521894,0x8004b53364683517831cb502a1c32aa55b02f2e79c12bb48d0a45f2aa618df69,1763392529,2025-11-17T15:15:29.000Z
0xa25a69e702e754b37aec57d4097d27d9cdeb67a0,0x000000000000000000000000de5b54362e53ef23,68521894,0x8004b53364683517831cb502a1c32aa55b02f2e79c12bb48d0a45f2aa618df69,1763392529,2025-11-17T15:15:29.000Z
0x60e6f6eeec43f4ab5e9f05d56175633b12272cd5,0x00000000000000000000000096f622333b839d3d,68612093,0x0b5b4d5dbfbdf188487f627d93e850beae2372a5ae4ce7998ec12cb33535398a,1763460184,2025-11-18T10:03:04.000Z
0x60e6f6eeec43f4ab5e9f05d56175633b12272cd5,0x0000000000000000000000006d3609a12043389b,68612093,0x0b5b4d5dbfbdf188487f627d93e850beae2372a5ae4ce7998ec12cb33535398a,1763460184,2025-11-18T10:03:04.000Z
0x60e6f6eeec43f4ab5e9f05d56175633b12272cd5,0x000000000000000000000000d27ad3b5141e2b3c,68612093,0x0b5b4d5dbfbdf188487f627d93e850beae2372a5ae4ce7998ec12cb33535398a,1763460184,2025-11-18T10:03:04.000Z
0x60e6f6eeec43f4ab5e9f05d56175633b12272cd5,0x000000000000000000000000de5b54362e53ef23,68612093,0x0b5b4d5dbfbdf188487f627d93e850beae2372a5ae4ce7998ec12cb33535398a,1763460184,2025-11-18T10:03:04.000Z
0xb0e4e499946f1cb72f1708ef699a3450c82caba6,0x000000000000000000000000e9d95fd020bf2d72,68614365,0xc27a38f21772c9768043ab07c7e7a843004fb0f6c92b0b051841eb75a8e0afa4,1763461888,2025-11-18T10:31:28.000Z
0xb0e4e499946f1cb72f1708ef699a3450c82caba6,0x000000000000000000000000685e3b99a1fa5d57,68614365,0xc27a38f21772c9768043ab07c7e7a843004fb0f6c92b0b051841eb75a8e0afa4,1763461888,2025-11-18T10:31:28.000Z
0xb0e4e499946f1cb72f1708ef699a3450c82caba6,0x000000000000000000000000be7509064574892c,68614365,0xc27a38f21772c9768043ab07c7e7a843004fb0f6c92b0b051841eb75a8e0afa4,1763461888,2025-11-18T10:31:28.000Z
0xb0e4e499946f1cb72f1708ef699a3450c82caba6,0x000000000000000000000000de5b54362e53ef23,68614365,0xc27a38f21772c9768043ab07c7e7a843004fb0f6c92b0b051841eb75a8e0afa4,1763461888,2025-11-18T10:31:28.000Z
0xb9490ace934736febfb60d15611a645240fe9635,0x000000000000000000000000e5ed4bf5473997b7,68625252,0x52352d88a8cd20aac6a6f5210d29baa430bb392dd911110c486f502f6dc61bab,1763470054,2025-11-18T12:47:34.000Z
0xb9490ace934736febfb60d15611a645240fe9635,0x000000000000000000000000b78e4f8640d662b1,68625252,0x52352d88a8cd20aac6a6f5210d29baa430bb392dd911110c486f502f6dc61bab,1763470054,2025-11-18T12:47:34.000Z
0xb9490ace934736febfb60d15611a645240fe9635,0x000000000000000000000000195fd033be64ef32,68625252,0x52352d88a8cd20aac6a6f5210d29baa430bb392dd911110c486f502f6dc61bab,1763470054,2025-11-18T12:47:34.000Z
0xb9490ace934736febfb60d15611a645240fe9635,0x000000000000000000000000de5b54362e53ef23,68625252,0x52352d88a8cd20aac6a6f5210d29baa430bb392dd911110c486f502f6dc61bab,1763470054,2025-11-18T12:47:34.000Z
0xeee0d547918a184edb737c65c0dabe08f601ce3b,0x000000000000000000000000b0e4e499946f1cb7,68627679,0xccc53915c328840f6ab5cb873eb6099eec5d5f4c4865d0a485804179735fde00,1763471875,2025-11-18T13:17:55.000Z
0xeee0d547918a184edb737c65c0dabe08f601ce3b,0x000000000000000000000000e9d95fd020bf2d72,68627679,0xccc53915c328840f6ab5cb873eb6099eec5d5f4c4865d0a485804179735fde00,1763471875,2025-11-18T13:17:55.000Z
0xeee0d547918a184edb737c65c0dabe08f601ce3b,0x000000000000000000000000685e3b99a1fa5d57,68627679,0xccc53915c328840f6ab5cb873eb6099eec5d5f4c4865d0a485804179735fde00,1763471875,2025-11-18T13:17:55.000Z
0xeee0d547918a184edb737c65c0dabe08f601ce3b,0x000000000000000000000000de5b54362e53ef23,68627679,0xccc53915c328840f6ab5cb873eb6099eec5d5f4c4865d0a485804179735fde00,1763471875,2025-11-18T13:17:55.000Z
0x126e16f19eebf3bf065d3c593da89a1191f78ecc,0x000000000000000000000000d474491536979588,68630637,0x5489650f02e2e2cab9a69f634789f46b285279cff5855f0a342a566859f274e1,1763474094,2025-11-18T13:54:54.000Z
0x126e16f19eebf3bf065d3c593da89a1191f78ecc,0x000000000000000000000000651f24ebbe57969d,68630637,0x5489650f02e2e2cab9a69f634789f46b285279cff5855f0a342a566859f274e1,1763474094,2025-11-18T13:54:54.000Z
0x126e16f19eebf3bf065d3c593da89a1191f78ecc,0x000000000000000000000000feeb76b397084cfe,68630637,0x5489650f02e2e2cab9a69f634789f46b285279cff5855f0a342a566859f274e1,1763474094,2025-11-18T13:54:54.000Z
0x126e16f19eebf3bf065d3c593da89a1191f78ecc,0x000000000000000000000000de5b54362e53ef23,68630637,0x5489650f02e2e2cab9a69f634789f46b285279cff5855f0a342a566859f274e1,1763474094,2025-11-18T13:54:54.000Z
0xe548a2cc0ff672fbecc90e833dee9bff428d2d32,0x000000000000000000000000d474491536979588,68648721,0x1167830248deae6e521377608756ad3a6541687440ad78800cb2bd7a49ac54bd,1763487659,2025-11-18T17:40:59.000Z
0xe548a2cc0ff672fbecc90e833dee9bff428d2d32,0x000000000000000000000000651f24ebbe57969d,68648721,0x1167830248deae6e521377608756ad3a6541687440ad78800cb2bd7a49ac54bd,1763487659,2025-11-18T17:40:59.000Z
0xe548a2cc0ff672fbecc90e833dee9bff428d2d32,0x000000000000000000000000feeb76b397084cfe,68648721,0x1167830248deae6e521377608756ad3a6541687440ad78800cb2bd7a49ac54bd,1763487659,2025-11-18T17:40:59.000Z
0xe548a2cc0ff672fbecc90e833dee9bff428d2d32,0x000000000000000000000000de5b54362e53ef23,68648721,0x1167830248deae6e521377608756ad3a6541687440ad78800cb2bd7a49ac54bd,1763487659,2025-11-18T17:40:59.000Z
0x38f84f4ed913e8cebb2c51494f48e9066aad5b44,0x000000000000000000000000d474491536979588,68649177,0x8be23b8cf5128a674974a2a97f8dbec689a60b01b505c1306f9c7e915836f9b3,1763488001,2025-11-18T17:46:41.000Z
0x38f84f4ed913e8cebb2c51494f48e9066aad5b44,0x000000000000000000000000651f24ebbe57969d,68649177,0x8be23b8cf5128a674974a2a97f8dbec689a60b01b505c1306f9c7e915836f9b3,1763488001,2025-11-18T17:46:41.000Z
0x38f84f4ed913e8cebb2c51494f48e9066aad5b44,0x000000000000000000000000feeb76b397084cfe,68649177,0x8be23b8cf5128a674974a2a97f8dbec689a60b01b505c1306f9c7e915836f9b3,1763488001,2025-11-18T17:46:41.000Z
0x38f84f4ed913e8cebb2c51494f48e9066aad5b44,0x000000000000000000000000de5b54362e53ef23,68649177,0x8be23b8cf5128a674974a2a97f8dbec689a60b01b505c1306f9c7e915836f9b3,1763488001,2025-11-18T17:46:41.000Z
0x67b17c6e4e8d930462bbe5daa9335ea0ed0de919,0x000000000000000000000000126e16f19eebf3bf,68651065,0x8cd1c2b46006ec2d3d442d0357b0bbef6648311dcfa055abe131ea1b36fa527d,1763489417,2025-11-18T18:10:17.000Z
0x67b17c6e4e8d930462bbe5daa9335ea0ed0de919,0x000000000000000000000000d474491536979588,68651065,0x8cd1c2b46006ec2d3d442d0357b0bbef6648311dcfa055abe131ea1b36fa527d,1763489417,2025-11-18T18:10:17.000Z
0x67b17c6e4e8d930462bbe5daa9335ea0ed0de919,0x000000000000000000000000651f24ebbe57969d,68651065,0x8cd1c2b46006ec2d3d442d0357b0bbef6648311dcfa055abe131ea1b36fa527d,1763489417,2025-11-18T18:10:17.000Z
0x67b17c6e4e8d930462bbe5daa9335ea0ed0de919,0x000000000000000000000000de5b54362e53ef23,68651065,0x8cd1c2b46006ec2d3d442d0357b0bbef6648311dcfa055abe131ea1b36fa527d,1763489417,2025-11-18T18:10:17.000Z
0x86670e85124439969fb72e7e9b812fbcb3549f35,0x000000000000000000000000b9490ace934736fe,68723060,0x9eaddadbfce71b127a3418964429aa755b47ebafc05cf18943a863af303f85e9,1763543417,2025-11-19T09:10:17.000Z
0x86670e85124439969fb72e7e9b812fbcb3549f35,0x000000000000000000000000e5ed4bf5473997b7,68723060,0x9eaddadbfce71b127a3418964429aa755b47ebafc05cf18943a863af303f85e9,1763543417,2025-11-19T09:10:17.000Z
0x86670e85124439969fb72e7e9b812fbcb3549f35,0x000000000000000000000000b78e4f8640d662b1,68723060,0x9eaddadbfce71b127a3418964429aa755b47ebafc05cf18943a863af303f85e9,1763543417,2025-11-19T09:10:17.000Z
0x86670e85124439969fb72e7e9b812fbcb3549f35,0x000000000000000000000000de5b54362e53ef23,68723060,0x9eaddadbfce71b127a3418964429aa755b47ebafc05cf18943a863af303f85e9,1763543417,2025-11-19T09:10:17.000Z
0x2a605796d472f9066b9fe417ee98827cb935bf99,0x000000000000000000000000b0e4e499946f1cb7,68885830,0x55ce63d40fbc63b544f8bdad06b3b80c32e8281a432e45fb0d939576256b5bf9,1763665688,2025-11-20T19:08:08.000Z
0x2a605796d472f9066b9fe417ee98827cb935bf99,0x000000000000000000000000e9d95fd020bf2d72,68885830,0x55ce63d40fbc63b544f8bdad06b3b80c32e8281a432e45fb0d939576256b5bf9,1763665688,2025-11-20T19:08:08.000Z
0x2a605796d472f9066b9fe417ee98827cb935bf99,0x000000000000000000000000685e3b99a1fa5d57,68885830,0x55ce63d40fbc63b544f8bdad06b3b80c32e8281a432e45fb0d939576256b5bf9,1763665688,2025-11-20T19:08:08.000Z
0x2a605796d472f9066b9fe417ee98827cb935bf99,0x000000000000000000000000de5b54362e53ef23,68885830,0x55ce63d40fbc63b544f8bdad06b3b80c32e8281a432e45fb0d939576256b5bf9,1763665688,2025-11-20T19:08:08.000Z
0x4e7f20ab8201cca1b6b20004143705327e4f8e4d,0x00000000000000000000000015ade19111a3e80f,68924546,0x2f55920d8650174b50a6aa781d4c4d37a092ba589d17263143e410d513ae216b,1763694725,2025-11-21T03:12:05.000Z
0x4e7f20ab8201cca1b6b20004143705327e4f8e4d,0x0000000000000000000000006ffeb2bfc1f2c9d1,68924546,0x2f55920d8650174b50a6aa781d4c4d37a092ba589d17263143e410d513ae216b,1763694725,2025-11-21T03:12:05.000Z
0x4e7f20ab8201cca1b6b20004143705327e4f8e4d,0x00000000000000000000000088ecbcc049b7d047,68924546,0x2f55920d8650174b50a6aa781d4c4d37a092ba589d17263143e410d513ae216b,1763694725,2025-11-21T03:12:05.000Z
0x4e7f20ab8201cca1b6b20004143705327e4f8e4d,0x000000000000000000000000de5b54362e53ef23,68924546,0x2f55920d8650174b50a6aa781d4c4d37a092ba589d17263143e410d513ae216b,1763694725,2025-11-21T03:12:05.000Z
0xc191b3dbb97105fcfea576c262c04aa58eace4db,0x000000000000000000000000b0e4e499946f1cb7,68969831,0x7a37121bca1629cea0f99e403f7d6bfba959d6db367a202c4f45603171e19a50,1763728692,2025-11-21T12:38:12.000Z
0xc191b3dbb97105fcfea576c262c04aa58eace4db,0x000000000000000000000000e9d95fd020bf2d72,68969831,0x7a37121bca1629cea0f99e403f7d6bfba959d6db367a202c4f45603171e19a50,1763728692,2025-11-21T12:38:12.000Z
0xc191b3dbb97105fcfea576c262c04aa58eace4db,0x000000000000000000000000685e3b99a1fa5d57,68969831,0x7a37121bca1629cea0f99e403f7d6bfba959d6db367a202c4f45603171e19a50,1763728692,2025-11-21T12:38:12.000Z
0xc191b3dbb97105fcfea576c262c04aa58eace4db,0x000000000000000000000000de5b54362e53ef23,68969831,0x7a37121bca1629cea0f99e403f7d6bfba959d6db367a202c4f45603171e19a50,1763728692,2025-11-21T12:38:12.000Z
0x0ae2f95918b1bcf66364f191d58ab74af7efb30e,0x000000000000000000000000a56fc8b4c8661a7f,69093170,0xfd4f059c797adafb07f2a59cd3fef4351217c9047bd9e73dd03d8d77ae944665,1763821203,2025-11-22T14:20:03.000Z
0x0ae2f95918b1bcf66364f191d58ab74af7efb30e,0x000000000000000000000000a6e5a56dc7ad9033,69093170,0xfd4f059c797adafb07f2a59cd3fef4351217c9047bd9e73dd03d8d77ae944665,1763821203,2025-11-22T14:20:03.000Z
0x0ae2f95918b1bcf66364f191d58ab74af7efb30e,0x000000000000000000000000d6ecbc0d6e1902db,69093170,0xfd4f059c797adafb07f2a59cd3fef4351217c9047bd9e73dd03d8d77ae944665,1763821203,2025-11-22T14:20:03.000Z
0x0ae2f95918b1bcf66364f191d58ab74af7efb30e,0x000000000000000000000000de5b54362e53ef23,69093170,0xfd4f059c797adafb07f2a59cd3fef4351217c9047bd9e73dd03d8d77ae944665,1763821203,2025-11-22T14:20:03.000Z
0x4da5c64f6ed683a3458b49ea6c83afa113745d66,0x0000000000000000000000000ae2f95918b1bcf6,69093941,0xc86124d9924cab4d4afd66cb51a03e659d22c69f09987d48e1dc14098db98bf3,1763821781,2025-11-22T14:29:41.000Z
0x4da5c64f6ed683a3458b49ea6c83afa113745d66,0x000000000000000000000000a56fc8b4c8661a7f,69093941,0xc86124d9924cab4d4afd66cb51a03e659d22c69f09987d48e1dc14098db98bf3,1763821781,2025-11-22T14:29:41.000Z
0x4da5c64f6ed683a3458b49ea6c83afa113745d66,0x000000000000000000000000a6e5a56dc7ad9033,69093941,0xc86124d9924cab4d4afd66cb51a03e659d22c69f09987d48e1dc14098db98bf3,1763821781,2025-11-22T14:29:41.000Z
0x4da5c64f6ed683a3458b49ea6c83afa113745d66,0x000000000000000000000000de5b54362e53ef23,69093941,0xc86124d9924cab4d4afd66cb51a03e659d22c69f09987d48e1dc14098db98bf3,1763821781,2025-11-22T14:29:41.000Z
0xbffdb4ca8bd36c9e3be593414bffa8bb3b1d61a3,0x000000000000000000000000b0e4e499946f1cb7,69111070,0xd079a4de84391492dfc2699f70fa55c5be94cda0531e5d0aadad8f9a74d91bd4,1763834629,2025-11-22T18:03:49.000Z
0xbffdb4ca8bd36c9e3be593414bffa8bb3b1d61a3,0x000000000000000000000000e9d95fd020bf2d72,69111070,0xd079a4de84391492dfc2699f70fa55c5be94cda0531e5d0aadad8f9a74d91bd4,1763834629,2025-11-22T18:03:49.000Z
0xbffdb4ca8bd36c9e3be593414bffa8bb3b1d61a3,0x000000000000000000000000685e3b99a1fa5d57,69111070,0xd079a4de84391492dfc2699f70fa55c5be94cda0531e5d0aadad8f9a74d91bd4,1763834629,2025-11-22T18:03:49.000Z
0xbffdb4ca8bd36c9e3be593414bffa8bb3b1d61a3,0x000000000000000000000000de5b54362e53ef23,69111070,0xd079a4de84391492dfc2699f70fa55c5be94cda0531e5d0aadad8f9a74d91bd4,1763834629,2025-11-22T18:03:49.000Z
0x8e2d59bc25052046117a5bc721c50ccad0cd0570,0x0000000000000000000000004da5c64f6ed683a3,69184226,0xc8f70357051c6b0130e427749bd4824fa3c6fbf8671c4c8be3043d2e15f56d8e,1763889498,2025-11-23T09:18:18.000Z
0x8e2d59bc25052046117a5bc721c50ccad0cd0570,0x0000000000000000000000000ae2f95918b1bcf6,69184226,0xc8f70357051c6b0130e427749bd4824fa3c6fbf8671c4c8be3043d2e15f56d8e,1763889498,2025-11-23T09:18:18.000Z
0x8e2d59bc25052046117a5bc721c50ccad0cd0570,0x000000000000000000000000a56fc8b4c8661a7f,69184226,0xc8f70357051c6b0130e427749bd4824fa3c6fbf8671c4c8be3043d2e15f56d8e,1763889498,2025-11-23T09:18:18.000Z
0x8e2d59bc25052046117a5bc721c50ccad0cd0570,0x000000000000000000000000de5b54362e53ef23,69184226,0xc8f70357051c6b0130e427749bd4824fa3c6fbf8671c4c8be3043d2e15f56d8e,1763889498,2025-11-23T09:18:18.000Z
0x977e97f9a708031e2422035519eba370f8b95c3f,0x0000000000000000000000008e2d59bc25052046,69184880,0xba36263b22c054d064b6dc506f85e735f75bc2a364215bec9669d6b5ef505323,1763889988,2025-11-23T09:26:28.000Z
0x977e97f9a708031e2422035519eba370f8b95c3f,0x0000000000000000000000004da5c64f6ed683a3,69184880,0xba36263b22c054d064b6dc506f85e735f75bc2a364215bec9669d6b5ef505323,1763889988,2025-11-23T09:26:28.000Z
0x977e97f9a708031e2422035519eba370f8b95c3f,0x0000000000000000000000000ae2f95918b1bcf6,69184880,0xba36263b22c054d064b6dc506f85e735f75bc2a364215bec9669d6b5ef505323,1763889988,2025-11-23T09:26:28.000Z
0x977e97f9a708031e2422035519eba370f8b95c3f,0x000000000000000000000000de5b54362e53ef23,69184880,0xba36263b22c054d064b6dc506f85e735f75bc2a364215bec9669d6b5ef505323,1763889988,2025-11-23T09:26:28.000Z
0x81971fa4d7142e838cb5d6896073f79caaefb120,0x000000000000000000000000b0e4e499946f1cb7,69187150,0x11c5c10b0754552f4676efbfbefc7e890d44ed0f26b495e207e435ad8e5a6db2,1763891691,2025-11-23T09:54:51.000Z
0x81971fa4d7142e838cb5d6896073f79caaefb120,0x000000000000000000000000e9d95fd020bf2d72,69187150,0x11c5c10b0754552f4676efbfbefc7e890d44ed0f26b495e207e435ad8e5a6db2,1763891691,2025-11-23T09:54:51.000Z
0x81971fa4d7142e838cb5d6896073f79caaefb120,0x000000000000000000000000685e3b99a1fa5d57,69187150,0x11c5c10b0754552f4676efbfbefc7e890d44ed0f26b495e207e435ad8e5a6db2,1763891691,2025-11-23T09:54:51.000Z
0x81971fa4d7142e838cb5d6896073f79caaefb120,0x000000000000000000000000de5b54362e53ef23,69187150,0x11c5c10b0754552f4676efbfbefc7e890d44ed0f26b495e207e435ad8e5a6db2,1763891691,2025-11-23T09:54:51.000Z
0xe116537c4a1d4670761dc23f7fbf1a02e7b64e3d,0x000000000000000000000000d474491536979588,69417249,0x3265fb1af45f144bada5364558539c5f2e9b9f880ce105c70bfdce6796111cd5,1764064307,2025-11-25T09:51:47.000Z
0xe116537c4a1d4670761dc23f7fbf1a02e7b64e3d,0x000000000000000000000000651f24ebbe57969d,69417249,0x3265fb1af45f144bada5364558539c5f2e9b9f880ce105c70bfdce6796111cd5,1764064307,2025-11-25T09:51:47.000Z
0xe116537c4a1d4670761dc23f7fbf1a02e7b64e3d,0x000000000000000000000000feeb76b397084cfe,69417249,0x3265fb1af45f144bada5364558539c5f2e9b9f880ce105c70bfdce6796111cd5,1764064307,2025-11-25T09:51:47.000Z
0xe116537c4a1d4670761dc23f7fbf1a02e7b64e3d,0x000000000000000000000000de5b54362e53ef23,69417249,0x3265fb1af45f144bada5364558539c5f2e9b9f880ce105c70bfdce6796111cd5,1764064307,2025-11-25T09:51:47.000Z
0x10558b5a8757d5d5cc40229f6b7e2b346b605707,0x000000000000000000000000d474491536979588,69525258,0x67cd2f2f5a77d867197b67e11c062fc7b9b73eb2664b7c8eb62dc995b112f04d,1764145320,2025-11-26T08:22:00.000Z
0x10558b5a8757d5d5cc40229f6b7e2b346b605707,0x000000000000000000000000651f24ebbe57969d,69525258,0x67cd2f2f5a77d867197b67e11c062fc7b9b73eb2664b7c8eb62dc995b112f04d,1764145320,2025-11-26T08:22:00.000Z
0x10558b5a8757d5d5cc40229f6b7e2b346b605707,0x000000000000000000000000feeb76b397084cfe,69525258,0x67cd2f2f5a77d867197b67e11c062fc7b9b73eb2664b7c8eb62dc995b112f04d,1764145320,2025-11-26T08:22:00.000Z
0x10558b5a8757d5d5cc40229f6b7e2b346b605707,0x000000000000000000000000de5b54362e53ef23,69525258,0x67cd2f2f5a77d867197b67e11c062fc7b9b73eb2664b7c8eb62dc995b112f04d,1764145320,2025-11-26T08:22:00.000Z
0xef74b79f9ea21a87017b58f15900ad2abe1b5f0c,0x000000000000000000000000d474491536979588,69663877,0xd6fc6d82398273e68222d89bdba9f96b36538fc9dd80749d07369cc703b1b1f4,1764249387,2025-11-27T13:16:27.000Z
0xef74b79f9ea21a87017b58f15900ad2abe1b5f0c,0x000000000000000000000000651f24ebbe57969d,69663877,0xd6fc6d82398273e68222d89bdba9f96b36538fc9dd80749d07369cc703b1b1f4,1764249387,2025-11-27T13:16:27.000Z
0xef74b79f9ea21a87017b58f15900ad2abe1b5f0c,0x000000000000000000000000feeb76b397084cfe,69663877,0xd6fc6d82398273e68222d89bdba9f96b36538fc9dd80749d07369cc703b1b1f4,1764249387,2025-11-27T13:16:27.000Z
0xef74b79f9ea21a87017b58f15900ad2abe1b5f0c,0x000000000000000000000000de5b54362e53ef23,69663877,0xd6fc6d82398273e68222d89bdba9f96b36538fc9dd80749d07369cc703b1b1f4,1764249387,2025-11-27T13:16:27.000Z
0xfd24101f528061e807954a56b7d929af3e3457de,0x000000000000000000000000fb596678654eba68,69754811,0x6338b8e2022ea8cb8d5dad9e2bd385d600f037c5750734121c58015a1a1d0c2f,1764317588,2025-11-28T08:13:08.000Z
0xfd24101f528061e807954a56b7d929af3e3457de,0x000000000000000000000000d474491536979588,69754811,0x6338b8e2022ea8cb8d5dad9e2bd385d600f037c5750734121c58015a1a1d0c2f,1764317588,2025-11-28T08:13:08.000Z
0xfd24101f528061e807954a56b7d929af3e3457de,0x000000000000000000000000651f24ebbe57969d,69754811,0x6338b8e2022ea8cb8d5dad9e2bd385d600f037c5750734121c58015a1a1d0c2f,1764317588,2025-11-28T08:13:08.000Z
0xfd24101f528061e807954a56b7d929af3e3457de,0x000000000000000000000000de5b54362e53ef23,69754811,0x6338b8e2022ea8cb8d5dad9e2bd385d600f037c5750734121c58015a1a1d0c2f,1764317588,2025-11-28T08:13:08.000Z
0xe22efc8fa7cd4f908263ace238767f9ad7749c0d,0x000000000000000000000000d474491536979588,69786121,0x7e3aa91d68839b01ee4b4215f842ae64b0aacf50f46070b65ad4a28101f2f971,1764341074,2025-11-28T14:44:34.000Z
0xe22efc8fa7cd4f908263ace238767f9ad7749c0d,0x000000000000000000000000651f24ebbe57969d,69786121,0x7e3aa91d68839b01ee4b4215f842ae64b0aacf50f46070b65ad4a28101f2f971,1764341074,2025-11-28T14:44:34.000Z
0xe22efc8fa7cd4f908263ace238767f9ad7749c0d,0x000000000000000000000000feeb76b397084cfe,69786121,0x7e3aa91d68839b01ee4b4215f842ae64b0aacf50f46070b65ad4a28101f2f971,1764341074,2025-11-28T14:44:34.000Z
0xe22efc8fa7cd4f908263ace238767f9ad7749c0d,0x000000000000000000000000de5b54362e53ef23,69786121,0x7e3aa91d68839b01ee4b4215f842ae64b0aacf50f46070b65ad4a28101f2f971,1764341074,2025-11-28T14:44:34.000Z
0x31da014fbc60ac25b629b20fb7f1648cbc8747df,0x000000000000000000000000d474491536979588,69789361,0x9da8eaf5d3ab304fd8d3f10d7bebc2d192b1884f5e841ae5029c32023d53e112,1764343504,2025-11-28T15:25:04.000Z
0x31da014fbc60ac25b629b20fb7f1648cbc8747df,0x000000000000000000000000651f24ebbe57969d,69789361,0x9da8eaf5d3ab304fd8d3f10d7bebc2d192b1884f5e841ae5029c32023d53e112,1764343504,2025-11-28T15:25:04.000Z
0x31da014fbc60ac25b629b20fb7f1648cbc8747df,0x000000000000000000000000feeb76b397084cfe,69789361,0x9da8eaf5d3ab304fd8d3f10d7bebc2d192b1884f5e841ae5029c32023d53e112,1764343504,2025-11-28T15:25:04.000Z
0x31da014fbc60ac25b629b20fb7f1648cbc8747df,0x000000000000000000000000de5b54362e53ef23,69789361,0x9da8eaf5d3ab304fd8d3f10d7bebc2d192b1884f5e841ae5029c32023d53e112,1764343504,2025-11-28T15:25:04.000Z
0xf150e8d5f4350a010cb6edb148d8151532b39645,0x000000000000000000000000d474491536979588,69789876,0xe5c95d2372444ffada9079f39c63f2e33151c8f727357184e1e396e01aa97e09,1764343890,2025-11-28T15:31:30.000Z
0xf150e8d5f4350a010cb6edb148d8151532b39645,0x000000000000000000000000651f24ebbe57969d,69789876,0xe5c95d2372444ffada9079f39c63f2e33151c8f727357184e1e396e01aa97e09,1764343890,2025-11-28T15:31:30.000Z
0xf150e8d5f4350a010cb6edb148d8151532b39645,0x000000000000000000000000feeb76b397084cfe,69789876,0xe5c95d2372444ffada9079f39c63f2e33151c8f727357184e1e396e01aa97e09,1764343890,2025-11-28T15:31:30.000Z
0xf150e8d5f4350a010cb6edb148d8151532b39645,0x000000000000000000000000de5b54362e53ef23,69789876,0xe5c95d2372444ffada9079f39c63f2e33151c8f727357184e1e396e01aa97e09,1764343890,2025-11-28T15:31:30.000Z
0x3a1e991019d161e6fcfa91cdb95b7f19a73e29d0,0x000000000000000000000000b0e4e499946f1cb7,69892354,0x64dde475ee257f0ed77a454a29f124906241b73581554916c9022e08042ed57e,1764420754,2025-11-29T12:52:34.000Z
0x3a1e991019d161e6fcfa91cdb95b7f19a73e29d0,0x000000000000000000000000e9d95fd020bf2d72,69892354,0x64dde475ee257f0ed77a454a29f124906241b73581554916c9022e08042ed57e,1764420754,2025-11-29T12:52:34.000Z
0x3a1e991019d161e6fcfa91cdb95b7f19a73e29d0,0x000000000000000000000000685e3b99a1fa5d57,69892354,0x64dde475ee257f0ed77a454a29f124906241b73581554916c9022e08042ed57e,1764420754,2025-11-29T12:52:34.000Z
0x3a1e991019d161e6fcfa91cdb95b7f19a73e29d0,0x000000000000000000000000de5b54362e53ef23,69892354,0x64dde475ee257f0ed77a454a29f124906241b73581554916c9022e08042ed57e,1764420754,2025-11-29T12:52:34.000Z
0x50b21a22359cf9f5caf5d4878efd329e6089e997,0x0000000000000000000000000ff7d6cfc89a831b,69894419,0x932b2fa2a13eb8b2ec0e77aa5e42de3d569cb57a5eecfbc9bec203c28636a580,1764422303,2025-11-29T13:18:23.000Z
0x50b21a22359cf9f5caf5d4878efd329e6089e997,0x0000000000000000000000002cef52aa47f9c05b,69894419,0x932b2fa2a13eb8b2ec0e77aa5e42de3d569cb57a5eecfbc9bec203c28636a580,1764422303,2025-11-29T13:18:23.000Z
0x50b21a22359cf9f5caf5d4878efd329e6089e997,0x000000000000000000000000aab6cfffdd13e27d,69894419,0x932b2fa2a13eb8b2ec0e77aa5e42de3d569cb57a5eecfbc9bec203c28636a580,1764422303,2025-11-29T13:18:23.000Z
0x50b21a22359cf9f5caf5d4878efd329e6089e997,0x000000000000000000000000de5b54362e53ef23,69894419,0x932b2fa2a13eb8b2ec0e77aa5e42de3d569cb57a5eecfbc9bec203c28636a580,1764422303,2025-11-29T13:18:23.000Z
0xf9952487dd4d0b3201d44599646f6f40074a412c,0x00000000000000000000000050b21a22359cf9f5,69898915,0xbcc9221067f735b0d2047cdf65ea63bcd4281a5cf002b5536c370190c1c6d85e,1764425675,2025-11-29T14:14:35.000Z
0xf9952487dd4d0b3201d44599646f6f40074a412c,0x0000000000000000000000000ff7d6cfc89a831b,69898915,0xbcc9221067f735b0d2047cdf65ea63bcd4281a5cf002b5536c370190c1c6d85e,1764425675,2025-11-29T14:14:35.000Z
0xf9952487dd4d0b3201d44599646f6f40074a412c,0x0000000000000000000000002cef52aa47f9c05b,69898915,0xbcc9221067f735b0d2047cdf65ea63bcd4281a5cf002b5536c370190c1c6d85e,1764425675,2025-11-29T14:14:35.000Z
0xf9952487dd4d0b3201d44599646f6f40074a412c,0x000000000000000000000000de5b54362e53ef23,69898915,0xbcc9221067f735b0d2047cdf65ea63bcd4281a5cf002b5536c370190c1c6d85e,1764425675,2025-11-29T14:14:35.000Z
0x4c60de30b2197503e11527bc1034a7eabfa086cb,0x0000000000000000000000000ff7d6cfc89a831b,69899734,0x5e391b21f95a7b6d08a80f5f2cd33dc8b5519ac923b36466a3c4ff66dddf5315,1764426289,2025-11-29T14:24:49.000Z
0x4c60de30b2197503e11527bc1034a7eabfa086cb,0x0000000000000000000000002cef52aa47f9c05b,69899734,0x5e391b21f95a7b6d08a80f5f2cd33dc8b5519ac923b36466a3c4ff66dddf5315,1764426289,2025-11-29T14:24:49.000Z
0x4c60de30b2197503e11527bc1034a7eabfa086cb,0x000000000000000000000000aab6cfffdd13e27d,69899734,0x5e391b21f95a7b6d08a80f5f2cd33dc8b5519ac923b36466a3c4ff66dddf5315,1764426289,2025-11-29T14:24:49.000Z
0x4c60de30b2197503e11527bc1034a7eabfa086cb,0x000000000000000000000000de5b54362e53ef23,69899734,0x5e391b21f95a7b6d08a80f5f2cd33dc8b5519ac923b36466a3c4ff66dddf5315,1764426289,2025-11-29T14:24:49.000Z
0xdb6a94bbc08b2025ef0ccd75f7b3bd05f78365c9,0x0000000000000000000000000ff7d6cfc89a831b,69900261,0x8eeef21b4860a2af5b631f8ff33fa18d1abefb870303aa35da771def8a1e37c8,1764426684,2025-11-29T14:31:24.000Z
0xdb6a94bbc08b2025ef0ccd75f7b3bd05f78365c9,0x0000000000000000000000002cef52aa47f9c05b,69900261,0x8eeef21b4860a2af5b631f8ff33fa18d1abefb870303aa35da771def8a1e37c8,1764426684,2025-11-29T14:31:24.000Z
0xdb6a94bbc08b2025ef0ccd75f7b3bd05f78365c9,0x000000000000000000000000aab6cfffdd13e27d,69900261,0x8eeef21b4860a2af5b631f8ff33fa18d1abefb870303aa35da771def8a1e37c8,1764426684,2025-11-29T14:31:24.000Z
0xdb6a94bbc08b2025ef0ccd75f7b3bd05f78365c9,0x000000000000000000000000de5b54362e53ef23,69900261,0x8eeef21b4860a2af5b631f8ff33fa18d1abefb870303aa35da771def8a1e37c8,1764426684,2025-11-29T14:31:24.000Z
0xd5a35d2f1cc3106547542f4f349370efbdf640b3,0x0000000000000000000000000ff7d6cfc89a831b,69900749,0xc087ddd0676e25a5148f8ebea0a5c6e0983f95f6d5d50848ff2a705828a9f022,1764427050,2025-11-29T14:37:30.000Z
0xd5a35d2f1cc3106547542f4f349370efbdf640b3,0x0000000000000000000000002cef52aa47f9c05b,69900749,0xc087ddd0676e25a5148f8ebea0a5c6e0983f95f6d5d50848ff2a705828a9f022,1764427050,2025-11-29T14:37:30.000Z
0xd5a35d2f1cc3106547542f4f349370efbdf640b3,0x000000000000000000000000aab6cfffdd13e27d,69900749,0xc087ddd0676e25a5148f8ebea0a5c6e0983f95f6d5d50848ff2a705828a9f022,1764427050,2025-11-29T14:37:30.000Z
0xd5a35d2f1cc3106547542f4f349370efbdf640b3,0x000000000000000000000000de5b54362e53ef23,69900749,0xc087ddd0676e25a5148f8ebea0a5c6e0983f95f6d5d50848ff2a705828a9f022,1764427050,2025-11-29T14:37:30.000Z
0x3aa5cce8c29437a406801121de55b1c9102846df,0x0000000000000000000000000ff7d6cfc89a831b,69901117,0xd5c44ce05367e2685cb181a75f73f4630cc0bb940a491572c89318baa9842b18,1764427326,2025-11-29T14:42:06.000Z
0x3aa5cce8c29437a406801121de55b1c9102846df,0x0000000000000000000000002cef52aa47f9c05b,69901117,0xd5c44ce05367e2685cb181a75f73f4630cc0bb940a491572c89318baa9842b18,1764427326,2025-11-29T14:42:06.000Z
0x3aa5cce8c29437a406801121de55b1c9102846df,0x000000000000000000000000aab6cfffdd13e27d,69901117,0xd5c44ce05367e2685cb181a75f73f4630cc0bb940a491572c89318baa9842b18,1764427326,2025-11-29T14:42:06.000Z
0x3aa5cce8c29437a406801121de55b1c9102846df,0x000000000000000000000000de5b54362e53ef23,69901117,0xd5c44ce05367e2685cb181a75f73f4630cc0bb940a491572c89318baa9842b18,1764427326,2025-11-29T14:42:06.000Z
0xff1b8187ecbb14a81b0ed4c23e4b002482b65579,0x0000000000000000000000000ff7d6cfc89a831b,69901925,0x08442050959819c4c8125806ac00a9230376c34d1f55a1e1d2a61ba31c5f0649,1764427932,2025-11-29T14:52:12.000Z
0xff1b8187ecbb14a81b0ed4c23e4b002482b65579,0x0000000000000000000000002cef52aa47f9c05b,69901925,0x08442050959819c4c8125806ac00a9230376c34d1f55a1e1d2a61ba31c5f0649,1764427932,2025-11-29T14:52:12.000Z
0xff1b8187ecbb14a81b0ed4c23e4b002482b65579,0x000000000000000000000000aab6cfffdd13e27d,69901925,0x08442050959819c4c8125806ac00a9230376c34d1f55a1e1d2a61ba31c5f0649,1764427932,2025-11-29T14:52:12.000Z
0xff1b8187ecbb14a81b0ed4c23e4b002482b65579,0x000000000000000000000000de5b54362e53ef23,69901925,0x08442050959819c4c8125806ac00a9230376c34d1f55a1e1d2a61ba31c5f0649,1764427932,2025-11-29T14:52:12.000Z
0xf0942ae7f2a7d912e84e2d79789defa743d1ee15,0x0000000000000000000000000ff7d6cfc89a831b,69902257,0x4779786846e89f398f2012610d4841a48eff19b7a9e9a3136bd0c14a3e4071f6,1764428181,2025-11-29T14:56:21.000Z
0xf0942ae7f2a7d912e84e2d79789defa743d1ee15,0x0000000000000000000000002cef52aa47f9c05b,69902257,0x4779786846e89f398f2012610d4841a48eff19b7a9e9a3136bd0c14a3e4071f6,1764428181,2025-11-29T14:56:21.000Z
0xf0942ae7f2a7d912e84e2d79789defa743d1ee15,0x000000000000000000000000aab6cfffdd13e27d,69902257,0x4779786846e89f398f2012610d4841a48eff19b7a9e9a3136bd0c14a3e4071f6,1764428181,2025-11-29T14:56:21.000Z
0xf0942ae7f2a7d912e84e2d79789defa743d1ee15,0x000000000000000000000000de5b54362e53ef23,69902257,0x4779786846e89f398f2012610d4841a48eff19b7a9e9a3136bd0c14a3e4071f6,1764428181,2025-11-29T14:56:21.000Z
0x68ad2178fbe3eb4aaca6bf3d593f030c30175d9b,0x0000000000000000000000000ff7d6cfc89a831b,69902536,0x04610a7fa30bd7ffeb2db57450d410e6b8536193a5d6b4d0a9b0159d515d1775,1764428390,2025-11-29T14:59:50.000Z
0x68ad2178fbe3eb4aaca6bf3d593f030c30175d9b,0x0000000000000000000000002cef52aa47f9c05b,69902536,0x04610a7fa30bd7ffeb2db57450d410e6b8536193a5d6b4d0a9b0159d515d1775,1764428390,2025-11-29T14:59:50.000Z
0x68ad2178fbe3eb4aaca6bf3d593f030c30175d9b,0x000000000000000000000000aab6cfffdd13e27d,69902536,0x04610a7fa30bd7ffeb2db57450d410e6b8536193a5d6b4d0a9b0159d515d1775,1764428390,2025-11-29T14:59:50.000Z
0x68ad2178fbe3eb4aaca6bf3d593f030c30175d9b,0x000000000000000000000000de5b54362e53ef23,69902536,0x04610a7fa30bd7ffeb2db57450d410e6b8536193a5d6b4d0a9b0159d515d1775,1764428390,2025-11-29T14:59:50.000Z
0x87ae55416197d606a35b796f4ed8c1f4af623d12,0x0000000000000000000000000ff7d6cfc89a831b,69902773,0xa834242c79afbf56f88f099a72e720f73613a112b42902affc28c756e17ecc01,1764428568,2025-11-29T15:02:48.000Z
0x87ae55416197d606a35b796f4ed8c1f4af623d12,0x0000000000000000000000002cef52aa47f9c05b,69902773,0xa834242c79afbf56f88f099a72e720f73613a112b42902affc28c756e17ecc01,1764428568,2025-11-29T15:02:48.000Z
0x87ae55416197d606a35b796f4ed8c1f4af623d12,0x000000000000000000000000aab6cfffdd13e27d,69902773,0xa834242c79afbf56f88f099a72e720f73613a112b42902affc28c756e17ecc01,1764428568,2025-11-29T15:02:48.000Z
0x87ae55416197d606a35b796f4ed8c1f4af623d12,0x000000000000000000000000de5b54362e53ef23,69902773,0xa834242c79afbf56f88f099a72e720f73613a112b42902affc28c756e17ecc01,1764428568,2025-11-29T15:02:48.000Z
0xd843abda3ec14b3e8f315a540a0f4f0ae3a34f52,0x0000000000000000000000000ff7d6cfc89a831b,69903026,0x9cced32b1778b170ba818a1615db60bc1d2c18b0f67e54cb21ba1e2bf2308c89,1764428758,2025-11-29T15:05:58.000Z
0xd843abda3ec14b3e8f315a540a0f4f0ae3a34f52,0x0000000000000000000000002cef52aa47f9c05b,69903026,0x9cced32b1778b170ba818a1615db60bc1d2c18b0f67e54cb21ba1e2bf2308c89,1764428758,2025-11-29T15:05:58.000Z
0xd843abda3ec14b3e8f315a540a0f4f0ae3a34f52,0x000000000000000000000000aab6cfffdd13e27d,69903026,0x9cced32b1778b170ba818a1615db60bc1d2c18b0f67e54cb21ba1e2bf2308c89,1764428758,2025-11-29T15:05:58.000Z
0xd843abda3ec14b3e8f315a540a0f4f0ae3a34f52,0x000000000000000000000000de5b54362e53ef23,69903026,0x9cced32b1778b170ba818a1615db60bc1d2c18b0f67e54cb21ba1e2bf2308c89,1764428758,2025-11-29T15:05:58.000Z
0xd1bac799a2c9898bd1e94f75e2dc7d7faaff4562,0x0000000000000000000000000ff7d6cfc89a831b,69903868,0x83adcfdf64b2eff6467b4ef54098babdadb95ccef1ca27fa605468b7cf8653be,1764429389,2025-11-29T15:16:29.000Z
0xd1bac799a2c9898bd1e94f75e2dc7d7faaff4562,0x0000000000000000000000002cef52aa47f9c05b,69903868,0x83adcfdf64b2eff6467b4ef54098babdadb95ccef1ca27fa605468b7cf8653be,1764429389,2025-11-29T15:16:29.000Z
0xd1bac799a2c9898bd1e94f75e2dc7d7faaff4562,0x000000000000000000000000aab6cfffdd13e27d,69903868,0x83adcfdf64b2eff6467b4ef54098babdadb95ccef1ca27fa605468b7cf8653be,1764429389,2025-11-29T15:16:29.000Z
0xd1bac799a2c9898bd1e94f75e2dc7d7faaff4562,0x000000000000000000000000de5b54362e53ef23,69903868,0x83adcfdf64b2eff6467b4ef54098babdadb95ccef1ca27fa605468b7cf8653be,1764429389,2025-11-29T15:16:29.000Z
0xdc4ecd22354e68686ae91451ba32879edf59eb69,0x0000000000000000000000000ff7d6cfc89a831b,69904126,0x0b41a8d4b96d5d03aac1dc4c78bef62c62e58c998c42e6ced928968ab32bf0de,1764429583,2025-11-29T15:19:43.000Z
0xdc4ecd22354e68686ae91451ba32879edf59eb69,0x0000000000000000000000002cef52aa47f9c05b,69904126,0x0b41a8d4b96d5d03aac1dc4c78bef62c62e58c998c42e6ced928968ab32bf0de,1764429583,2025-11-29T15:19:43.000Z
0xdc4ecd22354e68686ae91451ba32879edf59eb69,0x000000000000000000000000aab6cfffdd13e27d,69904126,0x0b41a8d4b96d5d03aac1dc4c78bef62c62e58c998c42e6ced928968ab32bf0de,1764429583,2025-11-29T15:19:43.000Z
0xdc4ecd22354e68686ae91451ba32879edf59eb69,0x000000000000000000000000de5b54362e53ef23,69904126,0x0b41a8d4b96d5d03aac1dc4c78bef62c62e58c998c42e6ced928968ab32bf0de,1764429583,2025-11-29T15:19:43.000Z
0x4aac461e085628e5e4e63cb65770d9ce911e69ad,0x0000000000000000000000000ff7d6cfc89a831b,69904352,0x3567041bcf07ef27fa3a177424e405207722593833fa0895896148671f4c0977,1764429752,2025-11-29T15:22:32.000Z
0x4aac461e085628e5e4e63cb65770d9ce911e69ad,0x0000000000000000000000002cef52aa47f9c05b,69904352,0x3567041bcf07ef27fa3a177424e405207722593833fa0895896148671f4c0977,1764429752,2025-11-29T15:22:32.000Z
0x4aac461e085628e5e4e63cb65770d9ce911e69ad,0x000000000000000000000000aab6cfffdd13e27d,69904352,0x3567041bcf07ef27fa3a177424e405207722593833fa0895896148671f4c0977,1764429752,2025-11-29T15:22:32.000Z
0x4aac461e085628e5e4e63cb65770d9ce911e69ad,0x000000000000000000000000de5b54362e53ef23,69904352,0x3567041bcf07ef27fa3a177424e405207722593833fa0895896148671f4c0977,1764429752,2025-11-29T15:22:32.000Z
0xca7250bb41833019d2195dcdc3739c908e55eba1,0x0000000000000000000000000ff7d6cfc89a831b,69904714,0x9b1b1f8c06e0fcdf9722b07b844a9d2e04c4ea076472e91c4ba5f81bee5d4514,1764430024,2025-11-29T15:27:04.000Z
0xca7250bb41833019d2195dcdc3739c908e55eba1,0x0000000000000000000000002cef52aa47f9c05b,69904714,0x9b1b1f8c06e0fcdf9722b07b844a9d2e04c4ea076472e91c4ba5f81bee5d4514,1764430024,2025-11-29T15:27:04.000Z
0xca7250bb41833019d2195dcdc3739c908e55eba1,0x000000000000000000000000aab6cfffdd13e27d,69904714,0x9b1b1f8c06e0fcdf9722b07b844a9d2e04c4ea076472e91c4ba5f81bee5d4514,1764430024,2025-11-29T15:27:04.000Z
0xca7250bb41833019d2195dcdc3739c908e55eba1,0x000000000000000000000000de5b54362e53ef23,69904714,0x9b1b1f8c06e0fcdf9722b07b844a9d2e04c4ea076472e91c4ba5f81bee5d4514,1764430024,2025-11-29T15:27:04.000Z
0xd1a9e2a2063f386348ac7d9fc18e4fbf682c7e97,0x000000000000000000000000d474491536979588,69913303,0xf36dc201073f3278d2383a209b0643a135466a9d0721a288c955ad26abdce5dc,1764436466,2025-11-29T17:14:26.000Z
0xd1a9e2a2063f386348ac7d9fc18e4fbf682c7e97,0x000000000000000000000000651f24ebbe57969d,69913303,0xf36dc201073f3278d2383a209b0643a135466a9d0721a288c955ad26abdce5dc,1764436466,2025-11-29T17:14:26.000Z
0xd1a9e2a2063f386348ac7d9fc18e4fbf682c7e97,0x000000000000000000000000feeb76b397084cfe,69913303,0xf36dc201073f3278d2383a209b0643a135466a9d0721a288c955ad26abdce5dc,1764436466,2025-11-29T17:14:26.000Z
0xd1a9e2a2063f386348ac7d9fc18e4fbf682c7e97,0x000000000000000000000000de5b54362e53ef23,69913303,0xf36dc201073f3278d2383a209b0643a135466a9d0721a288c955ad26abdce5dc,1764436466,2025-11-29T17:14:26.000Z
0xd682dda11dfcb07039b412aa9c7d9cfe462bf4f3,0x000000000000000000000000979e49043d325a22,69917841,0x43e30b02be84a8d2ca2812697433210ad22a37805b4f5e544d87038fe2899826,1764439870,2025-11-29T18:11:10.000Z
0xd682dda11dfcb07039b412aa9c7d9cfe462bf4f3,0x0000000000000000000000000fc24de6b5216b49,69917841,0x43e30b02be84a8d2ca2812697433210ad22a37805b4f5e544d87038fe2899826,1764439870,2025-11-29T18:11:10.000Z
0xd682dda11dfcb07039b412aa9c7d9cfe462bf4f3,0x000000000000000000000000ceba129e0462c7e5,69917841,0x43e30b02be84a8d2ca2812697433210ad22a37805b4f5e544d87038fe2899826,1764439870,2025-11-29T18:11:10.000Z
0xd682dda11dfcb07039b412aa9c7d9cfe462bf4f3,0x000000000000000000000000de5b54362e53ef23,69917841,0x43e30b02be84a8d2ca2812697433210ad22a37805b4f5e544d87038fe2899826,1764439870,2025-11-29T18:11:10.000Z
0x00be9884e0d65e1bd388e07f703258f2762bfc54,0x00000000000000000000000010558b5a8757d5d5,69976809,0xa2c8c2f42096584de6020d982f2d8edf3d6421442e1822dbe14daead62f8bfe4,1764484103,2025-11-30T06:28:23.000Z
0x00be9884e0d65e1bd388e07f703258f2762bfc54,0x000000000000000000000000d474491536979588,69976809,0xa2c8c2f42096584de6020d982f2d8edf3d6421442e1822dbe14daead62f8bfe4,1764484103,2025-11-30T06:28:23.000Z
0x00be9884e0d65e1bd388e07f703258f2762bfc54,0x000000000000000000000000651f24ebbe57969d,69976809,0xa2c8c2f42096584de6020d982f2d8edf3d6421442e1822dbe14daead62f8bfe4,1764484103,2025-11-30T06:28:23.000Z
0x00be9884e0d65e1bd388e07f703258f2762bfc54,0x000000000000000000000000de5b54362e53ef23,69976809,0xa2c8c2f42096584de6020d982f2d8edf3d6421442e1822dbe14daead62f8bfe4,1764484103,2025-11-30T06:28:23.000Z
0x80fef6d04b329906cb614fbee27e7866839e21f6,0x000000000000000000000000d474491536979588,69980228,0x13dbc5431f643e49d4128b707d5d630818db977edffae1df4d0118572cbee082,1764486667,2025-11-30T07:11:07.000Z
0x80fef6d04b329906cb614fbee27e7866839e21f6,0x000000000000000000000000651f24ebbe57969d,69980228,0x13dbc5431f643e49d4128b707d5d630818db977edffae1df4d0118572cbee082,1764486667,2025-11-30T07:11:07.000Z
0x80fef6d04b329906cb614fbee27e7866839e21f6,0x000000000000000000000000feeb76b397084cfe,69980228,0x13dbc5431f643e49d4128b707d5d630818db977edffae1df4d0118572cbee082,1764486667,2025-11-30T07:11:07.000Z
0x80fef6d04b329906cb614fbee27e7866839e21f6,0x000000000000000000000000de5b54362e53ef23,69980228,0x13dbc5431f643e49d4128b707d5d630818db977edffae1df4d0118572cbee082,1764486667,2025-11-30T07:11:07.000Z
0xa76fba5d044e10f5a6a68153c4c3e7c1d1788906,0x000000000000000000000000d474491536979588,69996270,0x7262f6484a341d32cb45264a9981f93ee6af0e4c75c81623608ebc802f9c9544,1764498701,2025-11-30T10:31:41.000Z
0xa76fba5d044e10f5a6a68153c4c3e7c1d1788906,0x000000000000000000000000651f24ebbe57969d,69996270,0x7262f6484a341d32cb45264a9981f93ee6af0e4c75c81623608ebc802f9c9544,1764498701,2025-11-30T10:31:41.000Z
0xa76fba5d044e10f5a6a68153c4c3e7c1d1788906,0x000000000000000000000000feeb76b397084cfe,69996270,0x7262f6484a341d32cb45264a9981f93ee6af0e4c75c81623608ebc802f9c9544,1764498701,2025-11-30T10:31:41.000Z
0xa76fba5d044e10f5a6a68153c4c3e7c1d1788906,0x000000000000000000000000de5b54362e53ef23,69996270,0x7262f6484a341d32cb45264a9981f93ee6af0e4c75c81623608ebc802f9c9544,1764498701,2025-11-30T10:31:41.000Z
0xd5a68ee49e680460f7fe20cb392a90cb12a90601,0x000000000000000000000000a76fba5d044e10f5,69999142,0x1ef87e2a2bf8081439e0adb02277f9d9b49a75572b8bb6ac10bddda690aa8be6,1764500855,2025-11-30T11:07:35.000Z
0xd5a68ee49e680460f7fe20cb392a90cb12a90601,0x000000000000000000000000d474491536979588,69999142,0x1ef87e2a2bf8081439e0adb02277f9d9b49a75572b8bb6ac10bddda690aa8be6,1764500855,2025-11-30T11:07:35.000Z
0xd5a68ee49e680460f7fe20cb392a90cb12a90601,0x000000000000000000000000651f24ebbe57969d,69999142,0x1ef87e2a2bf8081439e0adb02277f9d9b49a75572b8bb6ac10bddda690aa8be6,1764500855,2025-11-30T11:07:35.000Z
0xd5a68ee49e680460f7fe20cb392a90cb12a90601,0x000000000000000000000000de5b54362e53ef23,69999142,0x1ef87e2a2bf8081439e0adb02277f9d9b49a75572b8bb6ac10bddda690aa8be6,1764500855,2025-11-30T11:07:35.000Z
0x4ba46406a91ea2d13487505d63032c1b5b5d7a1b,0x0000000000000000000000000ff7d6cfc89a831b,70005741,0x49e509a062144350e1b2aa122433dde5349d5543e19c0c8fadcc7c30b7608aba,1764505804,2025-11-30T12:30:04.000Z
0x4ba46406a91ea2d13487505d63032c1b5b5d7a1b,0x0000000000000000000000002cef52aa47f9c05b,70005741,0x49e509a062144350e1b2aa122433dde5349d5543e19c0c8fadcc7c30b7608aba,1764505804,2025-11-30T12:30:04.000Z
0x4ba46406a91ea2d13487505d63032c1b5b5d7a1b,0x000000000000000000000000aab6cfffdd13e27d,70005741,0x49e509a062144350e1b2aa122433dde5349d5543e19c0c8fadcc7c30b7608aba,1764505804,2025-11-30T12:30:04.000Z
0x4ba46406a91ea2d13487505d63032c1b5b5d7a1b,0x000000000000000000000000de5b54362e53ef23,70005741,0x49e509a062144350e1b2aa122433dde5349d5543e19c0c8fadcc7c30b7608aba,1764505804,2025-11-30T12:30:04.000Z
0x3164aa4c8b053edff05afe301c7386eff468802f,0x000000000000000000000000d474491536979588,70104246,0xdb8043f2d6ce10f0a4fa00694e42ac6f9f1b5ebabc65ff7274c0d3be0192efea,1764579687,2025-12-01T09:01:27.000Z
0x3164aa4c8b053edff05afe301c7386eff468802f,0x000000000000000000000000651f24ebbe57969d,70104246,0xdb8043f2d6ce10f0a4fa00694e42ac6f9f1b5ebabc65ff7274c0d3be0192efea,1764579687,2025-12-01T09:01:27.000Z
0x3164aa4c8b053edff05afe301c7386eff468802f,0x000000000000000000000000feeb76b397084cfe,70104246,0xdb8043f2d6ce10f0a4fa00694e42ac6f9f1b5ebabc65ff7274c0d3be0192efea,1764579687,2025-12-01T09:01:27.000Z
0x3164aa4c8b053edff05afe301c7386eff468802f,0x000000000000000000000000de5b54362e53ef23,70104246,0xdb8043f2d6ce10f0a4fa00694e42ac6f9f1b5ebabc65ff7274c0d3be0192efea,1764579687,2025-12-01T09:01:27.000Z
0x518ebfe285cda2d744b239aab5485d797863bf01,0x000000000000000000000000d474491536979588,70123458,0xba1246eaa9668a3b3b9bf222ec73bdd2ce950b10c706932c0085f89ab8cd5513,1764594096,2025-12-01T13:01:36.000Z
0x518ebfe285cda2d744b239aab5485d797863bf01,0x000000000000000000000000651f24ebbe57969d,70123458,0xba1246eaa9668a3b3b9bf222ec73bdd2ce950b10c706932c0085f89ab8cd5513,1764594096,2025-12-01T13:01:36.000Z
0x518ebfe285cda2d744b239aab5485d797863bf01,0x000000000000000000000000feeb76b397084cfe,70123458,0xba1246eaa9668a3b3b9bf222ec73bdd2ce950b10c706932c0085f89ab8cd5513,1764594096,2025-12-01T13:01:36.000Z
0x518ebfe285cda2d744b239aab5485d797863bf01,0x000000000000000000000000de5b54362e53ef23,70123458,0xba1246eaa9668a3b3b9bf222ec73bdd2ce950b10c706932c0085f89ab8cd5513,1764594096,2025-12-01T13:01:36.000Z
0xc2b945408247c94d7c9aab8247d89ef5ffe87ee3,0x000000000000000000000000d474491536979588,70126414,0x82415705220cf78117e548c792c140361b7d3a2303dbcc64ca7baed30048e30d,1764596314,2025-12-01T13:38:34.000Z
0xc2b945408247c94d7c9aab8247d89ef5ffe87ee3,0x000000000000000000000000651f24ebbe57969d,70126414,0x82415705220cf78117e548c792c140361b7d3a2303dbcc64ca7baed30048e30d,1764596314,2025-12-01T13:38:34.000Z
0xc2b945408247c94d7c9aab8247d89ef5ffe87ee3,0x000000000000000000000000feeb76b397084cfe,70126414,0x82415705220cf78117e548c792c140361b7d3a2303dbcc64ca7baed30048e30d,1764596314,2025-12-01T13:38:34.000Z
0xc2b945408247c94d7c9aab8247d89ef5ffe87ee3,0x000000000000000000000000de5b54362e53ef23,70126414,0x82415705220cf78117e548c792c140361b7d3a2303dbcc64ca7baed30048e30d,1764596314,2025-12-01T13:38:34.000Z
0xcc76bac3c4e4cf9fd4bbfb91c09d0b730e2a5e4f,0x000000000000000000000000b0e4e499946f1cb7,70549238,0xd20fd845f1bfc6cb826cf1c1d83eeec5749768d83387ea3055fba2f4852a1a09,1764913509,2025-12-05T05:45:09.000Z
0xcc76bac3c4e4cf9fd4bbfb91c09d0b730e2a5e4f,0x000000000000000000000000e9d95fd020bf2d72,70549238,0xd20fd845f1bfc6cb826cf1c1d83eeec5749768d83387ea3055fba2f4852a1a09,1764913509,2025-12-05T05:45:09.000Z
0xcc76bac3c4e4cf9fd4bbfb91c09d0b730e2a5e4f,0x000000000000000000000000685e3b99a1fa5d57,70549238,0xd20fd845f1bfc6cb826cf1c1d83eeec5749768d83387ea3055fba2f4852a1a09,1764913509,2025-12-05T05:45:09.000Z
0xcc76bac3c4e4cf9fd4bbfb91c09d0b730e2a5e4f,0x000000000000000000000000de5b54362e53ef23,70549238,0xd20fd845f1bfc6cb826cf1c1d83eeec5749768d83387ea3055fba2f4852a1a09,1764913509,2025-12-05T05:45:09.000Z
0x85af63ca32b7667b693dbe1ece2aaa3721e62c2a,0x000000000000000000000000ff58701ffa72daa8,70587726,0x593b409378178aa5eb23c221fcd6318d8ecb451625260c11a39419335420122f,1764942377,2025-12-05T13:46:17.000Z
0x85af63ca32b7667b693dbe1ece2aaa3721e62c2a,0x000000000000000000000000d474491536979588,70587726,0x593b409378178aa5eb23c221fcd6318d8ecb451625260c11a39419335420122f,1764942377,2025-12-05T13:46:17.000Z
0x85af63ca32b7667b693dbe1ece2aaa3721e62c2a,0x000000000000000000000000651f24ebbe57969d,70587726,0x593b409378178aa5eb23c221fcd6318d8ecb451625260c11a39419335420122f,1764942377,2025-12-05T13:46:17.000Z
0x85af63ca32b7667b693dbe1ece2aaa3721e62c2a,0x000000000000000000000000de5b54362e53ef23,70587726,0x593b409378178aa5eb23c221fcd6318d8ecb451625260c11a39419335420122f,1764942377,2025-12-05T13:46:17.000Z
0x3c179ce5d0289e4695e34d1e04025106b01ac2a0,0x000000000000000000000000b0e4e499946f1cb7,71405992,0x79d6f216c666281d01cf9f7f18c1befe47d39af1bf1a6f0cdb0ef629aeff9858,1765556285,2025-12-12T16:18:05.000Z
0x3c179ce5d0289e4695e34d1e04025106b01ac2a0,0x000000000000000000000000e9d95fd020bf2d72,71405992,0x79d6f216c666281d01cf9f7f18c1befe47d39af1bf1a6f0cdb0ef629aeff9858,1765556285,2025-12-12T16:18:05.000Z
0x3c179ce5d0289e4695e34d1e04025106b01ac2a0,0x000000000000000000000000685e3b99a1fa5d57,71405992,0x79d6f216c666281d01cf9f7f18c1befe47d39af1bf1a6f0cdb0ef629aeff9858,1765556285,2025-12-12T16:18:05.000Z
0x3c179ce5d0289e4695e34d1e04025106b01ac2a0,0x000000000000000000000000de5b54362e53ef23,71405992,0x79d6f216c666281d01cf9f7f18c1befe47d39af1bf1a6f0cdb0ef629aeff9858,1765556285,2025-12-12T16:18:05.000Z